{"objects": [21, 29], "object_poses": {"21": [[-0.18741295987580736, -0.41493328311749106, -0.8903408072372831, 0.046180945265392376], [0.9818780735243854, -0.05316836786746164, -0.18190264811253937, -0.03973920358068143], [0.0281394954224974, -0.908297030282307, 0.4173783338623592, 0.6305755917777448], [0.0, 0.0, 0.0, 1.0]], "29": [[-0.9236454130303987, 0.16472958925113984, -0.34603946799905455, -0.0020724617143782196], [-0.13922609995121946, 0.6970016343884049, 0.7034236381813411, -0.09285241725033808], [0.3570647617453937, 0.6978917423820494, -0.6208477042195355, 0.5021314198601444], [0.0, 0.0, 0.0, 1.0]]}, "intrinsic": [[1387.14196777, 0.0, 949.0501709], [0.0, 1385.58874512, 538.76617432], [0.0, 0.0, 1.0]], "distortion": [0.0, 0.0, 0.0, 0.0, 0.0, 0.0, 0.0, 0.0]}