{"objects": [21, 29], "object_poses": {"21": [[-0.1862830891234769, -0.4187069883024897, -0.8888099170538551, 0.055750714802116894], [0.9820264540923198, -0.05138133431432365, -0.18161498271603824, -0.0398838241131586], [0.03037522295361096, -0.9066666512179358, 0.42075281270572873, 0.6344382646188739], [0.0, 0.0, 0.0, 1.0]], "29": [[-0.9223173909442695, 0.16830735921731724, -0.34785523310000943, 0.006916533524998475], [-0.13881394843067857, 0.6957854850215213, 0.7047079157739471, -0.09275494267636455], [0.36064015040322084, 0.6982515246432829, -0.618371644119043, 0.5061137634044098], [0.0, 0.0, 0.0, 1.0]]}, "intrinsic": [[1387.14196777, 0.0, 949.0501709], [0.0, 1385.58874512, 538.76617432], [0.0, 0.0, 1.0]], "distortion": [0.0, 0.0, 0.0, 0.0, 0.0, 0.0, 0.0, 0.0]}