{"objects": [21, 29], "object_poses": {"21": [[-0.18795901203462367, -0.4171693569804316, -0.8891800365457546, 0.04633286464660444], [0.981733820900346, -0.052608280090814974, -0.18284166310307065, -0.03918710379695446], [0.029497706612181023, -0.9073048531019924, 0.4194374671416517, 0.6303230185189908], [0.0, 0.0, 0.0, 1.0]], "29": [[-0.9226621423007749, 0.16603585823450873, -0.34803256305306945, -0.0022081324910789863], [-0.1401315791357899, 0.6964737125543298, 0.703766657529119, -0.09221451288547079], [0.3592460322590527, 0.6981092045669713, -0.6193430606739807, 0.5019517774510996], [0.0, 0.0, 0.0, 1.0]]}, "intrinsic": [[1387.14196777, 0.0, 949.0501709], [0.0, 1385.58874512, 538.76617432], [0.0, 0.0, 1.0]], "distortion": [0.0, 0.0, 0.0, 0.0, 0.0, 0.0, 0.0, 0.0]}