{"objects": [21, 29], "object_poses": {"21": [[-0.18712023527209845, -0.41439663168777363, -0.8906522605358114, 0.04618187505226845], [0.981940031457617, -0.05313065520356408, -0.18157893076746812, -0.04011520720511826], [0.02792475913470356, -0.9085442009739954, 0.4168544622572764, 0.6307846458761992], [0.0, 0.0, 0.0, 1.0]], "29": [[-0.9239066495180979, 0.1645243305898793, -0.345439209731914, -0.0020100323479339535], [-0.1388980663393397, 0.6970212322826902, 0.7034690674893401, -0.09322637362842408], [0.35651624106547136, 0.6979205874532448, -0.621130439976564, 0.5023165404439236], [0.0, 0.0, 0.0, 1.0]]}, "intrinsic": [[1387.14196777, 0.0, 949.0501709], [0.0, 1385.58874512, 538.76617432], [0.0, 0.0, 1.0]], "distortion": [0.0, 0.0, 0.0, 0.0, 0.0, 0.0, 0.0, 0.0]}