{"objects": [21, 29], "object_poses": {"21": [[-0.187194073021547, -0.4145374894838599, -0.8905711924591041, 0.04622564502180386], [0.9819240333675997, -0.05312882343046114, -0.1816659594310453, -0.039922006047167696], [0.027992351110807726, -0.9084800481756996, 0.4169897245088631, 0.6306972183934005], [0.0, 0.0, 0.0, 1.0]], "29": [[-0.9238386207602555, 0.16458021001478018, -0.34559449831166816, -0.001982543776954441], [-0.13898543075926592, 0.6970075571689602, 0.7034653618238988, -0.0930320836134043], [0.35665845402635254, 0.6979210698358801, -0.621048248891089, 0.5022347715666191], [0.0, 0.0, 0.0, 1.0]]}, "intrinsic": [[1387.14196777, 0.0, 949.0501709], [0.0, 1385.58874512, 538.76617432], [0.0, 0.0, 1.0]], "distortion": [0.0, 0.0, 0.0, 0.0, 0.0, 0.0, 0.0, 0.0]}