{"objects": [21, 29], "object_poses": {"21": [[-0.18778944087075589, -0.41700630922808674, -0.8892923388635626, 0.046389483949454954], [0.9817618179316281, -0.05236421617031188, -0.18276137917091714, -0.03936714080377792], [0.02964555192664561, -0.9073939204826346, 0.4192343191129855, 0.6305265359116122], [0.0, 0.0, 0.0, 1.0]], "29": [[-0.9227553842057802, 0.16602745835790023, -0.34778928101721573, -0.002136578061154263], [-0.14003406902750642, 0.6963135528351098, 0.7039445259747071, -0.09236188746822992], [0.3590445103756073, 0.6982709497103341, -0.6192775794098989, 0.5021361617288679], [0.0, 0.0, 0.0, 1.0]]}, "intrinsic": [[1387.14196777, 0.0, 949.0501709], [0.0, 1385.58874512, 538.76617432], [0.0, 0.0, 1.0]], "distortion": [0.0, 0.0, 0.0, 0.0, 0.0, 0.0, 0.0, 0.0]}