{"objects": [21, 29], "object_poses": {"21": [[-0.1874671137008631, -0.4158620655100972, -0.8898959623182651, 0.046361049739458454], [0.9818476341317793, -0.05274102530632251, -0.1821911293105907, -0.03959310077600378], [0.028832353884098, -0.9078970903793676, 0.4182003929340463, 0.6305635632037435], [0.0, 0.0, 0.0, 1.0]], "29": [[-0.923266153072299, 0.16538772106249874, -0.3467369497368937, -0.002019841558703047], [-0.1394867007635006, 0.6966600643110441, 0.7037103204474517, -0.09264498856907152], [0.3579428318896881, 0.6980771135883882, -0.6201332700177525, 0.5021420050063004], [0.0, 0.0, 0.0, 1.0]]}, "intrinsic": [[1387.14196777, 0.0, 949.0501709], [0.0, 1385.58874512, 538.76617432], [0.0, 0.0, 1.0]], "distortion": [0.0, 0.0, 0.0, 0.0, 0.0, 0.0, 0.0, 0.0]}