{"objects": [21, 29], "object_poses": {"21": [[-0.18787071559332844, -0.41783231799542986, -0.8888873653399648, 0.04672913855236383], [0.9817946012588865, -0.054090367863560786, -0.18208128141929056, -0.03763939793908088], [0.027999199298490804, -0.9069125570544044, 0.4203875101566349, 0.6308462972730944], [0.0, 0.0, 0.0, 1.0]], "29": [[-0.9224103071433771, 0.16659064220543895, -0.34843476176359545, -0.0019087632249102852], [-0.1394691825289856, 0.6976238981691619, 0.7027583111055807, -0.09087716489654446], [0.36014937512145484, 0.6968274209823061, -0.6202612134954022, 0.5025988616996722], [0.0, 0.0, 0.0, 1.0]]}, "intrinsic": [[1387.14196777, 0.0, 949.0501709], [0.0, 1385.58874512, 538.76617432], [0.0, 0.0, 1.0]], "distortion": [0.0, 0.0, 0.0, 0.0, 0.0, 0.0, 0.0, 0.0]}