{"objects": [21, 29], "object_poses": {"21": [[-0.18710696165372762, -0.4142217413023676, -0.8907363998025192, 0.04280394213154113], [0.9819391905946346, -0.052979824958016244, -0.1816275422995489, -0.04276382802885879], [0.028043018294517937, -0.9086327570475656, 0.4166534554579896, 0.6321660286416187], [0.0, 0.0, 0.0, 1.0]], "29": [[-0.923978294967256, 0.16440246806723854, -0.3453055732576833, -0.005364103246681573], [-0.13893655229183213, 0.6969082900918836, 0.7035733576809708, -0.09585386468424412], [0.35631551308731907, 0.6980620772500234, -0.6210866215261108, 0.5036802416321469], [0.0, 0.0, 0.0, 1.0]]}, "intrinsic": [[1387.14196777, 0.0, 949.0501709], [0.0, 1385.58874512, 538.76617432], [0.0, 0.0, 1.0]], "distortion": [0.0, 0.0, 0.0, 0.0, 0.0, 0.0, 0.0, 0.0]}