{"objects": [21, 29], "object_poses": {"21": [[-0.18625042217872265, -0.419938992216876, -0.888235342155518, 0.06824632830721443], [0.982072930028342, -0.05284719871729052, -0.18094179642438907, -0.042630334002117666], [0.02904376600575632, -0.9060123709992143, 0.42225352959163664, 0.6338094499419465], [0.0, 0.0, 0.0, 1.0]], "29": [[-0.9218249079579294, 0.16925041937687907, -0.348702071415011, 0.019238175485159614], [-0.1382380491231655, 0.696912492864897, 0.7037067706534204, -0.09570879275279], [0.362117495908433, 0.6968983231645746, -0.6190344468019741, 0.5056369559165304], [0.0, 0.0, 0.0, 1.0]]}, "intrinsic": [[1387.14196777, 0.0, 949.0501709], [0.0, 1385.58874512, 538.76617432], [0.0, 0.0, 1.0]], "distortion": [0.0, 0.0, 0.0, 0.0, 0.0, 0.0, 0.0, 0.0]}