{"objects": [21, 29], "object_poses": {"21": [[-0.3177400904869505, -0.3690569627466639, -0.8734060871928702, 0.08493706787074742], [0.9440243557232797, -0.20925604484761984, -0.2550096537309522, -0.008026661747419513], [-0.08865241507479046, -0.9055434091985575, 0.4148877961069359, 0.6215271395683684], [0.0, 0.0, 0.0, 1.0]], "29": [[-0.9097765982019494, 0.0433871276262668, -0.41282453720732804, 0.04915633404854078], [-0.22420496250053454, 0.785613323632346, 0.5766661430338016, -0.08107517300456604], [0.34934034429799254, 0.6171946717913969, -0.7050050077539061, 0.49892630702090573], [0.0, 0.0, 0.0, 1.0]]}, "intrinsic": [[1387.14196777, 0.0, 949.0501709], [0.0, 1385.58874512, 538.76617432], [0.0, 0.0, 1.0]], "distortion": [0.0, 0.0, 0.0, 0.0, 0.0, 0.0, 0.0, 0.0]}