{"objects": [21, 29], "object_poses": {"21": [[-0.18401753212542266, -0.41415545421444316, -0.8914105718550264, 0.07898528603907393], [0.9825643073907422, -0.05301072354422595, -0.17820562569983847, -0.011277202927237086], [0.026550512466278917, -0.9086611705876695, 0.4166892695451061, 0.6229807409212146], [0.0, 0.0, 0.0, 1.0]], "29": [[-0.924502359100953, 0.16642104704556487, -0.342927722876183, 0.030682809943060073], [-0.13549888798740567, 0.6974129453885709, 0.7037437281842187, -0.0644041322191703], [0.35628000136264526, 0.6970790620185819, -0.6222100464669009, 0.4945606870430294], [0.0, 0.0, 0.0, 1.0]]}, "intrinsic": [[1387.14196777, 0.0, 949.0501709], [0.0, 1385.58874512, 538.76617432], [0.0, 0.0, 1.0]], "distortion": [0.0, 0.0, 0.0, 0.0, 0.0, 0.0, 0.0, 0.0]}