{"objects": [21, 29], "object_poses": {"21": [[-0.2892411807473667, -0.38742780894749107, -0.8753509194683142, 0.08568639004352588], [0.9569164449922198, -0.14138550192634197, -0.25361596390702845, -0.00910028277407941], [-0.025504051900105688, -0.9109938708351395, 0.4116305511468943, 0.6220200779964854], [0.0, 0.0, 0.0, 1.0]], "29": [[-0.91160992436977, 0.07611772722566534, -0.4039473200710154, 0.046013114444659275], [-0.21771499979721384, 0.7441394015947732, 0.6315510508719632, -0.0732837987275651], [0.348665347652816, 0.6636735964283814, -0.6617928926408734, 0.49571165573503423], [0.0, 0.0, 0.0, 1.0]]}, "intrinsic": [[1387.14196777, 0.0, 949.0501709], [0.0, 1385.58874512, 538.76617432], [0.0, 0.0, 1.0]], "distortion": [0.0, 0.0, 0.0, 0.0, 0.0, 0.0, 0.0, 0.0]}