{"objects": [21, 29], "object_poses": {"21": [[-0.3048728266126024, -0.37833755785570816, -0.8740213109009575, 0.08555461996505874], [0.950712704128023, -0.1753876290661945, -0.2557039964101535, -0.008832548945241906], [-0.05655009993648298, -0.90890036411387, 0.413161244928488, 0.6216965815797003], [0.0, 0.0, 0.0, 1.0]], "29": [[-0.910407754514697, 0.05889875501595778, -0.40949805515666504, 0.04787856371241046], [-0.22233978020632683, 0.7650640837283941, 0.6043525212379309, -0.07746783825875068], [0.3488878654486665, 0.641254929373968, -0.6834247382823334, 0.49712924277385495], [0.0, 0.0, 0.0, 1.0]]}, "intrinsic": [[1387.14196777, 0.0, 949.0501709], [0.0, 1385.58874512, 538.76617432], [0.0, 0.0, 1.0]], "distortion": [0.0, 0.0, 0.0, 0.0, 0.0, 0.0, 0.0, 0.0]}