{"objects": [21, 29], "object_poses": {"21": [[-0.27100260360919326, -0.3962782234751592, -0.8772235510041999, 0.08631527975167028], [0.9625667572158129, -0.10704271812202878, -0.24901223745046228, -0.01015080933432665], [0.004777733780296486, -0.9118691935230776, 0.4104530998342038, 0.6225278835191888], [0.0, 0.0, 0.0, 1.0]], "29": [[-0.913216338890355, 0.0949045243254002, -0.39626891077433773, 0.04455698000238445], [-0.2105858960151308, 0.722635200186447, 0.6583706766336177, -0.06981165079621854], [0.34884021956078803, 0.6846835025864676, -0.6399367175766082, 0.49468368752586306], [0.0, 0.0, 0.0, 1.0]]}, "intrinsic": [[1387.14196777, 0.0, 949.0501709], [0.0, 1385.58874512, 538.76617432], [0.0, 0.0, 1.0]], "distortion": [0.0, 0.0, 0.0, 0.0, 0.0, 0.0, 0.0, 0.0]}