{"objects": [21, 29], "object_poses": {"21": [[-0.20268786457427948, -0.42980512467230036, -0.8798779371934238, 0.0805497219792279], [0.9786011773349448, -0.05636792823736819, -0.19789490237216661, -0.006373792460103896], [0.03545934676471967, -0.901160480420476, 0.4320328960338162, 0.6207152660405884], [0.0, 0.0, 0.0, 1.0]], "29": [[-0.9149128788434547, 0.16562887813897426, -0.36810528229410205, 0.030924873870656136], [-0.15553027396047053, 0.6968760918556891, 0.7001243078780591, -0.05976450400881416], [0.3724845741882215, 0.69780426147049, -0.6118206066041411, 0.4929102723134431], [0.0, 0.0, 0.0, 1.0]]}, "intrinsic": [[1387.14196777, 0.0, 949.0501709], [0.0, 1385.58874512, 538.76617432], [0.0, 0.0, 1.0]], "distortion": [0.0, 0.0, 0.0, 0.0, 0.0, 0.0, 0.0, 0.0]}