{"objects": [21, 29], "object_poses": {"21": [[-0.22364439607866002, -0.4292857506025367, -0.8750411009959679, 0.08425840953819212], [0.9740759466359153, -0.06708062393408946, -0.21604684695213994, -0.0068944304001763365], [0.03404752983637897, -0.90067415540929, 0.4331591295237965, 0.6205745271772528], [0.0, 0.0, 0.0, 1.0]], "29": [[-0.911030858239002, 0.1512245524633016, -0.3836064520685165, 0.0356803745585626], [-0.17454339508437927, 0.7014262213011091, 0.6910396944486438, -0.06155035277477773], [0.3735737926685212, 0.6965144584310735, -0.612625685576226, 0.4929022329315102], [0.0, 0.0, 0.0, 1.0]]}, "intrinsic": [[1387.14196777, 0.0, 949.0501709], [0.0, 1385.58874512, 538.76617432], [0.0, 0.0, 1.0]], "distortion": [0.0, 0.0, 0.0, 0.0, 0.0, 0.0, 0.0, 0.0]}