{"objects": [21, 29], "object_poses": {"21": [[-0.18467882968383534, -0.41897651666145347, -0.8890176648148514, 0.0776999810243624], [0.9823996361894646, -0.052915638669743824, -0.17913930333397748, -0.030505487591471432], [0.02801222378566771, -0.906453867370213, 0.42137477576164406, 0.628956395776849], [0.0, 0.0, 0.0, 1.0]], "29": [[-0.9224678208642827, 0.1695828032000471, -0.34683539659142254, 0.028753448612852343], [-0.1364308406774788, 0.6972151523916634, 0.7037596585394155, -0.08361053675699884], [0.36116442956353756, 0.6965146833587168, -0.6200222178952675, 0.5007713702509009], [0.0, 0.0, 0.0, 1.0]]}, "intrinsic": [[1387.14196777, 0.0, 949.0501709], [0.0, 1385.58874512, 538.76617432], [0.0, 0.0, 1.0]], "distortion": [0.0, 0.0, 0.0, 0.0, 0.0, 0.0, 0.0, 0.0]}