{"objects": [21, 29], "object_poses": {"21": [[-0.2491913855548685, -0.40974382841817353, -0.8775042156243299, 0.08581026688738044], [0.9681087354945206, -0.08119118721704323, -0.23700942465963312, -0.009666977667271048], [0.02586753997672763, -0.9085802034996763, 0.41690872404406343, 0.6215233504091132], [0.0, 0.0, 0.0, 1.0]], "29": [[-0.9133762122073709, 0.11953661103457468, -0.3891720616849286, 0.041154581232626566], [-0.19665028559888328, 0.7074676336210918, 0.6788359246183571, -0.06599200770044387], [0.35647238342908216, 0.6965633826156465, -0.6226771987566697, 0.49314628555117973], [0.0, 0.0, 0.0, 1.0]]}, "intrinsic": [[1387.14196777, 0.0, 949.0501709], [0.0, 1385.58874512, 538.76617432], [0.0, 0.0, 1.0]], "distortion": [0.0, 0.0, 0.0, 0.0, 0.0, 0.0, 0.0, 0.0]}