{"objects": [21, 29], "object_poses": {"21": [[-0.33727084262712687, -0.3508188463026464, -0.8735986010705805, 0.08544719929607614], [0.9288867727308625, -0.2748578496426479, -0.24823884856215725, -0.007481148882925823], [-0.15302856648101004, -0.8951979108379932, 0.4185725245068876, 0.6216472294690778], [0.0, 0.0, 0.0, 1.0]], "29": [[-0.9096658530634503, 0.016753334396414864, -0.41500284523959735, 0.05312359029769641], [-0.22251104954898324, 0.8240440337341601, 0.5209992929896865, -0.08898128083814849], [0.35070909397814676, 0.5662779849629918, -0.7458769168886354, 0.5034938425363571], [0.0, 0.0, 0.0, 1.0]]}, "intrinsic": [[1387.14196777, 0.0, 949.0501709], [0.0, 1385.58874512, 538.76617432], [0.0, 0.0, 1.0]], "distortion": [0.0, 0.0, 0.0, 0.0, 0.0, 0.0, 0.0, 0.0]}