{"objects": [21, 29], "object_poses": {"21": [[-0.3059371422619102, -0.27884820556379514, -0.9103000292422687, 0.09219884773922085], [0.899800936256749, -0.397090161974326, -0.1807696832289233, -0.008594642853001988], [-0.3110638842683222, -0.8743929788813856, 0.3723925058145635, 0.6297888988567731], [0.0, 0.0, 0.0, 1.0]], "29": [[-0.9400173588493058, -0.01601743119221273, -0.34075035870853215, 0.06848819718747537], [-0.1647224397014942, 0.8960352147151094, 0.4122952969041052, -0.10585518027897928], [0.2987204092806193, 0.44369396647741427, -0.8449270863161943, 0.5219672731915331], [0.0, 0.0, 0.0, 1.0]]}, "intrinsic": [[1387.14196777, 0.0, 949.0501709], [0.0, 1385.58874512, 538.76617432], [0.0, 0.0, 1.0]], "distortion": [0.0, 0.0, 0.0, 0.0, 0.0, 0.0, 0.0, 0.0]}