{"objects": [21, 29], "object_poses": {"21": [[-0.31401970045898553, -0.2985094963330096, -0.9012678338444514, 0.09056934676939787], [0.9058007305316033, -0.37861585503838474, -0.19019745235404745, -0.007217909000838019], [-0.28445854582357877, -0.8760948093172184, 0.38928295723723927, 0.6254711508912562], [0.0, 0.0, 0.0, 1.0]], "29": [[-0.9326944304613309, -0.006761369402183437, -0.3606041919754058, 0.06448444485221178], [-0.17261511822393083, 0.8862476552629871, 0.42984778061705115, -0.10217209222514535], [0.31667825998475047, 0.46316236615756523, -0.8277653666519099, 0.5161523920653003], [0.0, 0.0, 0.0, 1.0]]}, "intrinsic": [[1387.14196777, 0.0, 949.0501709], [0.0, 1385.58874512, 538.76617432], [0.0, 0.0, 1.0]], "distortion": [0.0, 0.0, 0.0, 0.0, 0.0, 0.0, 0.0, 0.0]}