{"objects": [21, 29], "object_poses": {"21": [[-0.28803036575418584, -0.23195415962473442, -0.9291048252141959, 0.09647706362981993], [0.9248067266643489, -0.3191838032691123, -0.20701260359465937, -0.008578087837027487], [-0.24853777724902082, -0.9188683080634871, 0.3064473946971469, 0.6295388623850048], [0.0, 0.0, 0.0, 1.0]], "29": [[-0.9548180568231713, -0.038967991488508935, -0.29462514149982255, 0.07849057795542769], [-0.1845499686091023, 0.8548031129292251, 0.4850288107039562, -0.09611223214246677], [0.23294588953407216, 0.5174873271548469, -0.8233729888594391, 0.5126561435388406], [0.0, 0.0, 0.0, 1.0]]}, "intrinsic": [[1387.14196777, 0.0, 949.0501709], [0.0, 1385.58874512, 538.76617432], [0.0, 0.0, 1.0]], "distortion": [0.0, 0.0, 0.0, 0.0, 0.0, 0.0, 0.0, 0.0]}