{"objects": [21, 29], "object_poses": {"21": [[-0.3467556871653489, -0.33308470206070767, -0.8768210049215428, 0.08934921006544243], [0.9140377006325107, -0.3297610108314346, -0.2362049058717168, -0.005279845614587331], [-0.21046514020360163, -0.8833528496521467, 0.4187984810986301, 0.6235036741477], [0.0, 0.0, 0.0, 1.0]], "29": [[-0.9121418681155176, -0.002799635590550037, -0.4098650686156467, 0.059946042456451284], [-0.21484821228101436, 0.8548532667117656, 0.4722987805106888, -0.0937576873886566], [0.3490522283418399, 0.5188622692322049, -0.7803489523647856, 0.5096861214564197], [0.0, 0.0, 0.0, 1.0]]}, "intrinsic": [[1387.14196777, 0.0, 949.0501709], [0.0, 1385.58874512, 538.76617432], [0.0, 0.0, 1.0]], "distortion": [0.0, 0.0, 0.0, 0.0, 0.0, 0.0, 0.0, 0.0]}