{"objects": [21, 29], "object_poses": {"21": [[-0.33992479415858523, -0.3164412881351831, -0.8856161953575584, 0.09123655820371293], [0.9088453906210653, -0.3526183315503678, -0.22284606391292128, -0.006394635633244328], [-0.2417668096805042, -0.8806390994147312, 0.4074599198926579, 0.6246040679942544], [0.0, 0.0, 0.0, 1.0]], "29": [[-0.9194868910226789, -0.010662886296896247, -0.3929760299220324, 0.06384486008904289], [-0.20329060271946953, 0.8684948522296215, 0.4520947052295698, -0.0978319164591989], [0.33647702459963064, 0.49558348893650345, -0.8007372961278357, 0.5126387671166059], [0.0, 0.0, 0.0, 1.0]]}, "intrinsic": [[1387.14196777, 0.0, 949.0501709], [0.0, 1385.58874512, 538.76617432], [0.0, 0.0, 1.0]], "distortion": [0.0, 0.0, 0.0, 0.0, 0.0, 0.0, 0.0, 0.0]}