{"objects": [21, 29], "object_poses": {"21": [[-0.3411351443260926, -0.34173019176267105, -0.8756981725134931, 0.08723941426922174], [0.9219601698366788, -0.3033356922019368, -0.24078393441236354, -0.00790174639690766], [-0.18334737123924197, -0.8894986980733742, 0.4185400907743977, 0.622266369852678], [0.0, 0.0, 0.0, 1.0]], "29": [[-0.9113351414003069, 0.0073954187176024895, -0.41159879473935335, 0.05636639363527789], [-0.21729135743749595, 0.840568188773865, 0.4962152617608644, -0.09305859114557348], [0.3496465730303539, 0.5416552665703762, -0.7644323686008587, 0.5063246670859007], [0.0, 0.0, 0.0, 1.0]]}, "intrinsic": [[1387.14196777, 0.0, 949.0501709], [0.0, 1385.58874512, 538.76617432], [0.0, 0.0, 1.0]], "distortion": [0.0, 0.0, 0.0, 0.0, 0.0, 0.0, 0.0, 0.0]}