{"objects": [21, 29], "object_poses": {"21": [[-0.2938208648706597, -0.24319811656043433, -0.924404660020774, 0.09335747913887596], [0.8984951206855317, -0.4002551978484072, -0.1802839280125328, -0.009633556847241043], [-0.32615305834983627, -0.8835442562185538, 0.33611564949025935, 0.62998228153448], [0.0, 0.0, 0.0, 1.0]], "29": [[-0.951148125749594, -0.03446927614596466, -0.3068046803505822, 0.07406823982166467], [-0.16450887751663104, 0.8975048063045163, 0.4091722765272833, -0.1072751218668933], [0.2612548030204801, 0.43965553750894115, -0.8593305162953705, 0.5216247249075958], [0.0, 0.0, 0.0, 1.0]]}, "intrinsic": [[1387.14196777, 0.0, 949.0501709], [0.0, 1385.58874512, 538.76617432], [0.0, 0.0, 1.0]], "distortion": [0.0, 0.0, 0.0, 0.0, 0.0, 0.0, 0.0, 0.0]}