{"objects": [21, 29], "object_poses": {"21": [[-0.3289625419535303, -0.35963381467177713, -0.8731822062640224, 0.08586976189092378], [0.9364132238161608, -0.2438019611051355, -0.2523705173420982, -0.004487460787590818], [-0.12212256242684728, -0.9006798116455836, 0.4169675726485055, 0.6218564222542564], [0.0, 0.0, 0.0, 1.0]], "29": [[-0.9094496457882776, 0.028870314803792783, -0.41481061546050235, 0.05192777577903765], [-0.22421953964738334, 0.8060769640376866, 0.5476910863690505, -0.08200251729172384], [0.35018129563971545, 0.5911061097391282, -0.7266131207273784, 0.5014958487884672], [0.0, 0.0, 0.0, 1.0]]}, "intrinsic": [[1387.14196777, 0.0, 949.0501709], [0.0, 1385.58874512, 538.76617432], [0.0, 0.0, 1.0]], "distortion": [0.0, 0.0, 0.0, 0.0, 0.0, 0.0, 0.0, 0.0]}