{"objects": [21, 29], "object_poses": {"21": [[-0.2943753556667466, -0.2161215237075417, -0.9309321333837475, 0.09485962995140038], [0.9058086940902462, -0.37368339246066784, -0.19967807067781154, -0.011288719161810956], [-0.3047191488676118, -0.902026723101608, 0.30576793671668995, 0.6310376776033979], [0.0, 0.0, 0.0, 1.0]], "29": [[-0.9558838511908181, -0.05497674083039698, -0.28855436402919493, 0.07938022807917104], [-0.1817370473236823, 0.8824373627092207, 0.4339077626925727, -0.10554578824765548], [0.230776317378316, 0.46720644137519435, -0.8534989352511484, 0.5191301126397351], [0.0, 0.0, 0.0, 1.0]]}, "intrinsic": [[1387.14196777, 0.0, 949.0501709], [0.0, 1385.58874512, 538.76617432], [0.0, 0.0, 1.0]], "distortion": [0.0, 0.0, 0.0, 0.0, 0.0, 0.0, 0.0, 0.0]}