{"objects": [21, 29], "object_poses": {"21": [[-0.29304002729606443, -0.22132506099929225, -0.9301305068515868, 0.09570560462422857], [0.9154407304439558, -0.3456341518787593, -0.2061681403594907, -0.007752674556980532], [-0.27585469263103113, -0.9118948680789457, 0.3038946168077507, 0.6304421474009977], [0.0, 0.0, 0.0, 1.0]], "29": [[-0.9553679994919849, -0.05021659529663832, -0.2911190119238385, 0.07943707066124199], [-0.18589783285168135, 0.8680684065059496, 0.4603251430970053, -0.09854017997357971], [0.2295952553685473, 0.49389830449500904, -0.8386599331846135, 0.51581111445617], [0.0, 0.0, 0.0, 1.0]]}, "intrinsic": [[1387.14196777, 0.0, 949.0501709], [0.0, 1385.58874512, 538.76617432], [0.0, 0.0, 1.0]], "distortion": [0.0, 0.0, 0.0, 0.0, 0.0, 0.0, 0.0, 0.0]}