{"objects": [21, 29], "object_poses": {"21": [[-0.2428879909751923, -0.21944446169453016, -0.9449071658483923, 0.0798949160361819], [0.9412705890696306, -0.28884096705843015, -0.1748730222225946, 0.0018050575248678147], [-0.23455298333755478, -0.931887881657636, 0.2767126199274342, 0.6505365379297351], [0.0, 0.0, 0.0, 1.0]], "29": [[-0.9676419388443039, -0.01811127483198878, -0.25167649853256496, 0.06156013234040428], [-0.1497385038299886, 0.8440261270127921, 0.5149740550654477, -0.08229683969824694], [0.2030947036739514, 0.5359961554374767, -0.8194270331736973, 0.5312133773892359], [0.0, 0.0, 0.0, 1.0]]}, "intrinsic": [[1387.14196777, 0.0, 949.0501709], [0.0, 1385.58874512, 538.76617432], [0.0, 0.0, 1.0]], "distortion": [0.0, 0.0, 0.0, 0.0, 0.0, 0.0, 0.0, 0.0]}