{"objects": [21, 29], "object_poses": {"21": [[-0.26971969090079456, -0.22382179654874373, -0.9365655832508907, 0.09023249474747821], [0.9337067490967107, -0.2986180377140946, -0.19753221064686896, -0.004361446715770351], [-0.235463362397708, -0.9277559328516766, 0.2895270868621624, 0.6394286512893347], [0.0, 0.0, 0.0, 1.0]], "29": [[-0.9608643821307997, -0.032787737964754045, -0.2750719967418838, 0.07253241872191417], [-0.1733231402936161, 0.845758769522717, 0.504629758153627, -0.08945160938282386], [0.21609888521501813, 0.5325571030552353, -0.8183423512163208, 0.5207118387602927], [0.0, 0.0, 0.0, 1.0]]}, "intrinsic": [[1387.14196777, 0.0, 949.0501709], [0.0, 1385.58874512, 538.76617432], [0.0, 0.0, 1.0]], "distortion": [0.0, 0.0, 0.0, 0.0, 0.0, 0.0, 0.0, 0.0]}