{"objects": [21, 29], "object_poses": {"21": [[-0.25554860433142706, -0.08046995210159472, -0.9634414863566111, 0.07238760250315046], [0.9293092044679565, -0.29525204259188437, -0.22183469935169528, 0.0013537982976386115], [-0.2666070391332451, -0.9520245890490933, 0.1502327145814687, 0.682712842296602], [0.0, 0.0, 0.0, 1.0]], "29": [[-0.9774848805767336, -0.12970842087196355, -0.16643026707545613, 0.07405114808818425], [-0.19752679700470133, 0.8398767450906055, 0.5055593115758843, -0.08303733687057763], [0.07420561103427369, 0.5270510208802572, -0.8465877087934369, 0.5622027639953312], [0.0, 0.0, 0.0, 1.0]]}, "intrinsic": [[1387.14196777, 0.0, 949.0501709], [0.0, 1385.58874512, 538.76617432], [0.0, 0.0, 1.0]], "distortion": [0.0, 0.0, 0.0, 0.0, 0.0, 0.0, 0.0, 0.0]}