{"objects": [21, 29], "object_poses": {"21": [[-0.22089570203153375, -0.21149979466017912, -0.9520887173382038, 0.06327197823005098], [0.9526716047422163, -0.2558440158233051, -0.1641969947511142, 0.012235680997479875], [-0.20885857019018406, -0.943298296630559, 0.25800469226741995, 0.66699462226635], [0.0, 0.0, 0.0, 1.0]], "29": [[-0.9732514224869616, -0.009309049173356372, -0.2295539375192881, 0.04502513162794976], [-0.13637920705429535, 0.8274961994489993, 0.5446565447882842, -0.0678059732575844], [0.18488477630774358, 0.5613941409570996, -0.8066314139609794, 0.5448975452158973], [0.0, 0.0, 0.0, 1.0]]}, "intrinsic": [[1387.14196777, 0.0, 949.0501709], [0.0, 1385.58874512, 538.76617432], [0.0, 0.0, 1.0]], "distortion": [0.0, 0.0, 0.0, 0.0, 0.0, 0.0, 0.0, 0.0]}