{"objects": [21, 29], "object_poses": {"21": [[-0.2488626841315303, -0.12367623625420776, -0.9606099900755002, 0.07136983729789717], [0.9361761320882064, -0.28495997360703423, -0.20584475497385632, 0.003961542449648761], [-0.24827729287072922, -0.9505272231913612, 0.1866986443895899, 0.6783737473004947], [0.0, 0.0, 0.0, 1.0]], "29": [[-0.9772181308692615, -0.0932148448161387, -0.19067175303727327, 0.06669044514250802], [-0.18058771077870053, 0.8371753130675796, 0.5162611489410348, -0.07933033964401832], [0.11150248165898755, 0.5389327303997348, -0.8349363500817214, 0.5571802007832696], [0.0, 0.0, 0.0, 1.0]]}, "intrinsic": [[1387.14196777, 0.0, 949.0501709], [0.0, 1385.58874512, 538.76617432], [0.0, 0.0, 1.0]], "distortion": [0.0, 0.0, 0.0, 0.0, 0.0, 0.0, 0.0, 0.0]}