{"objects": [21, 29], "object_poses": {"21": [[-0.26159692981605975, -0.04707176061108784, -0.9640286798969177, 0.07400121731559775], [0.9208378986718202, -0.3114280230760781, -0.23467030236609784, -9.440053231603296e-05], [-0.28917920167342687, -0.9491031744736218, 0.12481407582328596, 0.6843503444930679], [0.0, 0.0, 0.0, 1.0]], "29": [[-0.9761356813766973, -0.15848163152776434, -0.14846785514570865, 0.08060735709711894], [-0.21178671695419693, 0.8459044576688922, 0.4894813939443143, -0.08633381330729928], [0.04801581057351921, 0.509243773613586, -0.859281828605013, 0.5653275204109401], [0.0, 0.0, 0.0, 1.0]]}, "intrinsic": [[1387.14196777, 0.0, 949.0501709], [0.0, 1385.58874512, 538.76617432], [0.0, 0.0, 1.0]], "distortion": [0.0, 0.0, 0.0, 0.0, 0.0, 0.0, 0.0, 0.0]}