{"objects": [21, 29], "object_poses": {"21": [[-0.2262674253720712, -0.21509264044936235, -0.9500201093871775, 0.0652319480603682], [0.9462498857428961, -0.27994908813533664, -0.1619866098903011, 0.011973794844669663], [-0.231115135694425, -0.9356087131256973, 0.2668747458569906, 0.661028607085939], [0.0, 0.0, 0.0, 1.0]], "29": [[-0.9716774356626924, -0.010231860220355127, -0.2360895382273898, 0.04673279448313376], [-0.13607331192261743, 0.8410338815542254, 0.5235895948739356, -0.0711329369700379], [0.1932020051821479, 0.5408856802636527, -0.8186059284413576, 0.5410354302171011], [0.0, 0.0, 0.0, 1.0]]}, "intrinsic": [[1387.14196777, 0.0, 949.0501709], [0.0, 1385.58874512, 538.76617432], [0.0, 0.0, 1.0]], "distortion": [0.0, 0.0, 0.0, 0.0, 0.0, 0.0, 0.0, 0.0]}