{"objects": [21, 29], "object_poses": {"21": [[-0.23971884518744282, -0.1559664679020715, -0.9582324019527623, 0.06993298149306598], [0.9421774187408992, -0.27544609253317204, -0.19086948871662712, 0.006403785222914404], [-0.23417213087115507, -0.9485799444424109, 0.21297770335155644, 0.6746760205087096], [0.0, 0.0, 0.0, 1.0]], "29": [[-0.9765655418256406, -0.06314512134054995, -0.20574847792802026, 0.06031917428532774], [-0.1647517967565107, 0.8344484086316568, 0.5258827804726123, -0.07585596470624223], [0.1384795580015772, 0.547456433867566, -0.825296834498175, 0.5530692020171583], [0.0, 0.0, 0.0, 1.0]]}, "intrinsic": [[1387.14196777, 0.0, 949.0501709], [0.0, 1385.58874512, 538.76617432], [0.0, 0.0, 1.0]], "distortion": [0.0, 0.0, 0.0, 0.0, 0.0, 0.0, 0.0, 0.0]}