{"objects": [21, 29], "object_poses": {"21": [[-0.21524156923642426, -0.2194438800751272, -0.9515857556574833, 0.060649661836929866], [0.9519932969974304, -0.26434347225017574, -0.15437386809523726, 0.015037070319926335], [-0.21766908219727923, -0.9391309345220726, 0.265806806683164, 0.663244531227676], [0.0, 0.0, 0.0, 1.0]], "29": [[-0.9730144445021762, 0.00037901116902589577, -0.230743899465774, 0.04102985812811907], [-0.12718363903143656, 0.8334984568753209, 0.5376845212103367, -0.06616835239582645], [0.1925284725770718, 0.552521654541252, -0.8109578339902455, 0.5421327949051558], [0.0, 0.0, 0.0, 1.0]]}, "intrinsic": [[1387.14196777, 0.0, 949.0501709], [0.0, 1385.58874512, 538.76617432], [0.0, 0.0, 1.0]], "distortion": [0.0, 0.0, 0.0, 0.0, 0.0, 0.0, 0.0, 0.0]}