{"objects": [21, 29], "object_poses": {"21": [[-0.22979491009121536, -0.18423467406753613, -0.9556421318503113, 0.06742619657793474], [0.9476943889903177, -0.2658508956734108, -0.17663138550641758, 0.009096735849984966], [-0.22151669095677837, -0.9462456795890176, 0.23568934954020648, 0.67088055639359], [0.0, 0.0, 0.0, 1.0]], "29": [[-0.9753979434562066, -0.035519990344813866, -0.21757109685646067, 0.05340243527212325], [-0.14966772633462297, 0.8313222303227085, 0.5352596762928353, -0.07209618219481154], [0.16185927095858535, 0.5546545588536995, -0.8161861900005272, 0.5489857073257125], [0.0, 0.0, 0.0, 1.0]]}, "intrinsic": [[1387.14196777, 0.0, 949.0501709], [0.0, 1385.58874512, 538.76617432], [0.0, 0.0, 1.0]], "distortion": [0.0, 0.0, 0.0, 0.0, 0.0, 0.0, 0.0, 0.0]}