{"objects": [21, 29], "object_poses": {"21": [[-0.13202787176029426, 0.034261438417759464, -0.9906537209923572, 0.07775114267623418], [0.9394692403842851, -0.31445089634640216, -0.13608152026899756, -0.006385547498270944], [-0.3161742991614336, -0.9486552522515745, 0.009328715092929006, 0.6824569517015657], [0.0, 0.0, 0.0, 1.0]], "29": [[-0.9912600421768606, -0.1318686714687767, 0.003765935289738561, 0.08967675778038406], [-0.11285684369813566, 0.8624388446760147, 0.49341926596395097, -0.09401442236825278], [-0.06831443196016747, 0.48868179081992696, -0.8697834475931353, 0.564871790884051], [0.0, 0.0, 0.0, 1.0]]}, "intrinsic": [[1387.14196777, 0.0, 949.0501709], [0.0, 1385.58874512, 538.76617432], [0.0, 0.0, 1.0]], "distortion": [0.0, 0.0, 0.0, 0.0, 0.0, 0.0, 0.0, 0.0]}