{"objects": [21, 29], "object_poses": {"21": [[-0.26872373167025737, -0.0025784955616721004, -0.9632138430264899, 0.0731590119878576], [0.9117550663552647, -0.3231706672976144, -0.2535023052635325, -0.0017127817637768994], [-0.3106288058321716, -0.9463371868203536, 0.08919458407451322, 0.6875139945066453], [0.0, 0.0, 0.0, 1.0]], "29": [[-0.9727031817822049, -0.19615842527359453, -0.12397738642581788, 0.0863046399531961], [-0.2317576724253259, 0.8481360159920786, 0.4763965571339585, -0.08914748498048966], [0.011700488143148564, 0.4921251574257085, -0.8704458214075965, 0.5699143550944672], [0.0, 0.0, 0.0, 1.0]]}, "intrinsic": [[1387.14196777, 0.0, 949.0501709], [0.0, 1385.58874512, 538.76617432], [0.0, 0.0, 1.0]], "distortion": [0.0, 0.0, 0.0, 0.0, 0.0, 0.0, 0.0, 0.0]}