{"objects": [21, 29], "object_poses": {"21": [[-0.12795654812503057, 0.017410857228116344, -0.9916269378362604, 0.07774408449919015], [0.9478278434485133, -0.2922030481748367, -0.12743530837675035, -0.006053995504810478], [-0.29197517184800015, -0.9561978041639315, 0.020886798136950838, 0.6811114380302805], [0.0, 0.0, 0.0, 1.0]], "29": [[-0.993158705289931, -0.11668778131637979, -0.004443849491910432, 0.08712959297603398], [-0.10237502735204303, 0.8517716071064462, 0.513813665740781, -0.09097810023044256], [-0.0561706318418595, 0.5107534542406665, -0.8578903013204691, 0.5613319793645601], [0.0, 0.0, 0.0, 1.0]]}, "intrinsic": [[1387.14196777, 0.0, 949.0501709], [0.0, 1385.58874512, 538.76617432], [0.0, 0.0, 1.0]], "distortion": [0.0, 0.0, 0.0, 0.0, 0.0, 0.0, 0.0, 0.0]}