{"objects": [21, 29], "object_poses": {"21": [[-0.139752632618505, 0.06520624828547682, -0.988037118159404, 0.0759027517998101], [0.9222384580133463, -0.35469033075982387, -0.1538538131690454, -0.0031319397807321736], [-0.3604794421841069, -0.9327073037400465, -0.010566802383617895, 0.6859854130580926], [0.0, 0.0, 0.0, 1.0]], "29": [[-0.9869581743939366, -0.15989942577153746, 0.018593967702963288, 0.09250385226861849], [-0.13404029428469305, 0.8802723872418031, 0.45514143270822816, -0.09555208958271298], [-0.08914461007306071, 0.446713216613925, -0.8902249943679258, 0.57271481040729], [0.0, 0.0, 0.0, 1.0]]}, "intrinsic": [[1387.14196777, 0.0, 949.0501709], [0.0, 1385.58874512, 538.76617432], [0.0, 0.0, 1.0]], "distortion": [0.0, 0.0, 0.0, 0.0, 0.0, 0.0, 0.0, 0.0]}