{"objects": [21, 29], "object_poses": {"21": [[-0.26945325688922767, 0.033673102667286875, -0.9624245760102742, 0.07382495535747333], [0.901798323594624, -0.3418069866135854, -0.2644385892113136, -0.002595814927109835], [-0.3378679119326311, -0.9391667083425108, 0.06173465823493622, 0.6880404556864389], [0.0, 0.0, 0.0, 1.0]], "29": [[-0.969545722074589, -0.2234363438419019, -0.10028605614663254, 0.09206139878865174], [-0.24435670711364957, 0.8550166336978239, 0.45742360650563774, -0.09215451222984232], [-0.016458812091267486, 0.4679986713128735, -0.8835758887350543, 0.5727409243799716], [0.0, 0.0, 0.0, 1.0]]}, "intrinsic": [[1387.14196777, 0.0, 949.0501709], [0.0, 1385.58874512, 538.76617432], [0.0, 0.0, 1.0]], "distortion": [0.0, 0.0, 0.0, 0.0, 0.0, 0.0, 0.0, 0.0]}