{"objects": [21, 29], "object_poses": {"21": [[-0.13342469526187073, 0.048508309713603155, -0.9898710999837383, 0.07746017853166659], [0.9305484470906641, -0.3375268777543188, -0.14196899101767885, -0.006568694876722292], [-0.34099477754275426, -0.9400651842729623, -0.00010491146792372846, 0.6840224959892485], [0.0, 0.0, 0.0, 1.0]], "29": [[-0.9895998359437775, -0.14332772577321354, 0.012219972370898214, 0.09143788389134164], [-0.12067002371908254, 0.873389089623857, 0.47183709424085657, -0.09699432859912563], [-0.07830012819722658, 0.4654553266970942, -0.8816010598755032, 0.5688047084308514], [0.0, 0.0, 0.0, 1.0]]}, "intrinsic": [[1387.14196777, 0.0, 949.0501709], [0.0, 1385.58874512, 538.76617432], [0.0, 0.0, 1.0]], "distortion": [0.0, 0.0, 0.0, 0.0, 0.0, 0.0, 0.0, 0.0]}