{"objects": [21, 29], "object_poses": {"21": [[-0.15310894773185788, 0.10066894061584643, -0.9830683671646329, 0.07439968104335365], [0.9115290958932599, -0.36982813324141345, -0.17983842526888177, -0.0039096713917198544], [-0.3816704828310171, -0.9236302919775112, -0.035138672101862674, 0.68866514750453], [0.0, 0.0, 0.0, 1.0]], "29": [[-0.980273772100294, -0.19501912398327179, 0.032107211231706775, 0.09656735859588711], [-0.16144112788670495, 0.8837915681708471, 0.43914601928833696, -0.09791572508111854], [-0.11401795454641088, 0.4252999004360598, -0.8978418016165994, 0.577675211056468], [0.0, 0.0, 0.0, 1.0]]}, "intrinsic": [[1387.14196777, 0.0, 949.0501709], [0.0, 1385.58874512, 538.76617432], [0.0, 0.0, 1.0]], "distortion": [0.0, 0.0, 0.0, 0.0, 0.0, 0.0, 0.0, 0.0]}