{"objects": [21, 29], "object_poses": {"21": [[-0.17918541995224943, 0.11884124361472916, -0.9766111529634767, 0.07329382013653402], [0.9000854268313031, -0.3809382254540517, -0.21150010116742912, -0.003895680614844965], [-0.3971634546159168, -0.9169312009109685, -0.03870869558027554, 0.688872157608252], [0.0, 0.0, 0.0, 1.0]], "29": [[-0.9738435364473645, -0.2258918396893883, 0.024528417834287115, 0.09920870891274464], [-0.19426731882824325, 0.883737522181334, 0.4257560342779547, -0.09888581893462245], [-0.1178514970418025, 0.4098546921172797, -0.9045054759339309, 0.5795442004665482], [0.0, 0.0, 0.0, 1.0]]}, "intrinsic": [[1387.14196777, 0.0, 949.0501709], [0.0, 1385.58874512, 538.76617432], [0.0, 0.0, 1.0]], "distortion": [0.0, 0.0, 0.0, 0.0, 0.0, 0.0, 0.0, 0.0]}