{"objects": [21, 29], "object_poses": {"21": [[-0.2517719178972783, 0.07702594055422622, -0.9647164898767272, 0.07257384961770469], [0.8959195155017161, -0.3584086545786419, -0.26243372128273057, -0.003318831021260585], [-0.3659769434014921, -0.930381771535144, 0.021228191011843388, 0.6895604387421412], [0.0, 0.0, 0.0, 1.0]], "29": [[-0.9681331372395414, -0.24362615401947743, -0.05800453134385402, 0.09603466369731617], [-0.24373271530767465, 0.8633688129262136, 0.44180160293409737, -0.09492095885316812], [-0.05755512199178565, 0.44186037381062937, -0.8952356214921596, 0.5768397643719936], [0.0, 0.0, 0.0, 1.0]]}, "intrinsic": [[1387.14196777, 0.0, 949.0501709], [0.0, 1385.58874512, 538.76617432], [0.0, 0.0, 1.0]], "distortion": [0.0, 0.0, 0.0, 0.0, 0.0, 0.0, 0.0, 0.0]}