{"objects": [21, 29], "object_poses": {"21": [[-0.221775352825375, 0.10291204188919308, -0.9696518986282593, 0.07281664545131256], [0.8956689320473065, -0.37161435715778673, -0.24429476809675288, -0.0035807466688863032], [-0.3854774403832478, -0.922665638890064, -0.009760213480056228, 0.689577395910559], [0.0, 0.0, 0.0, 1.0]], "29": [[-0.9699419692805268, -0.24266006292009576, -0.0181292606536503, 0.09849224098551684], [-0.2265409424203347, 0.873286626057969, 0.4313347541708232, -0.09703140448211917], [-0.08883567771755994, 0.4224767006734389, -0.9020097891667022, 0.5788748738105179], [0.0, 0.0, 0.0, 1.0]]}, "intrinsic": [[1387.14196777, 0.0, 949.0501709], [0.0, 1385.58874512, 538.76617432], [0.0, 0.0, 1.0]], "distortion": [0.0, 0.0, 0.0, 0.0, 0.0, 0.0, 0.0, 0.0]}