{"objects": [21, 29], "object_poses": {"21": [[-0.07745211306192717, 0.056551446417419445, -0.9953909302833489, 0.03333201223406734], [0.9571748816714508, -0.2751300003635717, -0.09010953777035788, 0.08056262511472735], [-0.27895773170766985, -0.9597423700181453, -0.03282022413805341, 0.6771347667451884], [0.0, 0.0, 0.0, 1.0]], "29": [[-0.9919682178322841, -0.11169529051338041, 0.05935669202198221, 0.04582213476093194], [-0.06360518738969465, 0.8461069097315257, 0.5292045705034095, -0.0024531238487384525], [-0.10933176550198782, 0.5211787211520718, -0.8464155632256063, 0.5563055802281437], [0.0, 0.0, 0.0, 1.0]]}, "intrinsic": [[1387.14196777, 0.0, 949.0501709], [0.0, 1385.58874512, 538.76617432], [0.0, 0.0, 1.0]], "distortion": [0.0, 0.0, 0.0, 0.0, 0.0, 0.0, 0.0, 0.0]}