{"objects": [21, 29], "object_poses": {"21": [[-0.104086953034446, 0.04747947524612627, -0.9934342482713026, 0.024789423178203485], [0.9584323562240615, -0.26201429009208504, -0.11294215479765149, 0.08081720867933244], [-0.26565640355692605, -0.9638953320863739, -0.018233596225256197, 0.6734871636747777], [0.0, 0.0, 0.0, 1.0]], "29": [[-0.9918568576293587, -0.122882342024124, 0.03346496664123735, 0.03725639878231232], [-0.08543441130661357, 0.8368497013503824, 0.5407250121036353, -0.00040497911151236854], [-0.09445070321773298, 0.5334627516223148, -0.84053349564026, 0.5514427423322708], [0.0, 0.0, 0.0, 1.0]]}, "intrinsic": [[1387.14196777, 0.0, 949.0501709], [0.0, 1385.58874512, 538.76617432], [0.0, 0.0, 1.0]], "distortion": [0.0, 0.0, 0.0, 0.0, 0.0, 0.0, 0.0, 0.0]}