{"objects": [21, 29], "object_poses": {"21": [[-0.115451045765026, 0.04630079866333014, -0.9922334866728244, 0.05500731010031923], [0.9573510635944652, -0.2611649771358515, -0.12357910726404826, 0.03920873183945531], [-0.2648584472247585, -0.9641831209686136, -0.014174349118076964, 0.674912522599327], [0.0, 0.0, 0.0, 1.0]], "29": [[-0.9912660601951675, -0.1296391148939456, 0.024192928609076954, 0.06783961270054145], [-0.096030317144949, 0.8353042555254618, 0.5413362900176775, -0.04183395496203306], [-0.090386813718645, 0.5342850368394928, -0.8404580437566316, 0.5527866654803522], [0.0, 0.0, 0.0, 1.0]]}, "intrinsic": [[1387.14196777, 0.0, 949.0501709], [0.0, 1385.58874512, 538.76617432], [0.0, 0.0, 1.0]], "distortion": [0.0, 0.0, 0.0, 0.0, 0.0, 0.0, 0.0, 0.0]}