{"objects": [21, 29], "object_poses": {"21": [[-0.12525849772048683, 0.010643374218223794, -0.9920670478017442, 0.07900561827814045], [0.9571603076825205, -0.2618249641724456, -0.12366015337692032, -0.007305332002586207], [-0.26106408053562635, -0.9650566857554824, 0.022608386336467494, 0.6807349921331293], [0.0, 0.0, 0.0, 1.0]], "29": [[-0.9939209576824716, -0.10987625160529639, -0.006952640703122443, 0.08732136259745449], [-0.09616373604342693, 0.8356623360134806, 0.5407596471988937, -0.08843110209250057], [-0.05360658308217883, 0.5381409383253352, -0.841148420166496, 0.5582737008006997], [0.0, 0.0, 0.0, 1.0]]}, "intrinsic": [[1387.14196777, 0.0, 949.0501709], [0.0, 1385.58874512, 538.76617432], [0.0, 0.0, 1.0]], "distortion": [0.0, 0.0, 0.0, 0.0, 0.0, 0.0, 0.0, 0.0]}