{"objects": [21, 29], "object_poses": {"21": [[-0.1307105771861949, 0.027725575730274607, -0.9910328135143087, 0.07950845010525559], [0.958311592100773, -0.25263920819493235, -0.1334628147759603, -0.008683946192469011], [-0.25407407867969484, -0.9671632348952635, 0.006452876103034963, 0.681275669549941], [0.0, 0.0, 0.0, 1.0]], "29": [[-0.9920102464086858, -0.12615672841110856, 0.00038845437620005255, 0.09046106584264613], [-0.10527141318563346, 0.829471437926801, 0.5485390261681968, -0.0885723197269682], [-0.06952410075718625, 0.5441154413727486, -0.8361248626094401, 0.5582098415000983], [0.0, 0.0, 0.0, 1.0]]}, "intrinsic": [[1387.14196777, 0.0, 949.0501709], [0.0, 1385.58874512, 538.76617432], [0.0, 0.0, 1.0]], "distortion": [0.0, 0.0, 0.0, 0.0, 0.0, 0.0, 0.0, 0.0]}