{"objects": [21, 29], "object_poses": {"21": [[-0.06653543254690152, 0.07071043139720481, -0.9952753745107069, 0.03630578072256874], [0.9545358816179178, -0.285978086159749, -0.0841295723293194, 0.07808968464694263], [-0.29057578515716515, -0.9556236545460959, -0.048467968311738115, 0.6823208603966462], [0.0, 0.0, 0.0, 1.0]], "29": [[-0.9904067820718736, -0.11481259714336692, 0.07689261058937628, 0.050261082025115034], [-0.0584870199867961, 0.8524571679057215, 0.5195152022599814, -0.006322095362702174], [-0.1251945466828226, 0.5100341600553449, -0.850994407183462, 0.5626245320810687], [0.0, 0.0, 0.0, 1.0]]}, "intrinsic": [[1387.14196777, 0.0, 949.0501709], [0.0, 1385.58874512, 538.76617432], [0.0, 0.0, 1.0]], "distortion": [0.0, 0.0, 0.0, 0.0, 0.0, 0.0, 0.0, 0.0]}