{"objects": [21, 29], "object_poses": {"21": [[-0.10807447893807187, 0.04850331457832135, -0.9929588790464542, 0.0309985222149729], [0.9580137078587495, -0.2617394974794618, -0.11705627285170311, 0.07285510800380697], [-0.26557417524487786, -0.9639190131614395, -0.01817948043500945, 0.669181792975911], [0.0, 0.0, 0.0, 1.0]], "29": [[-0.9915003468122432, -0.12631494166293103, 0.03117046332524258, 0.043794170267834526], [-0.08953623565118608, 0.8362913718360893, 0.5409251370549683, -0.008305124941104976], [-0.09439451666614049, 0.5335365750398113, -0.8404929495945607, 0.5471301726249013], [0.0, 0.0, 0.0, 1.0]]}, "intrinsic": [[1387.14196777, 0.0, 949.0501709], [0.0, 1385.58874512, 538.76617432], [0.0, 0.0, 1.0]], "distortion": [0.0, 0.0, 0.0, 0.0, 0.0, 0.0, 0.0, 0.0]}