{"objects": [21, 29], "object_poses": {"21": [[-0.11049189003239629, 0.04849339570276843, -0.9926932722700874, 0.04268463823424451], [0.9577926078913328, -0.26149831160072945, -0.11938154505069326, 0.05685397623573514], [-0.2653768311397795, -0.9639849706313843, -0.01755317324661389, 0.671633675946771], [0.0, 0.0, 0.0, 1.0]], "29": [[-0.9913485534199175, -0.12793011965092732, 0.029358646398551146, 0.0555915861494054], [-0.09184814246155364, 0.835922765364355, 0.5411072435959263, -0.02425998471170268], [-0.09376547530203695, 0.5337293460469636, -0.8404409680695456, 0.5495630157289901], [0.0, 0.0, 0.0, 1.0]]}, "intrinsic": [[1387.14196777, 0.0, 949.0501709], [0.0, 1385.58874512, 538.76617432], [0.0, 0.0, 1.0]], "distortion": [0.0, 0.0, 0.0, 0.0, 0.0, 0.0, 0.0, 0.0]}