{"objects": [21, 29], "object_poses": {"21": [[-0.11677976226315442, 0.04779576387383972, -0.9920070826770783, 0.06713140251931787], [0.9574665281536382, -0.2599485485775879, -0.12523817132897824, 0.020264629780543705], [-0.2638566553854224, -0.9644388612287094, -0.015406114393191494, 0.6780846540850451], [0.0, 0.0, 0.0, 1.0]], "29": [[-0.9910029503370721, -0.1316347175909814, 0.024196147378860878, 0.08023412635189736], [-0.09759788051162337, 0.8344530833293157, 0.5423676847322726, -0.06061210963328801], [-0.09158496679518349, 0.5351264830364413, -0.8397927369358381, 0.555877527856554], [0.0, 0.0, 0.0, 1.0]]}, "intrinsic": [[1387.14196777, 0.0, 949.0501709], [0.0, 1385.58874512, 538.76617432], [0.0, 0.0, 1.0]], "distortion": [0.0, 0.0, 0.0, 0.0, 0.0, 0.0, 0.0, 0.0]}