{"objects": [21, 29], "object_poses": {"21": [[-0.1185303808703608, 0.04610893899587562, -0.9918792842656871, 0.07645007758526501], [0.9569850728467675, -0.26110859592087543, -0.12649850388324377, 0.002493816280344313], [-0.2648209190362357, -0.9642075849530074, -0.013176265020826732, 0.6803367966122235], [0.0, 0.0, 0.0, 1.0]], "29": [[-0.9910687756090526, -0.1315637687452027, 0.02176365700773472, 0.08939913609350272], [-0.0989533856579846, 0.834964149461988, 0.5413345514375099, -0.07852102527583701], [-0.0893918871017538, 0.5343461835428297, -0.8405255776320018, 0.5582047885944679], [0.0, 0.0, 0.0, 1.0]]}, "intrinsic": [[1387.14196777, 0.0, 949.0501709], [0.0, 1385.58874512, 538.76617432], [0.0, 0.0, 1.0]], "distortion": [0.0, 0.0, 0.0, 0.0, 0.0, 0.0, 0.0, 0.0]}