{"objects": [21, 29], "object_poses": {"21": [[-0.07105777609907536, 0.14497925484823707, -0.9868798346908879, 0.045681092454123884], [0.9426703844883342, -0.31366694106966636, -0.11395436055113238, 0.06854736317570115], [-0.32607259723023607, -0.9383997366493962, -0.11437917464240772, 0.700010905696155], [0.0, 0.0, 0.0, 1.0]], "29": [[-0.9773224085639749, -0.17261421487850026, 0.12265904997434472, 0.0702007477599087], [-0.09060166423259519, 0.8644086639640834, 0.4945593999734723, -0.019143530355959747], [-0.19139552804862575, 0.47223086989915963, -0.8604450925871336, 0.5844409972148532], [0.0, 0.0, 0.0, 1.0]]}, "intrinsic": [[1387.14196777, 0.0, 949.0501709], [0.0, 1385.58874512, 538.76617432], [0.0, 0.0, 1.0]], "distortion": [0.0, 0.0, 0.0, 0.0, 0.0, 0.0, 0.0, 0.0]}