{"objects": [21, 29], "object_poses": {"21": [[-0.0688827240466183, 0.11651482238178945, -0.9907973892240876, 0.04371444897605509], [0.9468476500650631, -0.3051778793081872, -0.10171523753709877, 0.07141492000610668], [-0.31422077890264904, -0.9451406023160288, -0.08930030212442545, 0.6940941691633992], [0.0, 0.0, 0.0, 1.0]], "29": [[-0.983014196386146, -0.15017612289793378, 0.10549986642012282, 0.06416523502643684], [-0.07764560835152935, 0.8611628030467051, 0.5023641967263106, -0.015298894905440674], [-0.16629566803449358, 0.4856395358288863, -0.8581957772168749, 0.5770053579794117], [0.0, 0.0, 0.0, 1.0]]}, "intrinsic": [[1387.14196777, 0.0, 949.0501709], [0.0, 1385.58874512, 538.76617432], [0.0, 0.0, 1.0]], "distortion": [0.0, 0.0, 0.0, 0.0, 0.0, 0.0, 0.0, 0.0]}