{"objects": [21, 29], "object_poses": {"21": [[-0.08945643070054225, 0.37000728619689344, -0.9247119309101297, 0.04702444143706552], [0.8821671393052667, -0.40156591775905437, -0.2460202268600987, 0.055126982480339135], [-0.46236207168871835, -0.8377585701474779, -0.29048561549270446, 0.7234541486817608], [0.0, 0.0, 0.0, 1.0]], "29": [[-0.901286509601067, -0.35025433135906514, 0.2549598614985506, 0.10373635515216856], [-0.23087463209677822, 0.8863105920737651, 0.40143547256319784, -0.04186972865692271], [-0.36657813882625473, 0.30294461167361303, -0.8796846198454381, 0.6284662182779598], [0.0, 0.0, 0.0, 1.0]]}, "intrinsic": [[1387.14196777, 0.0, 949.0501709], [0.0, 1385.58874512, 538.76617432], [0.0, 0.0, 1.0]], "distortion": [0.0, 0.0, 0.0, 0.0, 0.0, 0.0, 0.0, 0.0]}