{"objects": [21, 29], "object_poses": {"21": [[-0.07289898113224849, 0.17473522965389998, -0.981913101077529, 0.047467250371798], [0.9378927200614527, -0.3228137783590125, -0.12707678842853734, 0.0656967580335247], [-0.33917986998878924, -0.930192917635576, -0.1403501042928332, 0.7055588320758552], [0.0, 0.0, 0.0, 1.0]], "29": [[-0.9704837092535679, -0.19576371368448892, 0.1408472167915053, 0.07621932691787126], [-0.10450964333197336, 0.8677209181274279, 0.48594047237776616, -0.02303405829476507], [-0.2173455877722795, 0.45687741971842005, -0.8625682111157189, 0.5917718803675152], [0.0, 0.0, 0.0, 1.0]]}, "intrinsic": [[1387.14196777, 0.0, 949.0501709], [0.0, 1385.58874512, 538.76617432], [0.0, 0.0, 1.0]], "distortion": [0.0, 0.0, 0.0, 0.0, 0.0, 0.0, 0.0, 0.0]}