{"objects": [21, 29], "object_poses": {"21": [[-0.08108574341204663, 0.26952263493254225, -0.9595742032142939, 0.04994949387874498], [0.9169923583983368, -0.35709477867653255, -0.17778732711028125, 0.058940315832792536], [-0.39057664658089136, -0.8943382292516553, -0.21819490105097694, 0.7179034219731393], [0.0, 0.0, 0.0, 1.0]], "29": [[-0.9423109182568359, -0.2709527875439945, 0.19655716790826594, 0.09228595367582543], [-0.15829837096178256, 0.8780918565596786, 0.45154879824270566, -0.033546566745755756], [-0.29494365408467904, 0.3943846832291109, -0.8703269285443611, 0.6115967393335984], [0.0, 0.0, 0.0, 1.0]]}, "intrinsic": [[1387.14196777, 0.0, 949.0501709], [0.0, 1385.58874512, 538.76617432], [0.0, 0.0, 1.0]], "distortion": [0.0, 0.0, 0.0, 0.0, 0.0, 0.0, 0.0, 0.0]}