{"objects": [21, 29], "object_poses": {"21": [[-0.06554432443511789, 0.0918461781096692, -0.9936137182532261, 0.04070553242747971], [0.9506833889894032, -0.2967742272475973, -0.09014517148032562, 0.0748466995139942], [-0.3031584328927186, -0.9505205613811022, -0.06786476963632493, 0.6880486450273033], [0.0, 0.0, 0.0, 1.0]], "29": [[-0.9873025552367156, -0.1297415395623049, 0.09165586361534035, 0.057561564873218396], [-0.06537794076073142, 0.8577382604714281, 0.5099125428790153, -0.010885335720594927], [-0.14477357937467739, 0.4974456849098815, -0.8553294109754399, 0.5696712723761272], [0.0, 0.0, 0.0, 1.0]]}, "intrinsic": [[1387.14196777, 0.0, 949.0501709], [0.0, 1385.58874512, 538.76617432], [0.0, 0.0, 1.0]], "distortion": [0.0, 0.0, 0.0, 0.0, 0.0, 0.0, 0.0, 0.0]}