{"objects": [21, 29], "object_poses": {"21": [[-0.08027360169680553, 0.23606009712626339, -0.9684171515495648, 0.049369335585034146], [0.9249076807638303, -0.34457780971084223, -0.16066086990600503, 0.060925019213512566], [-0.3716206815217598, -0.9085932883307171, -0.19067329510364914, 0.7145210096166109], [0.0, 0.0, 0.0, 1.0]], "29": [[-0.9533067666504456, -0.2458248392557066, 0.17543191574909786, 0.08700816968212088], [-0.14003022501238602, 0.8744715289601436, 0.4644255388338349, -0.030202315382969462], [-0.26757754902358877, 0.4181742381388702, -0.8680625333554689, 0.6053127814090952], [0.0, 0.0, 0.0, 1.0]]}, "intrinsic": [[1387.14196777, 0.0, 949.0501709], [0.0, 1385.58874512, 538.76617432], [0.0, 0.0, 1.0]], "distortion": [0.0, 0.0, 0.0, 0.0, 0.0, 0.0, 0.0, 0.0]}