{"objects": [21, 29], "object_poses": {"21": [[-0.0836124844254819, 0.3061556321378052, -0.9483025262849986, 0.049071817165870224], [0.9067818253085639, -0.37124640598009, -0.1998069751959097, 0.05727717440632195], [-0.4132259354617882, -0.8766098533311013, -0.24657552860038795, 0.720456224101339], [0.0, 0.0, 0.0, 1.0]], "29": [[-0.9287636512411735, -0.2995355145809259, 0.21834961790194055, 0.09662593108357509], [-0.1816586767089811, 0.8812884421186864, 0.43626919094106287, -0.03668524664433284], [-0.32310711120234276, 0.36552586405447257, -0.8729218965049038, 0.6177090599999709], [0.0, 0.0, 0.0, 1.0]]}, "intrinsic": [[1387.14196777, 0.0, 949.0501709], [0.0, 1385.58874512, 538.76617432], [0.0, 0.0, 1.0]], "distortion": [0.0, 0.0, 0.0, 0.0, 0.0, 0.0, 0.0, 0.0]}