{"objects": [21, 29], "object_poses": {"21": [[-0.08656820915204416, 0.3378043753506493, -0.9372268397555509, 0.047764840649932916], [0.895976426678939, -0.38492317861852915, -0.22149579995533067, 0.056261581569693825], [-0.43558258459200433, -0.8589076496086024, -0.26934264690906545, 0.7223233239353859], [0.0, 0.0, 0.0, 1.0]], "29": [[-0.9157622757246088, -0.32472562624366513, 0.2365009979267856, 0.09986148488926583], [-0.2046853772852293, 0.8837394399581617, 0.4208426054810126, -0.039082663510775786], [-0.345663638072197, 0.336983486128185, -0.8757618280055363, 0.6231128172331835], [0.0, 0.0, 0.0, 1.0]]}, "intrinsic": [[1387.14196777, 0.0, 949.0501709], [0.0, 1385.58874512, 538.76617432], [0.0, 0.0, 1.0]], "distortion": [0.0, 0.0, 0.0, 0.0, 0.0, 0.0, 0.0, 0.0]}