{"objects": [21, 29], "object_poses": {"21": [[-0.07711471593845587, 0.20424724444725595, -0.9758772380383947, 0.04890172161263362], [0.9318306728682535, -0.33335683606311, -0.14340438261048533, 0.0630131695848919], [-0.3546052984483339, -0.9204109315874643, -0.16461712950562218, 0.710327204341267], [0.0, 0.0, 0.0, 1.0]], "29": [[-0.9627058656170563, -0.22031216893067462, 0.1570349149953488, 0.0819620717799131], [-0.12176453443020428, 0.8711436800003581, 0.4756911676186961, -0.026889187947855886], [-0.24160052661682732, 0.43882939397504556, -0.8654813392107171, 0.5986495906134347], [0.0, 0.0, 0.0, 1.0]]}, "intrinsic": [[1387.14196777, 0.0, 949.0501709], [0.0, 1385.58874512, 538.76617432], [0.0, 0.0, 1.0]], "distortion": [0.0, 0.0, 0.0, 0.0, 0.0, 0.0, 0.0, 0.0]}