{"objects": [21, 29], "object_poses": {"21": [[-0.09023011144047952, 0.41427995570451326, -0.9056658574170255, 0.04114143760381317], [0.8612063389558251, -0.4242596345934166, -0.27987033461403005, 0.05508061898454676], [-0.5001821355583839, -0.8052179088645105, -0.3184995298460027, 0.7122460340510492], [0.0, 0.0, 0.0, 1.0]], "29": [[-0.8794021916214385, -0.3831664033311247, 0.28255139838571025, 0.1040472517015818], [-0.26709249068502144, 0.8883750025943515, 0.37343199673456795, -0.04406940824972533], [-0.3940981943514839, 0.2529295596085711, -0.8835797932756976, 0.6235925473558712], [0.0, 0.0, 0.0, 1.0]]}, "intrinsic": [[1387.14196777, 0.0, 949.0501709], [0.0, 1385.58874512, 538.76617432], [0.0, 0.0, 1.0]], "distortion": [0.0, 0.0, 0.0, 0.0, 0.0, 0.0, 0.0, 0.0]}