{"objects": [21, 29], "object_poses": {"21": [[-0.09288380415964831, 0.3993215817666377, -0.9120936757045484, 0.047470598536285935], [0.8666160973649863, -0.41862614100208473, -0.27153028165857873, 0.05416395274103873], [-0.4902541572620421, -0.815655827175348, -0.30717492228726834, 0.7231615634671402], [0.0, 0.0, 0.0, 1.0]], "29": [[-0.8869243887749441, -0.37400855373112485, 0.2710769822986898, 0.10841987529227903], [-0.25815487125215586, 0.888000376311993, 0.38054092305368464, -0.04446111819193009], [-0.38304202255756786, 0.26753118211849813, -0.8841413210280904, 0.6325768456751181], [0.0, 0.0, 0.0, 1.0]]}, "intrinsic": [[1387.14196777, 0.0, 949.0501709], [0.0, 1385.58874512, 538.76617432], [0.0, 0.0, 1.0]], "distortion": [0.0, 0.0, 0.0, 0.0, 0.0, 0.0, 0.0, 0.0]}