{"objects": [21, 29], "object_poses": {"21": [[-0.10218947163616318, 0.4082583041234482, -0.90712869483937, 0.0007930838413748309], [0.8579124265320991, -0.4254181799982704, -0.28810699493203723, 0.07542470829722371], [-0.5035311115398231, -0.8076784813533248, -0.30677661330398415, 0.6385650473788143], [0.0, 0.0, 0.0, 1.0]], "29": [[-0.8818151424862939, -0.38679094530367875, 0.26980515027142005, 0.06341901428173768], [-0.27553194510031737, 0.8868673821725036, 0.37087517262245373, -0.02372492718083446], [-0.3827325459261732, 0.25270340533832736, -0.8886263484835978, 0.5497131893671832], [0.0, 0.0, 0.0, 1.0]]}, "intrinsic": [[1387.14196777, 0.0, 949.0501709], [0.0, 1385.58874512, 538.76617432], [0.0, 0.0, 1.0]], "distortion": [0.0, 0.0, 0.0, 0.0, 0.0, 0.0, 0.0, 0.0]}