{"objects": [21, 29], "object_poses": {"21": [[-0.09531618377989225, 0.41235596289567605, -0.9060228391017685, 0.0019162133254795877], [0.8593294866974078, -0.4253306323745314, -0.28398360244256154, 0.07325469217507505], [-0.5024615989327043, -0.8056403745023389, -0.31380874520912627, 0.6570228826335233], [0.0, 0.0, 0.0, 1.0]], "29": [[-0.8801218610447359, -0.3851739761364784, 0.2775365161891064, 0.0647915908728105], [-0.2713504678214508, 0.8878300651802755, 0.3716540043845571, -0.025953004259474208], [-0.3895567138739208, 0.2517911504982125, -0.8859157878752068, 0.5684123306800286], [0.0, 0.0, 0.0, 1.0]]}, "intrinsic": [[1387.14196777, 0.0, 949.0501709], [0.0, 1385.58874512, 538.76617432], [0.0, 0.0, 1.0]], "distortion": [0.0, 0.0, 0.0, 0.0, 0.0, 0.0, 0.0, 0.0]}