{"objects": [21, 29], "object_poses": {"21": [[-0.09886320891620191, 0.4643827925728214, -0.8800992488833693, -0.0114039435691769], [0.8171844400636361, -0.4667956231411285, -0.3380997443568567, 0.069305376230605], [-0.5678341807611407, -0.7526290375600463, -0.333337479112037, 0.6260047954232624], [0.0, 0.0, 0.0, 1.0]], "29": [[-0.8509970732248596, -0.4255629164509917, 0.3077339524726992, 0.0588699191677482], [-0.3299969149222725, 0.8891508463537692, 0.3170375507257265, -0.0336646866907645], [-0.4085413290042065, 0.168246772837141, -0.8970992174366079, 0.5478635105024661], [0.0, 0.0, 0.0, 1.0]]}, "intrinsic": [[1387.14196777, 0.0, 949.0501709], [0.0, 1385.58874512, 538.76617432], [0.0, 0.0, 1.0]], "distortion": [0.0, 0.0, 0.0, 0.0, 0.0, 0.0, 0.0, 0.0]}