{"objects": [21, 29], "object_poses": {"21": [[-0.10471581236742968, 0.44340167869446584, -0.8901851211805162, -0.011569407649615726], [0.8337101660599143, -0.4488546068881466, -0.32164716831279777, 0.0706362665260417], [-0.542182587002369, -0.7758379297290282, -0.3226663123804508, 0.6245173761853757], [0.0, 0.0, 0.0, 1.0]], "29": [[-0.8627133980761895, -0.4141709732898166, 0.29015168044321266, 0.05606074417315515], [-0.3116407115283655, 0.8873044626157532, 0.3399571407402288, -0.030619160591775663], [-0.3982532607499225, 0.2028625039437921, -0.8945619848818296, 0.5419291742756029], [0.0, 0.0, 0.0, 1.0]]}, "intrinsic": [[1387.14196777, 0.0, 949.0501709], [0.0, 1385.58874512, 538.76617432], [0.0, 0.0, 1.0]], "distortion": [0.0, 0.0, 0.0, 0.0, 0.0, 0.0, 0.0, 0.0]}