{"objects": [21, 29], "object_poses": {"21": [[-0.09196062762781014, 0.4137572605349517, -0.9057307394148236, 0.02989453590490815], [0.8610882251771446, -0.42374871757578114, -0.28100550317415457, 0.06118335980812295], [-0.5000703064845748, -0.8057555173298543, -0.3173133071034489, 0.6941919608568317], [0.0, 0.0, 0.0, 1.0]], "29": [[-0.8795819108426517, -0.38394600372638354, 0.28092904502907873, 0.09280834482295058], [-0.2681955267945883, 0.8878975298699363, 0.37377685302630426, -0.037888750489737895], [-0.3929463341549085, 0.2534234453901525, -0.8839512066855351, 0.6054570767377627], [0.0, 0.0, 0.0, 1.0]]}, "intrinsic": [[1387.14196777, 0.0, 949.0501709], [0.0, 1385.58874512, 538.76617432], [0.0, 0.0, 1.0]], "distortion": [0.0, 0.0, 0.0, 0.0, 0.0, 0.0, 0.0, 0.0]}