{"objects": [21, 29], "object_poses": {"21": [[-0.09735877786654981, 0.40347377534155376, -0.9097967800470479, -0.006447063174316925], [0.8578537936788623, -0.42944433533853826, -0.2822488822235253, 0.07380234559374742], [-0.5045870955971016, -0.8079520254676529, -0.30431133317641057, 0.623437599589109], [0.0, 0.0, 0.0, 1.0]], "29": [[-0.884567461983376, -0.38004959141903816, 0.2703751343273469, 0.05528830459654188], [-0.26996286051233565, 0.8899089314624075, 0.36767124941643503, -0.02591202327116611], [-0.38034255500049374, 0.25223877926613253, -0.8897837597360597, 0.5345944847228414], [0.0, 0.0, 0.0, 1.0]]}, "intrinsic": [[1387.14196777, 0.0, 949.0501709], [0.0, 1385.58874512, 538.76617432], [0.0, 0.0, 1.0]], "distortion": [0.0, 0.0, 0.0, 0.0, 0.0, 0.0, 0.0, 0.0]}