{"objects": [21, 29], "object_poses": {"21": [[-0.10284506075329646, 0.4184248371160664, -0.9024098565303104, -0.00911077780753844], [0.8496787950914487, -0.4347369136514322, -0.29841206591017005, 0.07172969079169503], [-0.5171738959485459, -0.7974487266233665, -0.31081616714093124, 0.6221703350706982], [0.0, 0.0, 0.0, 1.0]], "29": [[-0.8764678774883639, -0.3946642459703249, 0.27576111524966224, 0.05495947493725456], [-0.28680374384118623, 0.8880306242417393, 0.35936781008809776, -0.028325159232191283], [-0.3867139411111779, 0.2358850214861299, -0.8915214996783637, 0.5353870431822936], [0.0, 0.0, 0.0, 1.0]]}, "intrinsic": [[1387.14196777, 0.0, 949.0501709], [0.0, 1385.58874512, 538.76617432], [0.0, 0.0, 1.0]], "distortion": [0.0, 0.0, 0.0, 0.0, 0.0, 0.0, 0.0, 0.0]}