{"objects": [21, 29], "object_poses": {"21": [[-0.09179632146145275, 0.41353980919000805, -0.9058467097590233, 0.016292550650499005], [0.8594989978494031, -0.42644980095009016, -0.2817836758321958, 0.06885804414997987], [-0.5028269166045304, -0.8044410441323389, -0.31629052855445666, 0.6753304056917011], [0.0, 0.0, 0.0, 1.0]], "29": [[-0.8797042928398099, -0.3836767088667359, 0.2809137594216768, 0.07916846036187708], [-0.269224130170609, 0.8888108054933997, 0.3708553892989307, -0.030515878870556207], [-0.3919677600174615, 0.2506143154557888, -0.8851857093263138, 0.5869066902498172], [0.0, 0.0, 0.0, 1.0]]}, "intrinsic": [[1387.14196777, 0.0, 949.0501709], [0.0, 1385.58874512, 538.76617432], [0.0, 0.0, 1.0]], "distortion": [0.0, 0.0, 0.0, 0.0, 0.0, 0.0, 0.0, 0.0]}