{"objects": [21, 29], "object_poses": {"21": [[-0.09823425006240587, 0.49356729642556485, -0.8641419767687752, -0.012760594665318703], [0.8003411045425917, -0.4768874706373608, -0.3633627068490227, 0.06814922582318195], [-0.5914424304141724, -0.7273030071766973, -0.34817551214511727, 0.6268862744138106], [0.0, 0.0, 0.0, 1.0]], "29": [[-0.8331271033621639, -0.446431173516346, 0.3264941606770453, 0.061539711174309675], [-0.35662866552448363, 0.8848234043587458, 0.299839186940656, -0.03541689493199192], [-0.4227472348456152, 0.13336697646654236, -0.8963805135201061, 0.5533959129033752], [0.0, 0.0, 0.0, 1.0]]}, "intrinsic": [[1387.14196777, 0.0, 949.0501709], [0.0, 1385.58874512, 538.76617432], [0.0, 0.0, 1.0]], "distortion": [0.0, 0.0, 0.0, 0.0, 0.0, 0.0, 0.0, 0.0]}