{"objects": [21, 29], "object_poses": {"21": [[-0.27430295473206034, 0.5781489924267967, -0.7684410397559153, -0.030611954498433236], [0.6846696843858172, -0.44370789529261206, -0.5782306866104837, 0.05654484109280678], [-0.6752668452606638, -0.6847386700127929, -0.2741307014561248, 0.6159076583354176], [0.0, 0.0, 0.0, 1.0]], "29": [[-0.740307903141865, -0.6257743306005863, 0.2456637859089175, 0.06362029431933774], [-0.5739627725161454, 0.7785992491339714, 0.2536729094988373, -0.036776035945645484], [-0.3500156343812267, 0.04679419204788475, -0.9355743472751397, 0.5521988893739015], [0.0, 0.0, 0.0, 1.0]]}, "intrinsic": [[1387.14196777, 0.0, 949.0501709], [0.0, 1385.58874512, 538.76617432], [0.0, 0.0, 1.0]], "distortion": [0.0, 0.0, 0.0, 0.0, 0.0, 0.0, 0.0, 0.0]}