{"objects": [21, 29], "object_poses": {"21": [[-0.09357272687270198, 0.5487900872539002, -0.8307066780262901, -0.013816093127487994], [0.7567734094825873, -0.502963950426774, -0.41751798915878857, 0.06662127582779978], [-0.646945246126524, -0.6677250217739019, -0.36824603706127956, 0.626268259529235], [0.0, 0.0, 0.0, 1.0]], "29": [[-0.7959220111651851, -0.48352346875941776, 0.36429823949841816, 0.06793764351383569], [-0.41435944041295575, 0.873809075179999, 0.2544876308855609, -0.03849383229523161], [-0.441377849787964, 0.05160189232910854, -0.8958363904333303, 0.5637026888011056], [0.0, 0.0, 0.0, 1.0]]}, "intrinsic": [[1387.14196777, 0.0, 949.0501709], [0.0, 1385.58874512, 538.76617432], [0.0, 0.0, 1.0]], "distortion": [0.0, 0.0, 0.0, 0.0, 0.0, 0.0, 0.0, 0.0]}