{"objects": [21, 29], "object_poses": {"21": [[-0.12492819296997414, 0.5883398112428002, -0.798905008813973, -0.01704841350299402], [0.7146793958697449, -0.5051655758971416, -0.483777947045719, 0.06567214937170004], [-0.6882051349129236, -0.6313984537796262, -0.35736491831765654, 0.6240417140157113], [0.0, 0.0, 0.0, 1.0]], "29": [[-0.7630577275529902, -0.5333020971240013, 0.36514624142229407, 0.07165657110382029], [-0.4825030031583095, 0.8459201155716773, 0.22717836607921313, -0.037718045899177835], [-0.43003924979575564, -0.002833950308620907, -0.9028057445324333, 0.5684611123742518], [0.0, 0.0, 0.0, 1.0]]}, "intrinsic": [[1387.14196777, 0.0, 949.0501709], [0.0, 1385.58874512, 538.76617432], [0.0, 0.0, 1.0]], "distortion": [0.0, 0.0, 0.0, 0.0, 0.0, 0.0, 0.0, 0.0]}