{"objects": [21, 29], "object_poses": {"21": [[-0.27712524809275557, 0.5806116684508839, -0.7655662527359864, -0.04542382284612473], [0.686036147419198, -0.4382891037724913, -0.580738379951365, 0.05313483358617724], [-0.6727228265071395, -0.6861433902421527, -0.2768596155513727, 0.6104422328554611], [0.0, 0.0, 0.0, 1.0]], "29": [[-0.737410290068093, -0.6294435175548656, 0.2450039230499531, 0.04928102398095435], [-0.5760393177427262, 0.7754682155747151, 0.2585106401057237, -0.039491430481056626], [-0.35271060164985535, 0.04949651342806321, -0.934422456195415, 0.5464213203074617], [0.0, 0.0, 0.0, 1.0]]}, "intrinsic": [[1387.14196777, 0.0, 949.0501709], [0.0, 1385.58874512, 538.76617432], [0.0, 0.0, 1.0]], "distortion": [0.0, 0.0, 0.0, 0.0, 0.0, 0.0, 0.0, 0.0]}