{"objects": [21, 29], "object_poses": {"21": [[-0.2781297625293308, 0.5813472352735701, -0.7646432025691231, -0.05936270264831256], [0.6842572512307813, -0.4387637299395151, -0.5824760968723651, 0.04673621301601953], [-0.6741185721618087, -0.6852165944643696, -0.2757578092043453, 0.6015891145841964], [0.0, 0.0, 0.0, 1.0]], "29": [[-0.7364881364726586, -0.6306470390653711, 0.24468252277825173, 0.035490786260503726], [-0.577885436708713, 0.7745906796450787, 0.25701692754946026, -0.04587143957251339], [-0.35161576596482136, 0.04789145148213006, -0.9349185857602343, 0.5377616254048568], [0.0, 0.0, 0.0, 1.0]]}, "intrinsic": [[1387.14196777, 0.0, 949.0501709], [0.0, 1385.58874512, 538.76617432], [0.0, 0.0, 1.0]], "distortion": [0.0, 0.0, 0.0, 0.0, 0.0, 0.0, 0.0, 0.0]}