{"objects": [21, 29], "object_poses": {"21": [[-0.2681797934582469, 0.5786391267947131, -0.7702313673974561, -0.01507932187634159], [0.6871650217849362, -0.44545750700408393, -0.5739092631148413, 0.05812210283968784], [-0.6751916996053806, -0.6831869220030243, -0.2781578659467232, 0.6205069505039765], [0.0, 0.0, 0.0, 1.0]], "29": [[-0.7417754324948489, -0.6220468921379338, 0.25065289092415594, 0.07893698748120692], [-0.5696556949972015, 0.7816495091916491, 0.2540008542066714, -0.035563714056679685], [-0.35392315112797146, 0.045625746700756364, -0.9341609574016972, 0.5570151294691528], [0.0, 0.0, 0.0, 1.0]]}, "intrinsic": [[1387.14196777, 0.0, 949.0501709], [0.0, 1385.58874512, 538.76617432], [0.0, 0.0, 1.0]], "distortion": [0.0, 0.0, 0.0, 0.0, 0.0, 0.0, 0.0, 0.0]}