{"objects": [21, 29], "object_poses": {"21": [[-0.09747620824413561, 0.5207692687087211, -0.848114236170424, -0.013427352662750802], [0.7804037482197461, -0.4888514099533103, -0.38986444920156094, 0.0672116838505948], [-0.6176312642596065, -0.6998740370632798, -0.3587589074208925, 0.6271233292610291], [0.0, 0.0, 0.0, 1.0]], "29": [[-0.815312407677642, -0.4657455914818826, 0.3440155838070399, 0.06461671013803966], [-0.38476301888137177, 0.8797752164728179, 0.2792006228171932, -0.03706589281815549], [-0.4326928439299615, 0.09527125744634742, -0.8964933297668224, 0.5586936477133904], [0.0, 0.0, 0.0, 1.0]]}, "intrinsic": [[1387.14196777, 0.0, 949.0501709], [0.0, 1385.58874512, 538.76617432], [0.0, 0.0, 1.0]], "distortion": [0.0, 0.0, 0.0, 0.0, 0.0, 0.0, 0.0, 0.0]}