{"objects": [21, 29], "object_poses": {"21": [[-0.24758550383977626, 0.5782263105220155, -0.7774032107655029, -0.017515388654611053], [0.6961101320159477, -0.45193425810626164, -0.5578405779922142, 0.06292819585357123], [-0.6738932425786341, -0.679271492240068, -0.2906168223568791, 0.6257024158701567], [0.0, 0.0, 0.0, 1.0]], "29": [[-0.7479945488820664, -0.608006823337156, 0.2661425513107466, 0.07548820142506452], [-0.5536539223866306, 0.7927456246660427, 0.25499354658256274, -0.03209498263072853], [-0.366021159318188, 0.043382915396681855, -0.9295947684787518, 0.562708465096256], [0.0, 0.0, 0.0, 1.0]]}, "intrinsic": [[1387.14196777, 0.0, 949.0501709], [0.0, 1385.58874512, 538.76617432], [0.0, 0.0, 1.0]], "distortion": [0.0, 0.0, 0.0, 0.0, 0.0, 0.0, 0.0, 0.0]}