{"objects": [21, 29], "object_poses": {"21": [[-0.08854805522639986, 0.5770807601831045, -0.8118725504302533, -0.015032564586120123], [0.7305469448572762, -0.5164352504073927, -0.44676145032484477, 0.0663921820293836], [-0.6770970412542981, -0.6326708689066946, -0.3758552492137466, 0.6243031861330413], [0.0, 0.0, 0.0, 1.0]], "29": [[-0.775039753316564, -0.5007206961982867, 0.3854765429669133, 0.07041470251133342], [-0.4456186104616066, 0.8655929626472318, 0.22841382844710567, -0.039348133400366456], [-0.4480373140590907, 0.005254275811276419, -0.8939994171119043, 0.5680443175924685], [0.0, 0.0, 0.0, 1.0]]}, "intrinsic": [[1387.14196777, 0.0, 949.0501709], [0.0, 1385.58874512, 538.76617432], [0.0, 0.0, 1.0]], "distortion": [0.0, 0.0, 0.0, 0.0, 0.0, 0.0, 0.0, 0.0]}