{"objects": [21, 29], "object_poses": {"21": [[-0.3171504380011785, 0.5408720815451223, -0.779020533157322, -0.06576402233745898], [0.658478131037358, -0.46556529273105723, -0.5913167587256413, 0.04330218661903984], [-0.6825116487073395, -0.7005043537404316, -0.2084982008783146, 0.6002638335209852], [0.0, 0.0, 0.0, 1.0]], "29": [[-0.7553155002410901, -0.6272462581945917, 0.1898963577229824, 0.025280019045493707], [-0.589672267743629, 0.776894639857857, 0.2207290991560143, -0.05183142229319221], [-0.285980963963785, 0.05474349405202335, -0.956670287042161, 0.5346293225144596], [0.0, 0.0, 0.0, 1.0]]}, "intrinsic": [[1387.14196777, 0.0, 949.0501709], [0.0, 1385.58874512, 538.76617432], [0.0, 0.0, 1.0]], "distortion": [0.0, 0.0, 0.0, 0.0, 0.0, 0.0, 0.0, 0.0]}