{"objects": [21, 29], "object_poses": {"21": [[-0.2934323061647191, 0.4054717649169461, -0.8657309798973363, -0.06624546190235747], [0.5812610659791521, -0.6432941362185277, -0.49830535566421935, 0.044171185335110164], [-0.7589684149394077, -0.6494346019130821, -0.04692166836722724, 0.6014351061953889], [0.0, 0.0, 0.0, 1.0]], "29": [[-0.8496210084657658, -0.5127251326489541, 0.12351955441850805, 0.004886077916367082], [-0.5123421273682313, 0.8579711934395808, 0.03729578731794407, -0.07224164506089925], [-0.12509870701740972, -0.03159698684975698, -0.9916410358212286, 0.5463382186854832], [0.0, 0.0, 0.0, 1.0]]}, "intrinsic": [[1387.14196777, 0.0, 949.0501709], [0.0, 1385.58874512, 538.76617432], [0.0, 0.0, 1.0]], "distortion": [0.0, 0.0, 0.0, 0.0, 0.0, 0.0, 0.0, 0.0]}