{"objects": [21, 29], "object_poses": {"21": [[-0.3513727369603268, 0.453978605893403, -0.8188043875750189, -0.06382899386223578], [0.6326556800946226, -0.5295447450562627, -0.565092163657676, 0.04346436518116323], [-0.6901333133279552, -0.7165792268649627, -0.10114455724652058, 0.6018310184304185], [0.0, 0.0, 0.0, 1.0]], "29": [[-0.8023221332211513, -0.5867513737860729, 0.109553730669641, 0.016730589928945605], [-0.5689771254525222, 0.8072804840380525, 0.15672667546745614, -0.05941450150025495], [-0.18040018086261286, 0.06341171383469614, -0.9815471100733235, 0.5342040837016386], [0.0, 0.0, 0.0, 1.0]]}, "intrinsic": [[1387.14196777, 0.0, 949.0501709], [0.0, 1385.58874512, 538.76617432], [0.0, 0.0, 1.0]], "distortion": [0.0, 0.0, 0.0, 0.0, 0.0, 0.0, 0.0, 0.0]}