{"objects": [21, 29], "object_poses": {"21": [[-0.2805001138751349, 0.5934238651965813, -0.7544321058459781, -0.0625432880667871], [0.6650345968992558, -0.4466083150520408, -0.5985565953637355, 0.045495590756811956], [-0.6921334199726835, -0.6696186445593748, -0.2693737177517257, 0.5992449059429702], [0.0, 0.0, 0.0, 1.0]], "29": [[-0.725619594909495, -0.6409888062684959, 0.2502190115116914, 0.03409570243852156], [-0.5953263261775849, 0.7671639736665522, 0.23884305070077835, -0.04729249275637389], [-0.3450547331124404, 0.024347232833404005, -0.9382667229578529, 0.5384288955251784], [0.0, 0.0, 0.0, 1.0]]}, "intrinsic": [[1387.14196777, 0.0, 949.0501709], [0.0, 1385.58874512, 538.76617432], [0.0, 0.0, 1.0]], "distortion": [0.0, 0.0, 0.0, 0.0, 0.0, 0.0, 0.0, 0.0]}