{"objects": [21, 29], "object_poses": {"21": [[-0.3448047410684817, 0.4393931760711217, -0.8294837716066781, -0.06416219840009474], [0.618017828566943, -0.5588522702731916, -0.5529358946423223, 0.044076686479648186], [-0.7065151478277729, -0.7032906773394905, -0.07885790421552481, 0.6004341137390782], [0.0, 0.0, 0.0, 1.0]], "29": [[-0.8136288689883807, -0.571737605991198, 0.10547119722540794, 0.014066218402072117], [-0.5594847230555933, 0.8193111424932392, 0.1253239659994755, -0.06221899761501498], [-0.15806615139273814, 0.042957673143292525, -0.9864936543647973, 0.5354044866561396], [0.0, 0.0, 0.0, 1.0]]}, "intrinsic": [[1387.14196777, 0.0, 949.0501709], [0.0, 1385.58874512, 538.76617432], [0.0, 0.0, 1.0]], "distortion": [0.0, 0.0, 0.0, 0.0, 0.0, 0.0, 0.0, 0.0]}