{"objects": [21, 29], "object_poses": {"21": [[-0.18817247306720702, 0.5843992546270984, -0.7893469652637389, -0.01048795268663727], [0.7066038172664075, -0.4776469641579109, -0.5220770278946185, 0.060662997513517475], [-0.682130607585025, -0.6559961042735172, -0.3230587336285122, 0.6254334893601057], [0.0, 0.0, 0.0, 1.0]], "29": [[-0.7567300123247516, -0.5727904148764313, 0.31507273616212245, 0.08061273430393773], [-0.5192260115635574, 0.8194565640443712, 0.24268351522178724, -0.038472955744104136], [-0.3971952131670268, 0.020051939314920633, -0.9175150583870116, 0.5661035841467987], [0.0, 0.0, 0.0, 1.0]]}, "intrinsic": [[1387.14196777, 0.0, 949.0501709], [0.0, 1385.58874512, 538.76617432], [0.0, 0.0, 1.0]], "distortion": [0.0, 0.0, 0.0, 0.0, 0.0, 0.0, 0.0, 0.0]}