{"objects": [21, 29], "object_poses": {"21": [[-0.33175623462693205, 0.4721305007068782, -0.8167194078068936, -0.06373023280462525], [0.6495135503665207, -0.5135516555126481, -0.5607110173792743, 0.043067185415880685], [-0.6841563773556741, -0.7164896980574798, -0.1362811942311426, 0.6016493862484066], [0.0, 0.0, 0.0, 1.0]], "29": [[-0.7981287938197759, -0.5869293633818617, 0.13603069828524436, 0.018443172532007612], [-0.5627664920430512, 0.8068825177344221, 0.17953962796031225, -0.058372414406673984], [-0.21513787186212854, 0.06674222782266126, -0.9743003495411016, 0.5337903478357277], [0.0, 0.0, 0.0, 1.0]]}, "intrinsic": [[1387.14196777, 0.0, 949.0501709], [0.0, 1385.58874512, 538.76617432], [0.0, 0.0, 1.0]], "distortion": [0.0, 0.0, 0.0, 0.0, 0.0, 0.0, 0.0, 0.0]}