{"objects": [21, 29], "object_poses": {"21": [[-0.32267693740670933, 0.4304936008146768, -0.8429441581287879, -0.0650463636739701], [0.6051016717582193, -0.5909971560555218, -0.5334550856161172, 0.044468847219022944], [-0.7278266008475075, -0.6822005725531949, -0.06979124520210413, 0.600212641352742], [0.0, 0.0, 0.0, 1.0]], "29": [[-0.8266075984696818, -0.5505031280751621, 0.11690245562718769, 0.010919889262228089], [-0.5428000765020504, 0.8347290246284083, 0.09271209409933051, -0.06572716380557626], [-0.1486201705744252, 0.013181859594828323, -0.9888064944548358, 0.5391120879986844], [0.0, 0.0, 0.0, 1.0]]}, "intrinsic": [[1387.14196777, 0.0, 949.0501709], [0.0, 1385.58874512, 538.76617432], [0.0, 0.0, 1.0]], "distortion": [0.0, 0.0, 0.0, 0.0, 0.0, 0.0, 0.0, 0.0]}