{"objects": [21, 29], "object_poses": {"21": [[-0.32717629941164234, 0.5077245938042197, -0.7969764149268501, -0.06508300007090834], [0.6520232182405536, -0.4891626624907123, -0.5792975163939812, 0.04336868180756204], [-0.683974701270842, -0.7091795445945589, -0.17100579390804627, 0.6004781993012264], [0.0, 0.0, 0.0, 1.0]], "29": [[-0.7758768562728368, -0.6098091934555754, 0.16170297300068465, 0.021822728062581453], [-0.5795575929170556, 0.7902095529740183, 0.19920305941626737, -0.054767299010937985], [-0.24925509100595442, 0.06084085770001578, -0.9665248520560402, 0.533664774471698], [0.0, 0.0, 0.0, 1.0]]}, "intrinsic": [[1387.14196777, 0.0, 949.0501709], [0.0, 1385.58874512, 538.76617432], [0.0, 0.0, 1.0]], "distortion": [0.0, 0.0, 0.0, 0.0, 0.0, 0.0, 0.0, 0.0]}