{"objects": [21, 29], "object_poses": {"21": [[-0.3007021099448063, 0.581063503087966, -0.7562694271580027, -0.06761596764784211], [0.6559068364985843, -0.449666864852986, -0.6062886544276673, 0.043983410578830595], [-0.6923615117185264, -0.6783545651297966, -0.24590774908165264, 0.599928079904546], [0.0, 0.0, 0.0, 1.0]], "29": [[-0.7292091155254598, -0.6454822161908914, 0.22717124469415315, 0.028244296838276173], [-0.6036598378382351, 0.7631430552515284, 0.2306674606494985, -0.04879728356160834], [-0.32225590144434874, 0.03107065822714173, -0.9461425622926135, 0.5378808193804759], [0.0, 0.0, 0.0, 1.0]]}, "intrinsic": [[1387.14196777, 0.0, 949.0501709], [0.0, 1385.58874512, 538.76617432], [0.0, 0.0, 1.0]], "distortion": [0.0, 0.0, 0.0, 0.0, 0.0, 0.0, 0.0, 0.0]}