{"objects": [21, 29], "object_poses": {"21": [[-0.20876753403600512, 0.32248520490069266, -0.9232656223171612, -0.08099109964423173], [0.549087266015454, -0.7425689919154647, -0.3835289644151154, 0.03512794515597478], [-0.8092708391090105, -0.5870217924965112, -0.02204822219555973, 0.5998986588950537], [0.0, 0.0, 0.0, 1.0]], "29": [[-0.9085389477826126, -0.39540796793735217, 0.134942651721897, -0.02533605978139941], [-0.40602225025751026, 0.911754860329401, -0.06204036558202152, -0.09374485396156734], [-0.09850336368829704, -0.1111558075737767, -0.9889092343510213, 0.5558347480773762], [0.0, 0.0, 0.0, 1.0]]}, "intrinsic": [[1387.14196777, 0.0, 949.0501709], [0.0, 1385.58874512, 538.76617432], [0.0, 0.0, 1.0]], "distortion": [0.0, 0.0, 0.0, 0.0, 0.0, 0.0, 0.0, 0.0]}