{"objects": [21, 29], "object_poses": {"21": [[-0.2136675689660082, 0.3334614695051815, -0.9182317889986233, -0.07485928316040918], [0.5492284138294812, -0.7363181372551413, -0.3952008985205842, 0.04141136859065986], [-0.8078949928143573, -0.588760604239594, -0.025819207596691804, 0.60950643227655], [0.0, 0.0, 0.0, 1.0]], "29": [[-0.9030211551943549, -0.40673137982804436, 0.13828368643715017, -0.01744895706207128], [-0.4172346599062762, 0.9070204497599347, -0.056825542585956755, -0.08658444681248975], [-0.10231340012121957, -0.10901141399170523, -0.9887610832628753, 0.5651393752675775], [0.0, 0.0, 0.0, 1.0]]}, "intrinsic": [[1387.14196777, 0.0, 949.0501709], [0.0, 1385.58874512, 538.76617432], [0.0, 0.0, 1.0]], "distortion": [0.0, 0.0, 0.0, 0.0, 0.0, 0.0, 0.0, 0.0]}