{"objects": [21, 29], "object_poses": {"21": [[-0.20913093244366956, 0.3208148174053239, -0.9237651790517116, -0.08548308915714808], [0.5494250460556765, -0.7429071181537947, -0.3823887191891877, 0.02937061440668698], [-0.8089476941446593, -0.5875090354450905, -0.02089883748971977, 0.5867454731842738], [0.0, 0.0, 0.0, 1.0]], "29": [[-0.9091645443912839, -0.3944265703825397, 0.13359457997267918, -0.030043615934181533], [-0.4048924894707414, 0.9122525441802228, -0.06210770972194033, -0.09956626357048964], [-0.09737506452882302, -0.11055756967746808, -0.9890880246949861, 0.5425973547948032], [0.0, 0.0, 0.0, 1.0]]}, "intrinsic": [[1387.14196777, 0.0, 949.0501709], [0.0, 1385.58874512, 538.76617432], [0.0, 0.0, 1.0]], "distortion": [0.0, 0.0, 0.0, 0.0, 0.0, 0.0, 0.0, 0.0]}