{"objects": [21, 29], "object_poses": {"21": [[-0.22954644152638518, 0.35767543373409943, -0.9051942969803269, -0.07298635841966661], [0.5574767268289662, -0.7140419803981788, -0.4235135762559624, 0.04212594072008469], [-0.7978271305405941, -0.6018407881925072, -0.03548993436436047, 0.6074130303983215], [0.0, 0.0, 0.0, 1.0]], "29": [[-0.8891578369054437, -0.4350889928693069, 0.1417600414560612, -0.011468881207180703], [-0.4435936012102358, 0.8955989562983129, -0.03357419310595017, -0.08311954585506873], [-0.11235238330798396, -0.09273660421513727, -0.9893315239108025, 0.5607602904891115], [0.0, 0.0, 0.0, 1.0]]}, "intrinsic": [[1387.14196777, 0.0, 949.0501709], [0.0, 1385.58874512, 538.76617432], [0.0, 0.0, 1.0]], "distortion": [0.0, 0.0, 0.0, 0.0, 0.0, 0.0, 0.0, 0.0]}