{"objects": [21, 29], "object_poses": {"21": [[-0.20553356752940333, 0.3224229850212824, -0.9240126467471176, -0.0881896567502296], [0.5499468823697656, -0.7429426215227519, -0.38156871949451315, 0.021750335342142768], [-0.8095149036246423, -0.5865830545241442, -0.02461586794558824, 0.5614538018070321], [0.0, 0.0, 0.0, 1.0]], "29": [[-0.9091374358554449, -0.3931983894047974, 0.13734682120704528, -0.032693656942710037], [-0.4040532996887543, 0.9126446820302551, -0.061811126607861776, -0.10721668570870987], [-0.10104481053886039, -0.11169024546207387, -0.9885925527393972, 0.5174650357672262], [0.0, 0.0, 0.0, 1.0]]}, "intrinsic": [[1387.14196777, 0.0, 949.0501709], [0.0, 1385.58874512, 538.76617432], [0.0, 0.0, 1.0]], "distortion": [0.0, 0.0, 0.0, 0.0, 0.0, 0.0, 0.0, 0.0]}