{"objects": [21, 29], "object_poses": {"21": [[-0.2064579836274771, 0.32222622999403056, -0.92387518513072, -0.08759206806675335], [0.5494346669131152, -0.7431182866998175, -0.38196434227085696, 0.025032630700237868], [-0.8096274747008982, -0.5864686425344242, -0.023619558278687898, 0.5731867466113689], [0.0, 0.0, 0.0, 1.0]], "29": [[-0.9090564139771921, -0.39367273463068, 0.13652184519464478, -0.03208046308188611], [-0.4044830667823622, 0.9124227058202146, -0.06227563399968147, -0.10393457579515555], [-0.1000494122585497, -0.11183283914902155, -0.9886776679962984, 0.5292182190962168], [0.0, 0.0, 0.0, 1.0]]}, "intrinsic": [[1387.14196777, 0.0, 949.0501709], [0.0, 1385.58874512, 538.76617432], [0.0, 0.0, 1.0]], "distortion": [0.0, 0.0, 0.0, 0.0, 0.0, 0.0, 0.0, 0.0]}