{"objects": [21, 29], "object_poses": {"21": [[-0.3126101322042835, 0.41179234813147975, -0.8559801208343529, -0.06480167383768481], [0.5951844291359034, -0.6173903322614926, -0.5143779475679514, 0.044110638673832386], [-0.7402907540672051, -0.6702657977626592, -0.05208992025525479, 0.6008701070637144], [0.0, 0.0, 0.0, 1.0]], "29": [[-0.8403736760482473, -0.5301333677734034, 0.11283039031397628, 0.008098062192844147], [-0.5259969556801153, 0.8479061292166741, 0.06619968770361764, -0.0693229868355075], [-0.13076424289699348, -0.003715966904614729, -0.991406528306905, 0.5419994765119861], [0.0, 0.0, 0.0, 1.0]]}, "intrinsic": [[1387.14196777, 0.0, 949.0501709], [0.0, 1385.58874512, 538.76617432], [0.0, 0.0, 1.0]], "distortion": [0.0, 0.0, 0.0, 0.0, 0.0, 0.0, 0.0, 0.0]}