{"objects": [21, 29], "object_poses": {"21": [[-0.2495802325365961, 0.3771597527661358, -0.8918857709484868, -0.06707202729063982], [0.5641587169367351, -0.6919477549733525, -0.45048112778632565, 0.04313323297039115], [-0.7870417076821771, -0.6155963168186864, -0.04008148061129329, 0.604961991985114], [0.0, 0.0, 0.0, 1.0]], "29": [[-0.875531091603934, -0.46274195781272176, 0.1389790923646157, -0.00191338046607209], [-0.46869665394177323, 0.8832816038486364, -0.0117070443056547, -0.07931545178108496], [-0.11734033500304403, -0.07538891683954393, -0.9902261140765496, 0.5558908151325368], [0.0, 0.0, 0.0, 1.0]]}, "intrinsic": [[1387.14196777, 0.0, 949.0501709], [0.0, 1385.58874512, 538.76617432], [0.0, 0.0, 1.0]], "distortion": [0.0, 0.0, 0.0, 0.0, 0.0, 0.0, 0.0, 0.0]}