{"objects": [21, 29], "object_poses": {"21": [[-0.20734230157303724, 0.31475428064330907, -0.9262499191876454, -0.08630514261877226], [0.5626069513783379, -0.7362128728570503, -0.3761170351105452, 0.02010940697038427], [-0.8003015608126544, -0.5990996149692382, -0.024434874760134118, 0.5581922570800669], [0.0, 0.0, 0.0, 1.0]], "29": [[-0.9119600588936907, -0.3887863136170322, 0.131049812387179, -0.031792300037314425], [-0.3975850853011171, 0.9162885312151433, -0.04838829930579609, -0.10851561579021393], [-0.10126673159896775, -0.09623164712132981, -0.9901941825539015, 0.5120266468859316], [0.0, 0.0, 0.0, 1.0]]}, "intrinsic": [[1387.14196777, 0.0, 949.0501709], [0.0, 1385.58874512, 538.76617432], [0.0, 0.0, 1.0]], "distortion": [0.0, 0.0, 0.0, 0.0, 0.0, 0.0, 0.0, 0.0]}