{"objects": [21, 29], "object_poses": {"21": [[-0.27147953527564556, 0.3959774123116447, -0.8772119190170096, -0.06637444502488377], [0.5693329918980844, -0.6687944833118349, -0.47809401107735877, 0.04374219090919451], [-0.7759889214820647, -0.6292184263279627, -0.04387898935103639, 0.6024932509208316], [0.0, 0.0, 0.0, 1.0]], "29": [[-0.8606743743651548, -0.4911334554311344, 0.1342667131773291, 0.0024181780415737375], [-0.4944426994923778, 0.8691548888435054, 0.009807961976517747, -0.0756908634185692], [-0.12151558842328594, -0.0579457345774295, -0.9908966916961804, 0.5510089756841168], [0.0, 0.0, 0.0, 1.0]]}, "intrinsic": [[1387.14196777, 0.0, 949.0501709], [0.0, 1385.58874512, 538.76617432], [0.0, 0.0, 1.0]], "distortion": [0.0, 0.0, 0.0, 0.0, 0.0, 0.0, 0.0, 0.0]}