{"objects": [21, 29], "object_poses": {"21": [[-0.016011442581133024, 0.22927928089369026, -0.9732289787400261, -0.060283919181642776], [0.6038606565774949, -0.7735759547787058, -0.19217843173992408, 0.00013435084887852833], [-0.7969290690797205, -0.590771744027331, -0.12606667011799394, 0.5279019745249887], [0.0, 0.0, 0.0, 1.0]], "29": [[-0.9555677529930461, -0.19764036531618884, 0.21869740610607102, -0.026588779400924245], [-0.21481281381910539, 0.9749607246126321, -0.057506873345181536, -0.13581212828986367], [-0.20185570207194184, -0.10193071892469381, -0.9740967118723626, 0.4828408780446607], [0.0, 0.0, 0.0, 1.0]]}, "intrinsic": [[1387.14196777, 0.0, 949.0501709], [0.0, 1385.58874512, 538.76617432], [0.0, 0.0, 1.0]], "distortion": [0.0, 0.0, 0.0, 0.0, 0.0, 0.0, 0.0, 0.0]}