{"objects": [21, 29], "object_poses": {"21": [[-0.1970174691707944, 0.3042575440558391, -0.9319932745072013, -0.08615374474120635], [0.5840817414824578, -0.7270816427399228, -0.36083348522197894, 0.018284248156370253], [-0.7874215110779972, -0.6154507548746141, -0.03446349105814537, 0.5585419994309375], [0.0, 0.0, 0.0, 1.0]], "29": [[-0.9179012656073077, -0.3741784421288793, 0.1320899695000643, -0.03358204489947558], [-0.3807485739244619, 0.9242657991822248, -0.02762708664590141, -0.11008527969159385], [-0.11174878098220688, -0.07565200531418913, -0.9908526550607526, 0.5095033335955603], [0.0, 0.0, 0.0, 1.0]]}, "intrinsic": [[1387.14196777, 0.0, 949.0501709], [0.0, 1385.58874512, 538.76617432], [0.0, 0.0, 1.0]], "distortion": [0.0, 0.0, 0.0, 0.0, 0.0, 0.0, 0.0, 0.0]}