{"objects": [21, 29], "object_poses": {"21": [[-0.11770633626129777, 0.2871535500294627, -0.9506250875657712, -0.0843388097358797], [0.6074491973108082, -0.7364729993568934, -0.2976793474608573, 0.015364136773713677], [-0.7855893908973054, -0.6124951917556137, -0.08774365496067563, 0.5612126654003583], [0.0, 0.0, 0.0, 1.0]], "29": [[-0.9339226266188217, -0.30847844769659594, 0.18063658210927083, -0.03784048682418312], [-0.3173394315729262, 0.9480645725756239, -0.0216622112440085, -0.11546965551828828], [-0.16457281871071713, -0.07755393951120705, -0.9833113310686049, 0.5125532900245385], [0.0, 0.0, 0.0, 1.0]]}, "intrinsic": [[1387.14196777, 0.0, 949.0501709], [0.0, 1385.58874512, 538.76617432], [0.0, 0.0, 1.0]], "distortion": [0.0, 0.0, 0.0, 0.0, 0.0, 0.0, 0.0, 0.0]}