{"objects": [21, 29], "object_poses": {"21": [[-0.07505922987067225, 0.2804024830944939, -0.9569433418367437, -0.08500053975970856], [0.61187841132233, -0.7447983020519728, -0.2662335422484651, 0.014091111667947409], [-0.7873823224894531, -0.6055162563754568, -0.11566823892568878, 0.5645627117415064], [0.0, 0.0, 0.0, 1.0]], "29": [[-0.9386870886507606, -0.27489271216823946, 0.20808783337131606, -0.041430381976181596], [-0.2863434114767408, 0.9577617334889624, -0.026455860751218356, -0.11814211364143212], [-0.1920260406930237, -0.08441835500065605, -0.9777522902221985, 0.5169882908194451], [0.0, 0.0, 0.0, 1.0]]}, "intrinsic": [[1387.14196777, 0.0, 949.0501709], [0.0, 1385.58874512, 538.76617432], [0.0, 0.0, 1.0]], "distortion": [0.0, 0.0, 0.0, 0.0, 0.0, 0.0, 0.0, 0.0]}