{"objects": [21, 29], "object_poses": {"21": [[-0.03996615635645769, 0.27047385398654805, -0.9618973961165327, -0.08300378454151675], [0.6110722949130294, -0.7550430763028119, -0.23769855556337732, 0.013087929111351593], [-0.7905652134617466, -0.5972887469531448, -0.1351029090261513, 0.5690948871885019], [0.0, 0.0, 0.0, 1.0]], "29": [[-0.9426534747818042, -0.24401836205996227, 0.22772673417801378, -0.04245350595503633], [-0.2586191433616503, 0.9653019654535014, -0.036169796495172137, -0.12056504229027462], [-0.21099896959154707, -0.09299007726198744, -0.9730530717088997, 0.5228361778123534], [0.0, 0.0, 0.0, 1.0]]}, "intrinsic": [[1387.14196777, 0.0, 949.0501709], [0.0, 1385.58874512, 538.76617432], [0.0, 0.0, 1.0]], "distortion": [0.0, 0.0, 0.0, 0.0, 0.0, 0.0, 0.0, 0.0]}