{"objects": [21, 29], "object_poses": {"21": [[0.004450423169434276, 0.26834762160940984, -0.9633118642008914, -0.08729121857391392], [0.6144530146735651, -0.7607449786672387, -0.2090802960375655, 0.011294680329205664], [-0.7889408637484704, -0.5909793832352898, -0.16827264215747315, 0.5692373009878667], [0.0, 0.0, 0.0, 1.0]], "29": [[-0.9421412890847055, -0.2125732356219525, 0.25919570000106595, -0.049111398188386224], [-0.2303160656756959, 0.9723034347578696, -0.03975601400701961, -0.12333995339954146], [-0.2435658048526002, -0.09715271614974524, -0.9650062427006583, 0.5238156457216063], [0.0, 0.0, 0.0, 1.0]]}, "intrinsic": [[1387.14196777, 0.0, 949.0501709], [0.0, 1385.58874512, 538.76617432], [0.0, 0.0, 1.0]], "distortion": [0.0, 0.0, 0.0, 0.0, 0.0, 0.0, 0.0, 0.0]}