{"objects": [21, 29], "object_poses": {"21": [[0.0039305050458286455, 0.2507647031131774, -0.9680400894604811, -0.08350973003118001], [0.6102371455725776, -0.7675034449276977, -0.19633921714103567, 0.00485786217117018], [-0.7922090489848748, -0.5899623087085175, -0.15604261280111836, 0.5583156626328147], [0.0, 0.0, 0.0, 1.0]], "29": [[-0.9480444593076129, -0.20000842143747605, 0.247403182134436, -0.04775397088101346], [-0.21826095509545526, 0.9746893466933388, -0.048402819373880746, -0.13053524938812616], [-0.23146027446837075, -0.09988647954859055, -0.967702863768846, 0.5131765323691593], [0.0, 0.0, 0.0, 1.0]]}, "intrinsic": [[1387.14196777, 0.0, 949.0501709], [0.0, 1385.58874512, 538.76617432], [0.0, 0.0, 1.0]], "distortion": [0.0, 0.0, 0.0, 0.0, 0.0, 0.0, 0.0, 0.0]}