{"objects": [21, 29], "object_poses": {"21": [[-0.006918662599942575, 0.23695502563267487, -0.9714959845183395, -0.0791931758051565], [0.6035092530980187, -0.7736466175648332, -0.19299609466403853, -0.00253603634300692], [-0.7973259769585473, -0.5876420908664721, -0.13765195061887836, 0.5401662377533386], [0.0, 0.0, 0.0, 1.0]], "29": [[-0.9529089579696628, -0.19716348177716728, 0.23041501529782302, -0.04485372246908159], [-0.21564880059036773, 0.9747618419740612, -0.05774899337027657, -0.13847514901504526], [-0.21321377212817444, -0.10471825478325257, -0.9713773594695496, 0.49557173538375876], [0.0, 0.0, 0.0, 1.0]]}, "intrinsic": [[1387.14196777, 0.0, 949.0501709], [0.0, 1385.58874512, 538.76617432], [0.0, 0.0, 1.0]], "distortion": [0.0, 0.0, 0.0, 0.0, 0.0, 0.0, 0.0, 0.0]}