{"objects": [21, 29], "object_poses": {"21": [[-0.1503548746962233, 0.30247464311488875, -0.9412239382461618, -0.08538916117752887], [0.6033707105587535, -0.7261017709169714, -0.3297271658675828, 0.01665015949956211], [-0.7831584752110584, -0.617483043122454, -0.07333139955930754, 0.5585629499535048], [0.0, 0.0, 0.0, 1.0]], "29": [[-0.925052510019248, -0.3416146531394771, 0.16606409144515175, -0.03523724871428541], [-0.3487834853645888, 0.9370802037880734, -0.01519118183159582, -0.11251456267812113], [-0.15042584234112216, -0.07197305349161902, -0.9859979439770988, 0.5090799198107061], [0.0, 0.0, 0.0, 1.0]]}, "intrinsic": [[1387.14196777, 0.0, 949.0501709], [0.0, 1385.58874512, 538.76617432], [0.0, 0.0, 1.0]], "distortion": [0.0, 0.0, 0.0, 0.0, 0.0, 0.0, 0.0, 0.0]}