{"objects": [21, 29], "object_poses": {"21": [[-0.009020944487196134, 0.2310941545623753, -0.9728895694207391, -0.07167261404394792], [0.6045370414010046, -0.7737344816786715, -0.1893935517264613, -0.0036181301578759317], [-0.796525949442127, -0.589856290623866, -0.13272516067715087, 0.529975251069051], [0.0, 0.0, 0.0, 1.0]], "29": [[-0.954784380228648, -0.19427049529038892, 0.22504613289510958, -0.03805122182310766], [-0.21201617866561184, 0.9755828860560778, -0.05733386798860079, -0.13962107448788624], [-0.2084128768945087, -0.10245490273350073, -0.9726597892636633, 0.48502960423009017], [0.0, 0.0, 0.0, 1.0]]}, "intrinsic": [[1387.14196777, 0.0, 949.0501709], [0.0, 1385.58874512, 538.76617432], [0.0, 0.0, 1.0]], "distortion": [0.0, 0.0, 0.0, 0.0, 0.0, 0.0, 0.0, 0.0]}