{"objects": [21, 29], "object_poses": {"21": [[0.024097550217644582, 0.09533395013560267, -0.9951536293583324, -0.005182678449175027], [0.6771382139226688, -0.7338786194797466, -0.05390743099170388, -0.012265393774417543], [-0.7354611800218477, -0.6725575141369338, -0.08223893760758232, 0.5386415675581696], [0.0, 0.0, 0.0, 1.0]], "29": [[-0.9844423976378055, -0.07200630557875197, 0.16027556797605547, 0.00797323235847952], [-0.0709591017024815, 0.9974039370363333, 0.012255295590423248, -0.14623369010137333], [-0.16074194106929116, 0.0006916222463610597, -0.9869962259502086, 0.4792553095421431], [0.0, 0.0, 0.0, 1.0]]}, "intrinsic": [[1387.14196777, 0.0, 949.0501709], [0.0, 1385.58874512, 538.76617432], [0.0, 0.0, 1.0]], "distortion": [0.0, 0.0, 0.0, 0.0, 0.0, 0.0, 0.0, 0.0]}