{"objects": [21, 29], "object_poses": {"21": [[-0.004479195771709549, 0.22283687387617399, -0.9748454566988265, -0.010649253974719386], [0.6022128951712737, -0.7776560365727505, -0.18052899399099026, -0.004737737214337567], [-0.7983229707923185, -0.5878731295297163, -0.1307119653370245, 0.5442593799087486], [0.0, 0.0, 0.0, 1.0]], "29": [[-0.9570706188662251, -0.18514352357140068, 0.22301951973449904, 0.02160988478100495], [-0.2035488119539578, 0.9770757180473361, -0.06237725831121081, -0.1411879388206319], [-0.2063582119886942, -0.10509479949958708, -0.9728162064146447, 0.4996723806891038], [0.0, 0.0, 0.0, 1.0]]}, "intrinsic": [[1387.14196777, 0.0, 949.0501709], [0.0, 1385.58874512, 538.76617432], [0.0, 0.0, 1.0]], "distortion": [0.0, 0.0, 0.0, 0.0, 0.0, 0.0, 0.0, 0.0]}