{"objects": [21, 29], "object_poses": {"21": [[0.00298774119617767, 0.18759758085057454, -0.9822414270746107, -0.006098690619258329], [0.6329181775186554, -0.7608255465804266, -0.1433843374886721, -0.00918473217341842], [-0.7742129254727096, -0.6212500586153821, -0.12100706880747548, 0.5454593243365324], [0.0, 0.0, 0.0, 1.0]], "29": [[-0.9664329985971207, -0.15419662502223166, 0.2055009976967273, 0.020902594003175012], [-0.1639835397709239, 0.985964127993161, -0.031370957825555046, -0.14475813326898035], [-0.19777931617535993, -0.0640167098689799, -0.9781539771174927, 0.4950798285550908], [0.0, 0.0, 0.0, 1.0]]}, "intrinsic": [[1387.14196777, 0.0, 949.0501709], [0.0, 1385.58874512, 538.76617432], [0.0, 0.0, 1.0]], "distortion": [0.0, 0.0, 0.0, 0.0, 0.0, 0.0, 0.0, 0.0]}