{"objects": [21, 29], "object_poses": {"21": [[-0.00035093456210495304, 0.21542894818606417, -0.9765194545570457, -0.006206965407192067], [0.6130135859816094, -0.7714747100135836, -0.17041453931936326, -0.007816398299939742], [-0.7900722879881963, -0.5986794969705501, -0.13179013491225056, 0.5461917408545638], [0.0, 0.0, 0.0, 1.0]], "29": [[-0.9590387592946014, -0.17691778933974076, 0.22123461299224986, 0.02482745534262687], [-0.1925558824940468, 0.9799565532245516, -0.05106256857233289, -0.14391883870801114], [-0.20776643205202386, -0.0915710085529561, -0.9738828780222888, 0.49971270800358214], [0.0, 0.0, 0.0, 1.0]]}, "intrinsic": [[1387.14196777, 0.0, 949.0501709], [0.0, 1385.58874512, 538.76617432], [0.0, 0.0, 1.0]], "distortion": [0.0, 0.0, 0.0, 0.0, 0.0, 0.0, 0.0, 0.0]}