{"objects": [21, 29], "object_poses": {"21": [[0.04366830810927195, 0.031165167246974504, -0.9985598686194795, -0.004888535228714325], [0.6909796623962614, -0.722833636209822, 0.007657709738642026, -0.013143530457221664], [-0.7215540070026807, -0.6903189601294191, -0.053099418680591995, 0.5293944754417482], [0.0, 0.0, 0.0, 1.0]], "29": [[-0.9911849280975477, -0.011453069630515155, 0.13198964167053387, -0.0015959177239797118], [-0.008220599617265114, 0.999653418794106, 0.02500927898198047, -0.14627835088238572], [-0.13223032955494474, 0.023703786391726423, -0.9909355531297159, 0.46685178353135093], [0.0, 0.0, 0.0, 1.0]]}, "intrinsic": [[1387.14196777, 0.0, 949.0501709], [0.0, 1385.58874512, 538.76617432], [0.0, 0.0, 1.0]], "distortion": [0.0, 0.0, 0.0, 0.0, 0.0, 0.0, 0.0, 0.0]}