{"objects": [21, 29], "object_poses": {"21": [[-0.010629137029057044, 0.2234318818187999, -0.9746615903137551, -0.024813968768755967], [0.6035354030220695, -0.7757182246822601, -0.1844078447214121, -0.0031843241989987225], [-0.797265350272422, -0.5902028719709185, -0.12660383553540303, 0.5395916413301872], [0.0, 0.0, 0.0, 1.0]], "29": [[-0.9571335383373054, -0.18971988581054078, 0.21886469500119152, 0.007815334938552354], [-0.20722495623575388, 0.9764641443054007, -0.05979625739977544, -0.13942214281608872], [-0.2023689879972153, -0.10258723026754733, -0.9739212765326704, 0.49462615046101976], [0.0, 0.0, 0.0, 1.0]]}, "intrinsic": [[1387.14196777, 0.0, 949.0501709], [0.0, 1385.58874512, 538.76617432], [0.0, 0.0, 1.0]], "distortion": [0.0, 0.0, 0.0, 0.0, 0.0, 0.0, 0.0, 0.0]}