{"objects": [21, 29], "object_poses": {"21": [[-0.017585588430122593, 0.22616312162957905, -0.9739306902928678, -0.042272169201676646], [0.603934352871048, -0.7739043247228161, -0.1906184503072998, -0.004666635158248111], [-0.7968400369596128, -0.591542338797566, -0.12297811556578737, 0.5361706079519453], [0.0, 0.0, 0.0, 1.0]], "29": [[-0.9565469790103455, -0.1964087073260139, 0.2155028923999068, -0.008937529994673066], [-0.2132763142010732, 0.9752809163439791, -0.05779574392688749, -0.14066390761967368], [-0.19882427102093114, -0.10124600684364092, -0.9747913393907555, 0.4909947984620896], [0.0, 0.0, 0.0, 1.0]]}, "intrinsic": [[1387.14196777, 0.0, 949.0501709], [0.0, 1385.58874512, 538.76617432], [0.0, 0.0, 1.0]], "distortion": [0.0, 0.0, 0.0, 0.0, 0.0, 0.0, 0.0, 0.0]}