{"objects": [21, 29], "object_poses": {"21": [[-0.0191504010312703, 0.22849952276402594, -0.9733556545461501, -0.057666350718919346], [0.6039867442620002, -0.7731755838568518, -0.19338957904553933, -0.005663539288991382], [-0.7967642530235227, -0.5915974007923259, -0.12320406032121844, 0.5309968334973867], [0.0, 0.0, 0.0, 1.0]], "29": [[-0.9558915336743724, -0.19917909407538012, 0.2158681642414789, -0.023933213490657246], [-0.21598756938897232, 0.9747280049606285, -0.057049857273486916, -0.14155885849777294], [-0.19904960617674464, -0.10115831566803264, -0.9747544559796065, 0.4858100243496427], [0.0, 0.0, 0.0, 1.0]]}, "intrinsic": [[1387.14196777, 0.0, 949.0501709], [0.0, 1385.58874512, 538.76617432], [0.0, 0.0, 1.0]], "distortion": [0.0, 0.0, 0.0, 0.0, 0.0, 0.0, 0.0, 0.0]}