{"objects": [21, 29], "object_poses": {"21": [[0.0177092315885818, 0.1283676649023051, -0.9915685179169831, -0.005177862421521517], [0.6652526912244291, -0.7418598723506827, -0.0841592930964189, -0.011482049708655961], [-0.7464082260634581, -0.6581532286659134, -0.0985347028281867, 0.5416898438119035], [0.0, 0.0, 0.0, 1.0]], "29": [[-0.9789745643987884, -0.10066451459978266, 0.17741324009388984, 0.012881563441325294], [-0.10219308727892318, 0.9947644433988703, 0.0005244632946600734, -0.14597866854733998], [-0.1765371778765678, -0.017616970503917667, -0.9841363051821892, 0.4848406863024193], [0.0, 0.0, 0.0, 1.0]]}, "intrinsic": [[1387.14196777, 0.0, 949.0501709], [0.0, 1385.58874512, 538.76617432], [0.0, 0.0, 1.0]], "distortion": [0.0, 0.0, 0.0, 0.0, 0.0, 0.0, 0.0, 0.0]}