{"objects": [21, 29], "object_poses": {"21": [[0.009780817714949262, 0.1569863666548286, -0.9875523359748348, -0.005379916555558195], [0.6508930151996893, -0.7507285932728109, -0.11289314419790601, -0.010696247219653787], [-0.7591064604975287, -0.6416867303654876, -0.1095240690614058, 0.5438553162537763], [0.0, 0.0, 0.0, 1.0]], "29": [[-0.9734414703147737, -0.1270876972863509, 0.19042169275028292, 0.017038610669020515], [-0.13208783409080485, 0.9911426855351982, -0.01374703587266441, -0.14573090105501124], [-0.1869879888031013, -0.03853432377164503, -0.9816061317732503, 0.4899075456629718], [0.0, 0.0, 0.0, 1.0]]}, "intrinsic": [[1387.14196777, 0.0, 949.0501709], [0.0, 1385.58874512, 538.76617432], [0.0, 0.0, 1.0]], "distortion": [0.0, 0.0, 0.0, 0.0, 0.0, 0.0, 0.0, 0.0]}