{"objects": [21, 29], "object_poses": {"21": [[0.11853723017268722, -0.046867316689075365, -0.9918429208747537, -0.004047758645071342], [0.7252314117035007, -0.6781923535606998, 0.1187203902046812, 0.02902753743249903], [-0.6782243909957357, -0.7333884279140028, -0.04640139287020641, 0.5771233635940125], [0.0, 0.0, 0.0, 1.0]], "29": [[-0.9861886631902327, 0.09675338353430946, 0.13442731630789076, -0.015146190061579107], [0.10702943445550485, 0.9916866545295936, 0.07143024141109705, -0.09958917139055712], [-0.12639865804356415, 0.08483137392837037, -0.9883455960554595, 0.506540950184649], [0.0, 0.0, 0.0, 1.0]]}, "intrinsic": [[1387.14196777, 0.0, 949.0501709], [0.0, 1385.58874512, 538.76617432], [0.0, 0.0, 1.0]], "distortion": [0.0, 0.0, 0.0, 0.0, 0.0, 0.0, 0.0, 0.0]}