{"objects": [21, 29], "object_poses": {"21": [[0.08234596699713853, -0.04375127971251685, -0.9956429918614569, -0.008097717260592857], [0.6890141003384425, -0.7193125916054913, 0.0885943852205368, -0.010823843259966326], [-0.7200546585184456, -0.6933074506171969, -0.029087242299195154, 0.5169462594640098], [0.0, 0.0, 0.0, 1.0]], "29": [[-0.9914505594356582, 0.07002026114734507, 0.11010427432028023, -0.01706675896045201], [0.07259253614562236, 0.9971705492700127, 0.019524839679201926, -0.1434554397021519], [-0.10842560532772916, 0.027350661736219285, -0.9937282472647726, 0.4538929013674304], [0.0, 0.0, 0.0, 1.0]]}, "intrinsic": [[1387.14196777, 0.0, 949.0501709], [0.0, 1385.58874512, 538.76617432], [0.0, 0.0, 1.0]], "distortion": [0.0, 0.0, 0.0, 0.0, 0.0, 0.0, 0.0, 0.0]}