{"objects": [21, 29], "object_poses": {"21": [[0.03297467034358476, 0.062329244464982426, -0.9975107700672543, -0.0047237863421543125], [0.6856845978464265, -0.7275418077107919, -0.02279364624414747, -0.012922819949452657], [-0.7271514996147077, -0.6832261582502134, -0.0667286541954808, 0.5346325675895183], [0.0, 0.0, 0.0, 1.0]], "29": [[-0.9885687696001899, -0.04167234161770084, 0.1448972177623946, 0.003415164097318124], [-0.03913019976362405, 0.999026845796179, 0.020351630033152716, -0.14643705178693905], [-0.14560431050502268, 0.01444912878499692, -0.9892373867983972, 0.47335437053981877], [0.0, 0.0, 0.0, 1.0]]}, "intrinsic": [[1387.14196777, 0.0, 949.0501709], [0.0, 1385.58874512, 538.76617432], [0.0, 0.0, 1.0]], "distortion": [0.0, 0.0, 0.0, 0.0, 0.0, 0.0, 0.0, 0.0]}