{"objects": [21, 29], "object_poses": {"21": [[0.08900705125950699, -0.04713233816163197, -0.9949152162498648, -0.012859224012894632], [0.6911162168987959, -0.7163709671675923, 0.09576540157526313, -0.003945334819957014], [-0.7172420230058932, -0.6961258363965483, -0.031188144151645166, 0.5260419239239967], [0.0, 0.0, 0.0, 1.0]], "29": [[-0.9906400569762485, 0.07701668580596296, 0.11269741621518461, -0.02261189706140898], [0.08003276672144673, 0.9965386887332283, 0.022481061113285003, -0.13627182932886295], [-0.1105759185583533, 0.031290125684211356, -0.9933750018344799, 0.46246603013975385], [0.0, 0.0, 0.0, 1.0]]}, "intrinsic": [[1387.14196777, 0.0, 949.0501709], [0.0, 1385.58874512, 538.76617432], [0.0, 0.0, 1.0]], "distortion": [0.0, 0.0, 0.0, 0.0, 0.0, 0.0, 0.0, 0.0]}