{"objects": [21, 29], "object_poses": {"21": [[0.05355912817467616, -0.0034640394044965802, -0.9985586713960193, -0.00502011057501342], [0.6925236373080068, -0.7203050903577508, 0.03964326644471511, -0.013819743275732599], [-0.7194042198645065, -0.6936487419693953, -0.03617998349116087, 0.522630120238213], [0.0, 0.0, 0.0, 1.0]], "29": [[-0.9930213808150855, 0.020806307737829884, 0.11608460191790217, -0.007020777855847232], [0.023899352692661736, 0.9993937601381564, 0.025316657318828248, -0.1467054907038785], [-0.1154874806418017, 0.02791432885178891, -0.9929166289572224, 0.459505754800084], [0.0, 0.0, 0.0, 1.0]]}, "intrinsic": [[1387.14196777, 0.0, 949.0501709], [0.0, 1385.58874512, 538.76617432], [0.0, 0.0, 1.0]], "distortion": [0.0, 0.0, 0.0, 0.0, 0.0, 0.0, 0.0, 0.0]}