{"objects": [21, 29], "object_poses": {"21": [[0.11475828393789475, -0.052194258475169945, -0.9920213181428446, -0.004437850159394435], [0.7182709769729101, -0.6854841426275634, 0.11915659379380457, 0.02314452183262905], [-0.6862341727909016, -0.7262143275840747, -0.04117536284723982, 0.5657873163905496], [0.0, 0.0, 0.0, 1.0]], "29": [[-0.9868953487857142, 0.09814468084557806, 0.12808275515017853, -0.016102715485760116], [0.10665722472437841, 0.9923999539559674, 0.06137237002347247, -0.10616470095669434], [-0.12108594864489695, 0.07422905771949108, -0.9898627379747419, 0.4965748473577883], [0.0, 0.0, 0.0, 1.0]]}, "intrinsic": [[1387.14196777, 0.0, 949.0501709], [0.0, 1385.58874512, 538.76617432], [0.0, 0.0, 1.0]], "distortion": [0.0, 0.0, 0.0, 0.0, 0.0, 0.0, 0.0, 0.0]}