{"objects": [21, 29], "object_poses": {"21": [[0.06374408898096255, -0.03557346421266081, -0.997332050905769, -0.004953977997246534], [0.690438433954641, -0.7200147135746857, 0.0698110389138588, -0.014103957883532525], [-0.7205771714662159, -0.693046420436526, -0.021335395048374454, 0.5149503279077876], [0.0, 0.0, 0.0, 1.0]], "29": [[-0.9934556283796319, 0.051422652066898195, 0.1019883586261431, -0.01191134343200656], [0.05389045963235379, 0.9983134382994354, 0.021589286032277572, -0.1468815277051005], [-0.10070617062256715, 0.02694419724497677, -0.9945512945209879, 0.45195015275280964], [0.0, 0.0, 0.0, 1.0]]}, "intrinsic": [[1387.14196777, 0.0, 949.0501709], [0.0, 1385.58874512, 538.76617432], [0.0, 0.0, 1.0]], "distortion": [0.0, 0.0, 0.0, 0.0, 0.0, 0.0, 0.0, 0.0]}