{"objects": [21, 29], "object_poses": {"21": [[0.13015795577307873, -0.05872097645071062, -0.9897528749509436, 0.0015181058226678423], [0.7218345679448938, -0.6787322926282393, 0.13519368129993542, 0.036661992989546366], [-0.6797159429267374, -0.7320343720538653, -0.04595557706006413, 0.57137058221096], [0.0, 0.0, 0.0, 1.0]], "29": [[-0.9843520116292301, 0.11337643853449025, 0.13489588721210136, -0.011779047789251845], [0.12325503431871816, 0.990093061535091, 0.06726013689528572, -0.09188758631108068], [-0.1259337671817887, 0.08283424826311342, -0.9885743136447044, 0.5010463231069718], [0.0, 0.0, 0.0, 1.0]]}, "intrinsic": [[1387.14196777, 0.0, 949.0501709], [0.0, 1385.58874512, 538.76617432], [0.0, 0.0, 1.0]], "distortion": [0.0, 0.0, 0.0, 0.0, 0.0, 0.0, 0.0, 0.0]}