{"objects": [21, 29], "object_poses": {"21": [[0.10132561726771479, -0.05185206056486067, -0.9935011238546763, -0.00570226904499746], [0.6992725657239229, -0.7066196102725101, 0.10819706652314684, 0.0004705944329408407], [-0.7076376177897842, -0.7056912144794719, -0.03533994475507027, 0.5398767955990097], [0.0, 0.0, 0.0, 1.0]], "29": [[-0.9889715120311235, 0.08882328548185119, 0.11851486129216268, -0.016690336631728975], [0.09344928297843257, 0.9950415086529737, 0.03405330480939624, -0.1308888165789856], [-0.11490247996326283, 0.04475287715704681, -0.9923681776863205, 0.4745217838525395], [0.0, 0.0, 0.0, 1.0]]}, "intrinsic": [[1387.14196777, 0.0, 949.0501709], [0.0, 1385.58874512, 538.76617432], [0.0, 0.0, 1.0]], "distortion": [0.0, 0.0, 0.0, 0.0, 0.0, 0.0, 0.0, 0.0]}