{"objects": [21, 29], "object_poses": {"21": [[0.13641009541661372, -0.08130836990166983, -0.9873101006534741, 0.0016114794769559737], [0.7173158981045448, -0.6792776570797749, 0.15504762790409976, 0.03671175229264917], [-0.6832643618650858, -0.7293632932744508, -0.03433654363719149, 0.5627525219612], [0.0, 0.0, 0.0, 1.0]], "29": [[-0.983125146952129, 0.13432747659759794, 0.12418161885437555, -0.015131392233275476], [0.14279772115178402, 0.9878086246228894, 0.061991386131491924, -0.09172237540985334], [-0.1143405276541506, 0.0786781427816334, -0.9903211567891567, 0.49295523591608176], [0.0, 0.0, 0.0, 1.0]]}, "intrinsic": [[1387.14196777, 0.0, 949.0501709], [0.0, 1385.58874512, 538.76617432], [0.0, 0.0, 1.0]], "distortion": [0.0, 0.0, 0.0, 0.0, 0.0, 0.0, 0.0, 0.0]}