{"objects": [21, 29], "object_poses": {"21": [[0.14244200892165515, -0.12667440812667843, -0.9816638265822614, 0.0023806824135929883], [0.7109215951445571, -0.6769748761871747, 0.19051378577017417, 0.040993454881028346], [-0.6886949685103582, -0.7250231798619428, -0.006374089064177543, 0.5534803885649221], [0.0, 0.0, 0.0, 1.0]], "29": [[-0.980226503085025, 0.17202772589851084, 0.09778785288524514, -0.02097865741181887], [0.1780031536857081, 0.982434399747757, 0.05601363646664491, -0.08685563971634686], [-0.08643425205127186, 0.07231259720450324, -0.9936297139064868, 0.4845147427358256], [0.0, 0.0, 0.0, 1.0]]}, "intrinsic": [[1387.14196777, 0.0, 949.0501709], [0.0, 1385.58874512, 538.76617432], [0.0, 0.0, 1.0]], "distortion": [0.0, 0.0, 0.0, 0.0, 0.0, 0.0, 0.0, 0.0]}