{"objects": [21, 29], "object_poses": {"21": [[0.15529116125140052, -0.11837614785417515, -0.9807506017619402, 0.011160990468811804], [0.7161212359342818, -0.6703848819130698, 0.1943051351518075, 0.0519486129476916], [-0.6804814697559004, -0.7325102031518833, -0.01933317349119088, 0.5622092851026129], [0.0, 0.0, 0.0, 1.0]], "29": [[-0.9781690172528287, 0.17455831404285813, 0.11275978310180904, -0.011641883450719537], [0.18246069584525537, 0.9811300746765484, 0.06396773434214205, -0.07522777873398462], [-0.0994659145552803, 0.08314548432545923, -0.9915610723893798, 0.49182814848980394], [0.0, 0.0, 0.0, 1.0]]}, "intrinsic": [[1387.14196777, 0.0, 949.0501709], [0.0, 1385.58874512, 538.76617432], [0.0, 0.0, 1.0]], "distortion": [0.0, 0.0, 0.0, 0.0, 0.0, 0.0, 0.0, 0.0]}