{"objects": [21, 29], "object_poses": {"21": [[0.16830816473573626, -0.07693518314678854, -0.9827275000107956, 0.012554633716796382], [0.7092903685671323, -0.68286464314467, 0.17493728076316506, 0.04839968011355961], [-0.6845286953380348, -0.7264825233528199, -0.06036231044063574, 0.5591397695380762], [0.0, 0.0, 0.0, 1.0]], "29": [[-0.9767859188193303, 0.1526478411373897, 0.1502927323338957, -0.005072982417758054], [0.16201135221711158, 0.9854129099244213, 0.052093365288475746, -0.08017952535309181], [-0.14014845896076567, 0.07523319447151369, -0.9872681377926386, 0.48982912733899187], [0.0, 0.0, 0.0, 1.0]]}, "intrinsic": [[1387.14196777, 0.0, 949.0501709], [0.0, 1385.58874512, 538.76617432], [0.0, 0.0, 1.0]], "distortion": [0.0, 0.0, 0.0, 0.0, 0.0, 0.0, 0.0, 0.0]}