{"objects": [21, 29], "object_poses": {"21": [[0.1416031403306881, -0.11132972553308695, -0.9836433514547966, 0.0013690967891731853], [0.7098526633523452, -0.6811512943936321, 0.17928220903778572, 0.03740530762149041], [-0.6899693811902612, -0.7236287766241853, -0.01742546014650241, 0.5525521763820241], [0.0, 0.0, 0.0, 1.0]], "29": [[-0.9812206349569361, 0.16008337869092976, 0.10760751554431691, -0.01980833968303211], [0.16648177977572004, 0.9846022097941627, 0.053313276687632, -0.0909654234932829], [-0.09741602813415041, 0.07022677790813454, -0.9927629712711986, 0.4838515095104694], [0.0, 0.0, 0.0, 1.0]]}, "intrinsic": [[1387.14196777, 0.0, 949.0501709], [0.0, 1385.58874512, 538.76617432], [0.0, 0.0, 1.0]], "distortion": [0.0, 0.0, 0.0, 0.0, 0.0, 0.0, 0.0, 0.0]}