{"objects": [21, 29], "object_poses": {"21": [[0.15790350999168717, -0.10347369350560635, -0.9820181649463633, 0.011714089076208661], [0.712968403093167, -0.676109344649206, 0.18588224839614853, 0.05060952108704597], [-0.6831855807341715, -0.7294993823371868, -0.03298656463744358, 0.5588874336555256], [0.0, 0.0, 0.0, 1.0]], "29": [[-0.9783225587590426, 0.16527674429619935, 0.12477407109662335, -0.00913052650931559], [0.17353930938535295, 0.9830896965087141, 0.058470135252716854, -0.07720988390660871], [-0.11300035009340548, 0.07885585845873212, -0.9904608394406691, 0.4890661492271233], [0.0, 0.0, 0.0, 1.0]]}, "intrinsic": [[1387.14196777, 0.0, 949.0501709], [0.0, 1385.58874512, 538.76617432], [0.0, 0.0, 1.0]], "distortion": [0.0, 0.0, 0.0, 0.0, 0.0, 0.0, 0.0, 0.0]}