{"objects": [21, 29], "object_poses": {"21": [[0.14069062830941134, -0.12345958641007397, -0.9823257492448044, 0.0028304193612888884], [0.7163539761539313, -0.6721892850798783, 0.18707898297847741, 0.047170626743158306], [-0.6834055369649548, -0.7300132160086309, -0.006129967241564156, 0.5588721679671717], [0.0, 0.0, 0.0, 1.0]], "29": [[-0.9807543514248674, 0.16846027559699217, 0.09870176141786949, -0.01999793588232915], [0.17514939427687995, 0.9824918779063135, 0.06350117741096732, -0.08026124578593596], [-0.08627625308071525, 0.07956660979280997, -0.9930888997267273, 0.488962983222448], [0.0, 0.0, 0.0, 1.0]]}, "intrinsic": [[1387.14196777, 0.0, 949.0501709], [0.0, 1385.58874512, 538.76617432], [0.0, 0.0, 1.0]], "distortion": [0.0, 0.0, 0.0, 0.0, 0.0, 0.0, 0.0, 0.0]}