{"objects": [21, 29], "object_poses": {"21": [[0.10726663726705084, -0.0531262917803106, -0.9928098839410807, -0.0013905328401382644], [0.7090838019433996, -0.6958725630839058, 0.11384874952556578, 0.0184344525064441], [-0.6969175204792277, -0.7161975796305909, -0.03697291684967572, 0.5511921037378561], [0.0, 0.0, 0.0, 1.0]], "29": [[-0.9880911188840802, 0.09377677290456601, 0.12199121954480743, -0.012834626775074548], [0.10025099607192776, 0.9938012693655992, 0.04804971169445496, -0.11188959633905515], [-0.11672908193338313, 0.05970723466162787, -0.9913674230879596, 0.4838720839993242], [0.0, 0.0, 0.0, 1.0]]}, "intrinsic": [[1387.14196777, 0.0, 949.0501709], [0.0, 1385.58874512, 538.76617432], [0.0, 0.0, 1.0]], "distortion": [0.0, 0.0, 0.0, 0.0, 0.0, 0.0, 0.0, 0.0]}