{"objects": [21, 29], "object_poses": {"21": [[0.16745044887380348, -0.0477520135365007, -0.9847233582967255, 0.014420656842207225], [0.7063176126653289, -0.6910260385275918, 0.15361785090157937, 0.046388570138531204], [-0.6878050430250672, -0.7212508296564247, -0.08198453213386629, 0.5595195647781466], [0.0, 0.0, 0.0, 1.0]], "29": [[-0.9768792604858808, 0.13045967778106712, 0.16937291077925065, 0.0009064667187821396], [0.14008249188982622, 0.9890653965609726, 0.04611438811947884, -0.08316932071718086], [-0.16150481695142424, 0.06877436876450584, -0.9844725899193645, 0.49111320810422804], [0.0, 0.0, 0.0, 1.0]]}, "intrinsic": [[1387.14196777, 0.0, 949.0501709], [0.0, 1385.58874512, 538.76617432], [0.0, 0.0, 1.0]], "distortion": [0.0, 0.0, 0.0, 0.0, 0.0, 0.0, 0.0, 0.0]}