{"objects": [21, 29], "object_poses": {"21": [[0.17239395383946077, -0.01575433665884634, -0.9849020893246433, 0.014809364641009903], [0.7092092407463432, -0.6919116824653069, 0.13520531242532477, 0.044364871060341315], [-0.6835953316982167, -0.7218102413685162, -0.10810826950762384, 0.5688459662892231], [0.0, 0.0, 0.0, 1.0]], "29": [[-0.9747052951298618, 0.11012815829525895, 0.19447718734165398, 0.00552842067731843], [0.12180598434722194, 0.9913382660166166, 0.049109515456606606, -0.0854335168886814], [-0.18738433718705222, 0.07155578999404547, -0.9796769258767437, 0.5001906488254617], [0.0, 0.0, 0.0, 1.0]]}, "intrinsic": [[1387.14196777, 0.0, 949.0501709], [0.0, 1385.58874512, 538.76617432], [0.0, 0.0, 1.0]], "distortion": [0.0, 0.0, 0.0, 0.0, 0.0, 0.0, 0.0, 0.0]}