{"objects": [21, 29], "object_poses": {"21": [[0.14783205071631975, -0.12177808424773576, -0.9814865169618828, 0.008143160904765717], [0.7192200864284229, -0.6679541834762207, 0.1912058473334766, 0.05014601135832164], [-0.6788727068154242, -0.7341711700779147, -0.01115979245008875, 0.5645170943400627], [0.0, 0.0, 0.0, 1.0]], "29": [[-0.9794746339863983, 0.1720392535989588, 0.10503302622670957, -0.014785093210670591], [0.17967675585519197, 0.9813637312868847, 0.06812848391126626, -0.07683299685073453], [-0.0913548290052708, 0.08560211525310428, -0.9921323364761488, 0.49382100754217517], [0.0, 0.0, 0.0, 1.0]]}, "intrinsic": [[1387.14196777, 0.0, 949.0501709], [0.0, 1385.58874512, 538.76617432], [0.0, 0.0, 1.0]], "distortion": [0.0, 0.0, 0.0, 0.0, 0.0, 0.0, 0.0, 0.0]}