{"objects": [21, 29], "object_poses": {"21": [[0.11036245647214496, 0.06353534587573002, -0.9918585524286695, 0.03013486914626473], [0.686574565322084, -0.7264459627503476, 0.029860165045056904, 0.00787256881431958], [-0.7186344651171608, -0.6842802956597391, -0.12379411342061682, 0.5377175633715819], [0.0, 0.0, 0.0, 1.0]], "29": [[-0.9792606266187899, 0.009629321798528517, 0.20237564407777384, 0.03482081701037115], [0.01346471822129168, 0.9997547277146995, 0.017583679232125626, -0.12558229891924588], [-0.20215668803533035, 0.019943935765475023, -0.979150097231665, 0.4759506610540504], [0.0, 0.0, 0.0, 1.0]]}, "intrinsic": [[1387.14196777, 0.0, 949.0501709], [0.0, 1385.58874512, 538.76617432], [0.0, 0.0, 1.0]], "distortion": [0.0, 0.0, 0.0, 0.0, 0.0, 0.0, 0.0, 0.0]}