{"objects": [21, 29], "object_poses": {"21": [[0.08941885587297316, 0.08031457877479549, -0.9927506417276225, 0.03206588218571316], [0.686063042328269, -0.7275361701833163, 0.002936498983221619, 0.004762016920406231], [-0.7220261561506279, -0.6813521039163435, -0.12015631620154504, 0.5366323091303045], [0.0, 0.0, 0.0, 1.0]], "29": [[-0.9800095547756881, -0.016889429474636085, 0.19823223683447055, 0.04007212486663003], [-0.013466603230115014, 0.9997362677563423, 0.018602299053389004, -0.12879449029347628], [-0.19849413881981015, 0.015560915932248072, -0.9799785379025103, 0.47542880016199063], [0.0, 0.0, 0.0, 1.0]]}, "intrinsic": [[1387.14196777, 0.0, 949.0501709], [0.0, 1385.58874512, 538.76617432], [0.0, 0.0, 1.0]], "distortion": [0.0, 0.0, 0.0, 0.0, 0.0, 0.0, 0.0, 0.0]}