{"objects": [21, 29], "object_poses": {"21": [[0.15538585896273416, 0.054352580821226806, -0.9863574563982851, 0.023717862470346573], [0.6882029508353796, -0.722266248300671, 0.06861606974430441, 0.019217911963299805], [-0.7086832390397643, -0.6894760790076425, -0.14963556789867655, 0.5558473448723105], [0.0, 0.0, 0.0, 1.0]], "29": [[-0.9722954821951563, 0.04682316535959479, 0.22901765540808036, 0.025013712394240883], [0.05244623127520851, 0.9984519100846733, 0.01852501209998692, -0.11376814811876101], [-0.22779571578046198, 0.030022898494065926, -0.9732459799239307, 0.49291612330545004], [0.0, 0.0, 0.0, 1.0]]}, "intrinsic": [[1387.14196777, 0.0, 949.0501709], [0.0, 1385.58874512, 538.76617432], [0.0, 0.0, 1.0]], "distortion": [0.0, 0.0, 0.0, 0.0, 0.0, 0.0, 0.0, 0.0]}