{"objects": [21, 29], "object_poses": {"21": [[0.16893014759215166, 0.06050027605101036, -0.9837694454658855, 0.016256508243256418], [0.7065515822969233, -0.7033416817990314, 0.07807265973329078, 0.030327462256942106], [-0.68720263881057, -0.7082726842409421, -0.16156217988726318, 0.5844603413665512], [0.0, 0.0, 0.0, 1.0]], "29": [[-0.9686790759210985, 0.05144146119884496, 0.24292925707372662, 0.017774665854728644], [0.0639793355443278, 0.9969806894116015, 0.04400169955450255, -0.10088501405571976], [-0.23993226647529264, 0.05816597811526713, -0.9690455234373324, 0.5179149334976537], [0.0, 0.0, 0.0, 1.0]]}, "intrinsic": [[1387.14196777, 0.0, 949.0501709], [0.0, 1385.58874512, 538.76617432], [0.0, 0.0, 1.0]], "distortion": [0.0, 0.0, 0.0, 0.0, 0.0, 0.0, 0.0, 0.0]}