{"objects": [21, 29], "object_poses": {"21": [[0.07241197245616288, 0.09026963573062492, -0.9932813796251689, 0.03626332518813902], [0.6874382510765153, -0.7260694165725776, -0.015869885784867296, -0.0004288524309928321], [-0.7226238006057318, -0.6816704447040559, -0.11463091910608916, 0.539452156934507], [0.0, 0.0, 0.0, 1.0]], "29": [[-0.9806681334340835, -0.03570665352920788, 0.19239294935281429, 0.04645352598949365], [-0.03205005672208179, 0.9992422214883073, 0.022085666375137838, -0.13382643234529035], [-0.1930357633472091, 0.01549250428006831, -0.9810694044664237, 0.4782267085350975], [0.0, 0.0, 0.0, 1.0]]}, "intrinsic": [[1387.14196777, 0.0, 949.0501709], [0.0, 1385.58874512, 538.76617432], [0.0, 0.0, 1.0]], "distortion": [0.0, 0.0, 0.0, 0.0, 0.0, 0.0, 0.0, 0.0]}