{"objects": [21, 29], "object_poses": {"21": [[0.1627822673454502, 0.05440644970185578, -0.9851608354318213, 0.01929103303982954], [0.6995621287215061, -0.7104806827594342, 0.07635461665367134, 0.022842015240840285], [-0.6957835593749766, -0.7016103887889171, -0.15371434821433275, 0.5743429183315569], [0.0, 0.0, 0.0, 1.0]], "29": [[-0.9707556717155598, 0.0517834715631992, 0.23441821154712766, 0.020247644861964842], [0.061468740920773035, 0.9975230818297095, 0.03419495732683449, -0.10903817859733533], [-0.23206684321915755, 0.047604341081797306, -0.9715342541508626, 0.5091201506955618], [0.0, 0.0, 0.0, 1.0]]}, "intrinsic": [[1387.14196777, 0.0, 949.0501709], [0.0, 1385.58874512, 538.76617432], [0.0, 0.0, 1.0]], "distortion": [0.0, 0.0, 0.0, 0.0, 0.0, 0.0, 0.0, 0.0]}