{"objects": [21, 29], "object_poses": {"21": [[0.1406747664373628, 0.06755283908425144, -0.9877485631573761, 0.027288499246126197], [0.6843120237148378, -0.727627721664743, 0.047696465951731194, 0.012930309719210886], [-0.7154912048984942, -0.6826379073832924, -0.14858607981996372, 0.542031043577381], [0.0, 0.0, 0.0, 1.0]], "29": [[-0.9734897067513094, 0.027136791182789593, 0.22711535706237398, 0.031114635021923964], [0.031058963641958804, 0.9994234808835146, 0.013713009741731338, -0.12060131069091623], [-0.22661229363552812, 0.020403441449686824, -0.9737713119363626, 0.4803708693419563], [0.0, 0.0, 0.0, 1.0]]}, "intrinsic": [[1387.14196777, 0.0, 949.0501709], [0.0, 1385.58874512, 538.76617432], [0.0, 0.0, 1.0]], "distortion": [0.0, 0.0, 0.0, 0.0, 0.0, 0.0, 0.0, 0.0]}