{"objects": [21, 29], "object_poses": {"21": [[0.16762993968277123, 0.013062380478842507, -0.9857634490780162, 0.013280110442362714], [0.7098687102237471, -0.695452756231177, 0.11149833225541478, 0.04242270438129592], [-0.6840954740145753, -0.7184530868934264, -0.12585127876221539, 0.5773395651406686], [0.0, 0.0, 0.0, 1.0]], "29": [[-0.9738736104152984, 0.08560167401893284, 0.21033911747900277, 0.008242858193299701], [0.09797260195359216, 0.9939773402745935, 0.049095990539945, -0.0878771304668759], [-0.204869617569644, 0.06842076019609171, -0.9763949197794236, 0.5091934780968002], [0.0, 0.0, 0.0, 1.0]]}, "intrinsic": [[1387.14196777, 0.0, 949.0501709], [0.0, 1385.58874512, 538.76617432], [0.0, 0.0, 1.0]], "distortion": [0.0, 0.0, 0.0, 0.0, 0.0, 0.0, 0.0, 0.0]}