{"objects": [21, 29], "object_poses": {"21": [[0.05829698376161137, 0.10377340517701131, -0.9928910021056072, 0.03519570674719047], [0.692755520108224, -0.7203414082385461, -0.034612785737325985, 0.0022213392015997813], [-0.7188123893227526, -0.6858129015663704, -0.1138833306556994, 0.5374312930975056], [0.0, 0.0, 0.0, 1.0]], "29": [[-0.9800389039073066, -0.055184386103267924, 0.1909932730715656, 0.04792892838490603], [-0.05010447340721067, 0.9982524925784315, 0.031328945171261884, -0.13060706256350163], [-0.19238837951593943, 0.021133967714645666, -0.9810912632552984, 0.4754491117683069], [0.0, 0.0, 0.0, 1.0]]}, "intrinsic": [[1387.14196777, 0.0, 949.0501709], [0.0, 1385.58874512, 538.76617432], [0.0, 0.0, 1.0]], "distortion": [0.0, 0.0, 0.0, 0.0, 0.0, 0.0, 0.0, 0.0]}