{"objects": [21, 29], "object_poses": {"21": [[0.1700065691234917, 0.04826093585127266, -0.9842604576663785, 0.011956009910617182], [0.707340839841445, -0.7014006720042717, 0.08778401679327073, 0.044698605153089654], [-0.6861244076311969, -0.7111314782673619, -0.15337965272492965, 0.5823594908295837], [0.0, 0.0, 0.0, 1.0]], "29": [[-0.9699303478215323, 0.06120586728506894, 0.23556095216461906, 0.011716832728529303], [0.0738242112552702, 0.996250155036869, 0.04511778387246059, -0.08628953306491477], [-0.23191616202273665, 0.06115120930044571, -0.9708117342686722, 0.5153568006483036], [0.0, 0.0, 0.0, 1.0]]}, "intrinsic": [[1387.14196777, 0.0, 949.0501709], [0.0, 1385.58874512, 538.76617432], [0.0, 0.0, 1.0]], "distortion": [0.0, 0.0, 0.0, 0.0, 0.0, 0.0, 0.0, 0.0]}