{"objects": [21, 29], "object_poses": {"21": [[-0.009594847629709701, 0.13003841647520345, -0.9914625303760068, 0.03502566430809334], [0.7954129656835067, -0.5998810279770633, -0.08637688519363824, -0.006199468173376466], [-0.6059918752933354, -0.789450924702613, -0.09767847544193353, 0.5167470284313999], [0.0, 0.0, 0.0, 1.0]], "29": [[-0.9800263106833941, -0.12027718842692822, 0.1583724354565132, 0.054593768525351416], [-0.08893990050820144, 0.9773751089700079, 0.19190516007514066, -0.12696755423357098], [-0.17787108946060917, 0.17398647737680123, -0.9685507633697461, 0.4350190115842254], [0.0, 0.0, 0.0, 1.0]]}, "intrinsic": [[1387.14196777, 0.0, 949.0501709], [0.0, 1385.58874512, 538.76617432], [0.0, 0.0, 1.0]], "distortion": [0.0, 0.0, 0.0, 0.0, 0.0, 0.0, 0.0, 0.0]}