{"objects": [21, 29], "object_poses": {"21": [[-0.02344418235695326, 0.13194156010535812, -0.9909802192932957, 0.03305898317213085], [0.8180522147530773, -0.5672639159305901, -0.09488004859127118, -0.010343517449321549], [-0.5746659414400691, -0.8128979483305788, -0.09463604677256657, 0.5176539180212069], [0.0, 0.0, 0.0, 1.0]], "29": [[-0.9800626123237607, -0.13099808008910752, 0.14938801470704574, 0.05353918678856201], [-0.09420001394165735, 0.9683488406394606, 0.23114255386149243, -0.12761050383033726], [-0.17493894162974324, 0.21246182208855832, -0.9613825153685109, 0.43118817210979843], [0.0, 0.0, 0.0, 1.0]]}, "intrinsic": [[1387.14196777, 0.0, 949.0501709], [0.0, 1385.58874512, 538.76617432], [0.0, 0.0, 1.0]], "distortion": [0.0, 0.0, 0.0, 0.0, 0.0, 0.0, 0.0, 0.0]}