{"objects": [21, 29], "object_poses": {"21": [[0.04414703192015612, 0.10788463364116513, -0.9931827351483528, 0.03577602223574339], [0.7031737324688625, -0.7095402947770392, -0.0458178137139569, 0.0009398548736781476], [-0.7096462087113914, -0.6963572904133567, -0.10718573855565129, 0.5333957306319594], [0.0, 0.0, 0.0, 1.0]], "29": [[-0.9807142021827834, -0.06775388186180482, 0.1833277532990086, 0.049744205037063394], [-0.06007233306621249, 0.997080254415286, 0.04714107609230143, -0.13085737333892666], [-0.1859864738011512, 0.035218996973441, -0.9819208999788164, 0.4695076209731543], [0.0, 0.0, 0.0, 1.0]]}, "intrinsic": [[1387.14196777, 0.0, 949.0501709], [0.0, 1385.58874512, 538.76617432], [0.0, 0.0, 1.0]], "distortion": [0.0, 0.0, 0.0, 0.0, 0.0, 0.0, 0.0, 0.0]}