{"objects": [21, 29], "object_poses": {"21": [[0.03759822945794799, 0.11042349759774325, -0.9931732096265582, 0.03643301900547036], [0.713281109308692, -0.6990405414804799, -0.050718640262181286, 7.173240143643067e-05], [-0.6998688678924012, -0.7065047576237308, -0.10504568153925362, 0.5302753182082534], [0.0, 0.0, 0.0, 1.0]], "29": [[-0.9808404747602455, -0.07403894016727308, 0.18019489008021883, 0.05106136418993806], [-0.06379112261150796, 0.996034000725811, 0.062023883094402134, -0.1307280611276204], [-0.18407241984631303, 0.049340700613713, -0.9816734892594792, 0.46451259638964076], [0.0, 0.0, 0.0, 1.0]]}, "intrinsic": [[1387.14196777, 0.0, 949.0501709], [0.0, 1385.58874512, 538.76617432], [0.0, 0.0, 1.0]], "distortion": [0.0, 0.0, 0.0, 0.0, 0.0, 0.0, 0.0, 0.0]}