{"objects": [21, 29], "object_poses": {"21": [[-0.024499766530031736, 0.1350255666739286, -0.9905391752900887, 0.02812970862392472], [0.8173237710805978, -0.5678484145991273, -0.0976218790223405, -0.012125297192083662], [-0.575657549821564, -0.8119829273954284, -0.09644745176410086, 0.5183766916768449], [0.0, 0.0, 0.0, 1.0]], "29": [[-0.9794674754541505, -0.13398078318531761, 0.15064067931518843, 0.04908904983452195], [-0.0970054458609425, 0.9682417253871108, 0.23042982596165593, -0.12943708906423884], [-0.17672975980521974, 0.21108555364223577, -0.9613581440039659, 0.4320867180134236], [0.0, 0.0, 0.0, 1.0]]}, "intrinsic": [[1387.14196777, 0.0, 949.0501709], [0.0, 1385.58874512, 538.76617432], [0.0, 0.0, 1.0]], "distortion": [0.0, 0.0, 0.0, 0.0, 0.0, 0.0, 0.0, 0.0]}