{"objects": [21, 29], "object_poses": {"21": [[0.0058092541666316545, 0.12236272601433985, -0.9924684457696263, 0.035938088201171114], [0.7639758258189573, -0.6409239064062193, -0.07454853292479668, -0.003900804902111532], [-0.6452187149566203, -0.757788829080595, -0.09720545453004678, 0.5195492569353601], [0.0, 0.0, 0.0, 1.0]], "29": [[-0.9808225875564583, -0.10425140125695295, 0.16467755486111127, 0.05371663229476409], [-0.08133306471725686, 0.9867676903002257, 0.1402656692254586, -0.128937707869508], [-0.17712138301958238, 0.12418200640805335, -0.9763231252826653, 0.4440707413345212], [0.0, 0.0, 0.0, 1.0]]}, "intrinsic": [[1387.14196777, 0.0, 949.0501709], [0.0, 1385.58874512, 538.76617432], [0.0, 0.0, 1.0]], "distortion": [0.0, 0.0, 0.0, 0.0, 0.0, 0.0, 0.0, 0.0]}