{"objects": [21, 29], "object_poses": {"21": [[-0.01595541672413237, 0.13416018386076928, -0.9908312014382744, 0.034552904379094085], [0.8116675438558492, -0.5769574849004385, -0.09119133110322307, -0.007434195958280265], [-0.583901723690018, -0.8056805233365222, -0.09968786981382426, 0.5158970294801501], [0.0, 0.0, 0.0, 1.0]], "29": [[-0.9794190805147811, -0.12759469699182557, 0.15639008287984127, 0.054992596030405516], [-0.09146296522549997, 0.9712833533338895, 0.21964328701019403, -0.12575888083344697], [-0.17992440278004768, 0.20081892549271513, -0.9629636381755046, 0.4308746912068242], [0.0, 0.0, 0.0, 1.0]]}, "intrinsic": [[1387.14196777, 0.0, 949.0501709], [0.0, 1385.58874512, 538.76617432], [0.0, 0.0, 1.0]], "distortion": [0.0, 0.0, 0.0, 0.0, 0.0, 0.0, 0.0, 0.0]}