{"objects": [21, 29], "object_poses": {"21": [[0.022693151611392393, 0.11663527974177718, -0.9929155212753552, 0.03680684135015294], [0.7365205473281153, -0.6735413430401793, -0.0622859741766176, -0.0018909030361404233], [-0.6760343957473155, -0.7298892181250499, -0.10118905588733174, 0.524161793200084], [0.0, 0.0, 0.0, 1.0]], "29": [[-0.980863894280361, -0.08865988708325577, 0.17333622044906863, 0.05299793762254795], [-0.07254961714866512, 0.992619394689869, 0.09717659356609154, -0.1302076459691519], [-0.18067256003268597, 0.08274153556655948, -0.9800567658780451, 0.45401928158527577], [0.0, 0.0, 0.0, 1.0]]}, "intrinsic": [[1387.14196777, 0.0, 949.0501709], [0.0, 1385.58874512, 538.76617432], [0.0, 0.0, 1.0]], "distortion": [0.0, 0.0, 0.0, 0.0, 0.0, 0.0, 0.0, 0.0]}