{"objects": [21, 29], "object_poses": {"21": [[0.027546965339515252, 0.11405225786896872, -0.9930927686654376, 0.03668690512474532], [0.7245269102119525, -0.6867362641524316, -0.058771250426446146, -0.0010551434457832243], [-0.6886958117190103, -0.7179034656365434, -0.10155143006249438, 0.5268327516203374], [0.0, 0.0, 0.0, 1.0]], "29": [[-0.9809864501805657, -0.08348613242383536, 0.1752017415868374, 0.05229103674835295], [-0.07047876871081783, 0.9943637656942403, 0.07920507960595569, -0.13065583093711505], [-0.1808267892850967, 0.06535110685588458, -0.9813413805142245, 0.4589543093200068], [0.0, 0.0, 0.0, 1.0]]}, "intrinsic": [[1387.14196777, 0.0, 949.0501709], [0.0, 1385.58874512, 538.76617432], [0.0, 0.0, 1.0]], "distortion": [0.0, 0.0, 0.0, 0.0, 0.0, 0.0, 0.0, 0.0]}