{"objects": [21, 29], "object_poses": {"21": [[0.01489713943934148, 0.12013951592914358, -0.9926452397250727, 0.03639636833968274], [0.7498610193940581, -0.6580510916105764, -0.06839014858470521, -0.0029121151981127413], [-0.661427642928409, -0.7433271537771561, -0.09989101875406835, 0.5216214354900195], [0.0, 0.0, 0.0, 1.0]], "29": [[-0.9807241613583104, -0.09649354049579657, 0.1699091403387238, 0.05344032197348386], [-0.07698659919139075, 0.9900385047133776, 0.11788478582859098, -0.12968506117856862], [-0.17959171159327156, 0.10253173083243754, -0.9783833917741623, 0.4489204460673348], [0.0, 0.0, 0.0, 1.0]]}, "intrinsic": [[1387.14196777, 0.0, 949.0501709], [0.0, 1385.58874512, 538.76617432], [0.0, 0.0, 1.0]], "distortion": [0.0, 0.0, 0.0, 0.0, 0.0, 0.0, 0.0, 0.0]}