{"objects": [21, 29], "object_poses": {"21": [[0.0019791045101445882, 0.09766306240272571, -0.9952175688699781, -0.027779648495156906], [0.8227840751058995, -0.5657937895384426, -0.05388648691335108, -0.0003322403856327316], [-0.5683506390402583, -0.8187425199425385, -0.08147537751172176, 0.54251704060125], [0.0, 0.0, 0.0, 1.0]], "29": [[-0.9853789813297409, -0.08861809878879798, 0.14551665100819122, -0.013265324751109031], [-0.05302377790296883, 0.9711781964200674, 0.23238199107325574, -0.11765564437268827], [-0.16191584891688687, 0.22126848705889826, -0.9616774482664138, 0.4549278669882103], [0.0, 0.0, 0.0, 1.0]]}, "intrinsic": [[1387.14196777, 0.0, 949.0501709], [0.0, 1385.58874512, 538.76617432], [0.0, 0.0, 1.0]], "distortion": [0.0, 0.0, 0.0, 0.0, 0.0, 0.0, 0.0, 0.0]}