{"objects": [21, 29], "object_poses": {"21": [[0.0037549983708992226, 0.08083139541875495, -0.9967207158988429, -0.03133789950325577], [0.8259624752070875, -0.5621226445700936, -0.042474957460952964, -0.0003227112755804229], [-0.5637125948007704, -0.8230944161979165, -0.06887446904912235, 0.5368321781391951], [0.0, 0.0, 0.0, 1.0]], "29": [[-0.9879111970554059, -0.07500577972773191, 0.13566723900783428, -0.019253274441757118], [-0.04125857851184263, 0.9708071056804217, 0.23628646440199166, -0.11729370563182515], [-0.1494295701384263, 0.22783260646327022, -0.9621658417343697, 0.4484067385445491], [0.0, 0.0, 0.0, 1.0]]}, "intrinsic": [[1387.14196777, 0.0, 949.0501709], [0.0, 1385.58874512, 538.76617432], [0.0, 0.0, 1.0]], "distortion": [0.0, 0.0, 0.0, 0.0, 0.0, 0.0, 0.0, 0.0]}