{"objects": [21, 29], "object_poses": {"21": [[-0.0021651407896131434, 0.12691489035292022, -0.991911247426945, 0.03526324981836665], [0.7799607203517277, -0.6205511687261865, -0.08110192168489731, -0.0050483913938415], [-0.6258247253614848, -0.7738274081468542, -0.09764504865557135, 0.5180215107501863], [0.0, 0.0, 0.0, 1.0]], "29": [[-0.9803356535818073, -0.1129747507122929, 0.1617983684029147, 0.05404890048023958], [-0.08577108962154119, 0.9823492089021133, 0.16623282453996566, -0.12798344408668452], [-0.17772261111485527, 0.14908634233523038, -0.9727219212229314, 0.4393997440459838], [0.0, 0.0, 0.0, 1.0]]}, "intrinsic": [[1387.14196777, 0.0, 949.0501709], [0.0, 1385.58874512, 538.76617432], [0.0, 0.0, 1.0]], "distortion": [0.0, 0.0, 0.0, 0.0, 0.0, 0.0, 0.0, 0.0]}