{"objects": [21, 29], "object_poses": {"21": [[-0.014286516898130784, 0.12399181011588571, -0.9921803900799067, -0.008708155006679041], [0.8195942410818208, -0.5669513188850911, -0.08265277974741252, -0.005057168396850165], [-0.5727662484997135, -0.8143661541583426, -0.09352321391461964, 0.5420721544869463], [0.0, 0.0, 0.0, 1.0]], "29": [[-0.9813608182935661, -0.11897784816831702, 0.15091459824496067, 0.010236290062305309], [-0.08192054175098805, 0.9693737793851426, 0.23152429824922946, -0.12236465111031936], [-0.1738389172694773, 0.21484586913834613, -0.9610521751480376, 0.45531172254052615], [0.0, 0.0, 0.0, 1.0]]}, "intrinsic": [[1387.14196777, 0.0, 949.0501709], [0.0, 1385.58874512, 538.76617432], [0.0, 0.0, 1.0]], "distortion": [0.0, 0.0, 0.0, 0.0, 0.0, 0.0, 0.0, 0.0]}