{"objects": [21, 29], "object_poses": {"21": [[-0.027390233137844812, 0.13237864579358444, -0.9908207049040313, 0.02860761039112869], [0.8169156386516274, -0.5682824753940547, -0.09850821024875873, -0.014623845275484493], [-0.5761064263268206, -0.8121150917806353, -0.09257679648310715, 0.5206787500748988], [0.0, 0.0, 0.0, 1.0]], "29": [[-0.9800579136215574, -0.1339746050791036, 0.14675588963199018, 0.049333001435089896], [-0.09793661555124887, 0.9682720931830033, 0.22990774866754923, -0.13197625061691684], [-0.1729014322732579, 0.21095013334177642, -0.9620837468541671, 0.4343874922458052], [0.0, 0.0, 0.0, 1.0]]}, "intrinsic": [[1387.14196777, 0.0, 949.0501709], [0.0, 1385.58874512, 538.76617432], [0.0, 0.0, 1.0]], "distortion": [0.0, 0.0, 0.0, 0.0, 0.0, 0.0, 0.0, 0.0]}