{"objects": [21, 29], "object_poses": {"21": [[0.002691394981549696, 0.060150544264479515, -0.9981856883454855, 0.010489941817935056], [0.8277085014468025, -0.5602717957450223, -0.03153016849528906, -0.010042287215557444], [-0.5611518448920436, -0.8261219201288288, -0.05129502955373223, 0.5301566004551047], [0.0, 0.0, 0.0, 1.0]], "29": [[-0.9907925787587415, -0.06045843482120623, 0.12113976859640962, 0.019740491924520376], [-0.030145862550303795, 0.9708092592758026, 0.2379508543281051, -0.12684744051483612], [-0.1319897452369649, 0.23210807776410455, -0.9636931811468545, 0.4411718066050899], [0.0, 0.0, 0.0, 1.0]]}, "intrinsic": [[1387.14196777, 0.0, 949.0501709], [0.0, 1385.58874512, 538.76617432], [0.0, 0.0, 1.0]], "distortion": [0.0, 0.0, 0.0, 0.0, 0.0, 0.0, 0.0, 0.0]}