{"objects": [21, 29], "object_poses": {"21": [[-0.006169131788911654, 0.1280811118314602, -0.9917445087344819, -0.02060508008213685], [0.818677349680082, -0.5688549349500779, -0.0785586411780678, -0.001294178297065629], [-0.5742206361093011, -0.8124034045811033, -0.1013477641157765, 0.5502760489758365], [0.0, 0.0, 0.0, 1.0]], "29": [[-0.9802780798830327, -0.1165292009880778, 0.15961150152145662, -0.0014698193344473975], [-0.07800870840760686, 0.970236946495656, 0.2292485748426191, -0.11882843676098931], [-0.18157512911582693, 0.21227626568195523, -0.9601923034031805, 0.4638651125469008], [0.0, 0.0, 0.0, 1.0]]}, "intrinsic": [[1387.14196777, 0.0, 949.0501709], [0.0, 1385.58874512, 538.76617432], [0.0, 0.0, 1.0]], "distortion": [0.0, 0.0, 0.0, 0.0, 0.0, 0.0, 0.0, 0.0]}