{"objects": [21, 29], "object_poses": {"21": [[-0.01774524058864124, 0.12655735722651054, -0.9918005554385938, -0.002612154812958678], [0.8196831841493838, -0.5661851346128339, -0.08691300803780085, -0.005304156977730623], [-0.5725422115959492, -0.8145045295609448, -0.09368984611753861, 0.5350158217094979], [0.0, 0.0, 0.0, 1.0]], "29": [[-0.9809727009027226, -0.12319598494424124, 0.15005102257983596, 0.016851436110135454], [-0.08611182466431275, 0.9687912351639864, 0.23243987679059927, -0.1225047015642727], [-0.1740037750642708, 0.21509600638567297, -0.9609663856245582, 0.4482257817966804], [0.0, 0.0, 0.0, 1.0]]}, "intrinsic": [[1387.14196777, 0.0, 949.0501709], [0.0, 1385.58874512, 538.76617432], [0.0, 0.0, 1.0]], "distortion": [0.0, 0.0, 0.0, 0.0, 0.0, 0.0, 0.0, 0.0]}