{"objects": [21, 29], "object_poses": {"21": [[-0.000926301799789158, 0.11883014332889973, -0.9929141649716857, -0.024661262054520183], [0.8203172797147747, -0.5677656967283391, -0.06871443967566276, -0.0007377300673532816], [-0.571907949382005, -0.8145682971089809, -0.09695249753693992, 0.5487726327288266], [0.0, 0.0, 0.0, 1.0]], "29": [[-0.981814020021972, -0.10618164844007225, 0.1573743550355739, -0.007060416775858336], [-0.06804841313989864, 0.9707111172926253, 0.23041124155226042, -0.11820635817372024], [-0.17723048145692688, 0.2155119121975911, -0.9602832770300097, 0.46194728097395765], [0.0, 0.0, 0.0, 1.0]]}, "intrinsic": [[1387.14196777, 0.0, 949.0501709], [0.0, 1385.58874512, 538.76617432], [0.0, 0.0, 1.0]], "distortion": [0.0, 0.0, 0.0, 0.0, 0.0, 0.0, 0.0, 0.0]}