{"objects": [21, 29], "object_poses": {"21": [[-0.019714698335561172, 0.1309489331086073, -0.9911930728103715, 0.014009582031212664], [0.8191860362535331, -0.5662461699490492, -0.09110166313115489, -0.012351431936841073], [-0.5731889467503412, -0.8137675662839841, -0.096108165040655, 0.5271040861331351], [0.0, 0.0, 0.0, 1.0]], "29": [[-0.980167384610177, -0.1277575717999746, 0.1514922473073751, 0.034177264893402615], [-0.0903138637856619, 0.9684270142204899, 0.23236291471769122, -0.12953313232884628], [-0.17639530649812635, 0.2140727002113335, -0.960758853651462, 0.4404494629888358], [0.0, 0.0, 0.0, 1.0]]}, "intrinsic": [[1387.14196777, 0.0, 949.0501709], [0.0, 1385.58874512, 538.76617432], [0.0, 0.0, 1.0]], "distortion": [0.0, 0.0, 0.0, 0.0, 0.0, 0.0, 0.0, 0.0]}