{"objects": [21, 29], "object_poses": {"21": [[-0.04469324523101894, -0.04817770709473268, -0.9978383748733178, -0.07617953124396865], [0.8786802330497676, -0.47713177498972986, -0.016319232296877404, -0.004747336337685176], [-0.4753141717625594, -0.8775102152307128, 0.06365736632493253, 0.5078061371476653], [0.0, 0.0, 0.0, 1.0]], "29": [[-0.9998330275485546, -0.012261145618680093, 0.013549218841916358, -0.07982845118085921], [-0.007102452421487861, 0.9439257621564935, 0.3300813698270354, -0.11235000543833942], [-0.016836632463439735, 0.32993002264936433, -0.9438552367613863, 0.40752821815858126], [0.0, 0.0, 0.0, 1.0]]}, "intrinsic": [[1387.14196777, 0.0, 949.0501709], [0.0, 1385.58874512, 538.76617432], [0.0, 0.0, 1.0]], "distortion": [0.0, 0.0, 0.0, 0.0, 0.0, 0.0, 0.0, 0.0]}