{"objects": [21, 29], "object_poses": {"21": [[-0.0326737540651136, -0.042185130632532104, -0.9985754055397214, -0.07724412356874169], [0.8723163013384706, -0.48887833167903355, -0.00788969162260632, -0.0013109902407743568], [-0.4878490506442189, -0.8713313902116974, 0.05277226750189654, 0.4986774216013154], [0.0, 0.0, 0.0, 1.0]], "29": [[-0.9996118558620634, -0.008613862157867892, 0.026494131401968605, -0.08061785562447779], [0.00022463300948963918, 0.9484765585741668, 0.3168472303418888, -0.11026341825120362], [-0.027858340941814042, 0.31673019940327873, -0.9481064780001984, 0.39985790726472104], [0.0, 0.0, 0.0, 1.0]]}, "intrinsic": [[1387.14196777, 0.0, 949.0501709], [0.0, 1385.58874512, 538.76617432], [0.0, 0.0, 1.0]], "distortion": [0.0, 0.0, 0.0, 0.0, 0.0, 0.0, 0.0, 0.0]}