{"objects": [21, 29], "object_poses": {"21": [[-0.01501876453773204, -0.0060791037568600605, -0.9998687319889968, -0.06752384774766704], [0.8413787790754742, -0.5403649470010372, -0.009352762909173012, 0.002592094008012802], [-0.5402371579530852, -0.8414087999005524, 0.013230442800274432, 0.502926813041976], [0.0, 0.0, 0.0, 1.0]], "29": [[-0.9976858881082595, -0.023446010581393402, 0.06382126023097084, -0.06668397544002116], [-0.006085860390452721, 0.9656895135000162, 0.2596280528360129, -0.11209640301981405], [-0.06771876381742006, 0.25863883719180575, -0.9635974890602, 0.41076850731168885], [0.0, 0.0, 0.0, 1.0]]}, "intrinsic": [[1387.14196777, 0.0, 949.0501709], [0.0, 1385.58874512, 538.76617432], [0.0, 0.0, 1.0]], "distortion": [0.0, 0.0, 0.0, 0.0, 0.0, 0.0, 0.0, 0.0]}