{"objects": [21, 29], "object_poses": {"21": [[-0.023275103628496503, -0.03024537261266364, -0.9992714781212432, -0.07677559796550362], [0.8548975949533675, -0.5187796991570917, -0.004210212040985498, 0.0008631874347008184], [-0.518274417364038, -0.8543727764728969, 0.03793134756327788, 0.4966896969986594], [0.0, 0.0, 0.0, 1.0]], "29": [[-0.9990770994759627, -0.011126802314361759, 0.04148666741222683, -0.07892203298921643], [0.0010995291551305904, 0.9589231853015647, 0.28366373706687875, -0.11145061781461005], [-0.04293879758857167, 0.28344755945565675, -0.9580259603477824, 0.40167226692301], [0.0, 0.0, 0.0, 1.0]]}, "intrinsic": [[1387.14196777, 0.0, 949.0501709], [0.0, 1385.58874512, 538.76617432], [0.0, 0.0, 1.0]], "distortion": [0.0, 0.0, 0.0, 0.0, 0.0, 0.0, 0.0, 0.0]}