{"objects": [21, 29], "object_poses": {"21": [[0.0014570914007239833, 0.04420034798824451, -0.9990216244518326, -0.04395841599368969], [0.8297237502899629, -0.5576808718185318, -0.023463661531955053, 0.0011205677720572127], [-0.5581723524946497, -0.8288777801614955, -0.03748667049960079, 0.5238039628305218], [0.0, 0.0, 0.0, 1.0]], "29": [[-0.9927411210578355, -0.0495121652633471, 0.1096066241236613, -0.03687460587930566], [-0.021840379998153976, 0.9703941681895261, 0.2405372240325877, -0.11542523499845223], [-0.11827114763282669, 0.23639734312107388, -0.9644315589003307, 0.43428186755838843], [0.0, 0.0, 0.0, 1.0]]}, "intrinsic": [[1387.14196777, 0.0, 949.0501709], [0.0, 1385.58874512, 538.76617432], [0.0, 0.0, 1.0]], "distortion": [0.0, 0.0, 0.0, 0.0, 0.0, 0.0, 0.0, 0.0]}