{"objects": [21, 29], "object_poses": {"21": [[-0.012069893381914526, 0.00489742700248481, -0.9999151628425857, -0.06095246992444081], [0.8384429848191586, -0.5448392374680119, -0.012789312836115887, 0.0021304284545380914], [-0.5448556495818794, -0.8385262193420301, 0.00246993819262679, 0.5076821280217456], [0.0, 0.0, 0.0, 1.0]], "29": [[-0.9968670943702875, -0.029576830418111662, 0.07335671246843606, -0.05871897761380834], [-0.009944277329705077, 0.9669598967464981, 0.25473450773776396, -0.11304172762519932], [-0.07846723845113884, 0.2532069690716071, -0.9642246228464783, 0.4161523731487264], [0.0, 0.0, 0.0, 1.0]]}, "intrinsic": [[1387.14196777, 0.0, 949.0501709], [0.0, 1385.58874512, 538.76617432], [0.0, 0.0, 1.0]], "distortion": [0.0, 0.0, 0.0, 0.0, 0.0, 0.0, 0.0, 0.0]}