{"objects": [21, 29], "object_poses": {"21": [[-0.0019635999183011854, 0.030086127170075087, -0.9995453812745457, -0.046904412697371195], [0.8323753990312623, -0.5539097584183377, -0.01830777475527727, 0.001267144785625507], [-0.5542087507094323, -0.8320329347332669, -0.023955294952118344, 0.5180680109278613], [0.0, 0.0, 0.0, 1.0]], "29": [[-0.9943582765927742, -0.0413894085526652, 0.0976654218806571, -0.041629359259799464], [-0.016328114288989126, 0.9694830381935077, 0.24461404566962316, -0.11488152029895504], [-0.1048094006052467, 0.24163930871188166, -0.9646892940372167, 0.4279072020285798], [0.0, 0.0, 0.0, 1.0]]}, "intrinsic": [[1387.14196777, 0.0, 949.0501709], [0.0, 1385.58874512, 538.76617432], [0.0, 0.0, 1.0]], "distortion": [0.0, 0.0, 0.0, 0.0, 0.0, 0.0, 0.0, 0.0]}