{"objects": [21, 29], "object_poses": {"21": [[-0.044516728088054715, -0.04804344029686187, -0.9978527390175297, -0.0792492069195167], [0.8796797350384956, -0.4752850436415057, -0.01636126686105247, -0.006979726453384211], [-0.47347843106411824, -0.878519183134405, 0.06342097588279119, 0.5105752094767203], [0.0, 0.0, 0.0, 1.0]], "29": [[-0.9998302394154908, -0.012241845521946348, 0.013770605237139244, -0.08288762813380318], [-0.006975425548715286, 0.9432325193665771, 0.3320598708784359, -0.11437141258472014], [-0.017053908314356814, 0.33190744436906927, -0.9431577877447711, 0.4100709921920306], [0.0, 0.0, 0.0, 1.0]]}, "intrinsic": [[1387.14196777, 0.0, 949.0501709], [0.0, 1385.58874512, 538.76617432], [0.0, 0.0, 1.0]], "distortion": [0.0, 0.0, 0.0, 0.0, 0.0, 0.0, 0.0, 0.0]}