{"objects": [21, 29], "object_poses": {"21": [[-0.021597056273036035, -0.02050298038006217, -0.9995564991314321, -0.07518042842112596], [0.8438010705910501, -0.53660745051489, -0.007224771367476639, 0.0032152128956527415], [-0.5362213352989039, -0.8435828778771255, 0.0288895781003061, 0.4973075660041175], [0.0, 0.0, 0.0, 1.0]], "29": [[-0.9986370030129771, -0.017204912193697183, 0.04927603078257133, -0.07604580932499319], [-0.0036031023488349717, 0.9645800654386149, 0.26376564410838454, -0.11106434346680613], [-0.05206874174340262, 0.26322858574792934, -0.9633273367752083, 0.4046428792860215], [0.0, 0.0, 0.0, 1.0]]}, "intrinsic": [[1387.14196777, 0.0, 949.0501709], [0.0, 1385.58874512, 538.76617432], [0.0, 0.0, 1.0]], "distortion": [0.0, 0.0, 0.0, 0.0, 0.0, 0.0, 0.0, 0.0]}