{"objects": [21, 29], "object_poses": {"21": [[-0.008724818028832933, 0.014814706698105456, -0.9998521900840257, -0.053802023809071925], [0.8352430839287872, -0.5496642805215659, -0.015432740127492574, 0.0016763294790631544], [-0.54981166620898, -0.8352542745680303, -0.007578160485524239, 0.512504046838984], [0.0, 0.0, 0.0, 1.0]], "29": [[-0.9959911166177484, -0.034655892034711304, 0.08246614314873252, -0.05034130830420419], [-0.013047709870654702, 0.9683259564361577, 0.24934834942132844, -0.11401686243546297], [-0.08849549641467272, 0.24727274665698354, -0.9648962306253678, 0.4216722305855639], [0.0, 0.0, 0.0, 1.0]]}, "intrinsic": [[1387.14196777, 0.0, 949.0501709], [0.0, 1385.58874512, 538.76617432], [0.0, 0.0, 1.0]], "distortion": [0.0, 0.0, 0.0, 0.0, 0.0, 0.0, 0.0, 0.0]}