{"objects": [21, 29], "object_poses": {"21": [[-0.044119598509103616, -0.04950703860250248, -0.9977988345133582, -0.08119469998029409], [0.8794790849038795, -0.47569200464362216, -0.015285808279939963, -0.001985996952075908], [-0.47388817272013933, -0.8782176096201615, 0.06452774526529903, 0.505288619443495], [0.0, 0.0, 0.0, 1.0]], "29": [[-0.9998551507409674, -0.010891518887575075, 0.0130786984481188, -0.08505591752281814], [-0.005939813479041031, 0.9434175006471833, 0.33155412542821033, -0.10942614487316513], [-0.015949801020993356, 0.3314284150294804, -0.9433455409119442, 0.40484452720878045], [0.0, 0.0, 0.0, 1.0]]}, "intrinsic": [[1387.14196777, 0.0, 949.0501709], [0.0, 1385.58874512, 538.76617432], [0.0, 0.0, 1.0]], "distortion": [0.0, 0.0, 0.0, 0.0, 0.0, 0.0, 0.0, 0.0]}