{"objects": [21, 29], "object_poses": {"21": [[-0.04274178144930685, -0.04697465338327837, -0.9979812232993516, -0.07601860626530033], [0.8792537547360322, -0.47610962707297155, -0.015246566532495143, 0.0034575625574129465], [-0.4744322658727289, -0.8781304031565956, 0.06165241399093695, 0.5116142817168838], [0.0, 0.0, 0.0, 1.0]], "29": [[-0.9998049639603401, -0.011839513052582856, 0.015806959573493238, -0.07959072143580972], [-0.005938868730019253, 0.9435752720965419, 0.33110487119061555, -0.10403035932208352], [-0.018835176624809137, 0.3309464183498969, -0.9434615542261906, 0.4112106129875593], [0.0, 0.0, 0.0, 1.0]]}, "intrinsic": [[1387.14196777, 0.0, 949.0501709], [0.0, 1385.58874512, 538.76617432], [0.0, 0.0, 1.0]], "distortion": [0.0, 0.0, 0.0, 0.0, 0.0, 0.0, 0.0, 0.0]}