{"objects": [21, 29], "object_poses": {"21": [[-0.03170423434990983, -0.065777105381263, -0.9973305439682264, -0.01475204247492834], [0.888828514406602, -0.4582357501473534, 0.001967044648477898, 0.0632420795696004], [-0.4571418964632766, -0.8863934621230928, 0.07299258046817479, 0.5132669535752259], [0.0, 0.0, 0.0, 1.0]], "29": [[-0.9998909719976307, 0.00950257954966206, 0.011302437770393269, -0.02146364829847003], [0.01284856062605168, 0.9371131471695852, 0.3487891395840235, -0.04221656264830326], [-0.00727726648474232, 0.3488963318577996, -0.9371330700645955, 0.41089147223375605], [0.0, 0.0, 0.0, 1.0]]}, "intrinsic": [[1387.14196777, 0.0, 949.0501709], [0.0, 1385.58874512, 538.76617432], [0.0, 0.0, 1.0]], "distortion": [0.0, 0.0, 0.0, 0.0, 0.0, 0.0, 0.0, 0.0]}