{"objects": [21, 29], "object_poses": {"21": [[-0.03403282095846162, -0.032853177886484806, -0.9988805913623403, -0.013440708084788616], [0.8798143530864065, -0.47510081033576446, -0.014350056496492876, 0.04122183128545806], [-0.4740975334261507, -0.8793178542035112, 0.04507371826440914, 0.521262030489571], [0.0, 0.0, 0.0, 1.0]], "29": [[-0.9993601505180567, -0.016433284805187267, 0.03176848606806476, -0.015448727832705067], [-0.00495234680623751, 0.9432227972712066, 0.3321238157208857, -0.06615242566243212], [-0.03542264554851436, 0.3317539779089353, -0.9427006599785288, 0.42069341285637235], [0.0, 0.0, 0.0, 1.0]]}, "intrinsic": [[1387.14196777, 0.0, 949.0501709], [0.0, 1385.58874512, 538.76617432], [0.0, 0.0, 1.0]], "distortion": [0.0, 0.0, 0.0, 0.0, 0.0, 0.0, 0.0, 0.0]}