{"objects": [21, 29], "object_poses": {"21": [[-0.034187907653418996, -0.03391646484852399, -0.9988397571094523, -0.011418388338089058], [0.8795348610628232, -0.47562980882051575, -0.013953964904782203, 0.060556085516155544], [-0.4746046935561043, -0.8789914438568477, 0.046091501179459544, 0.5254101177379444], [0.0, 0.0, 0.0, 1.0]], "29": [[-0.9993971845735453, -0.015750859640670908, 0.0309382915990557, -0.013567543041467595], [-0.004605627722550105, 0.9434328147705169, 0.33153176651336125, -0.04687930507527155], [-0.03441010984825991, 0.3311894237966683, -0.9429366415117573, 0.4249097295118262], [0.0, 0.0, 0.0, 1.0]]}, "intrinsic": [[1387.14196777, 0.0, 949.0501709], [0.0, 1385.58874512, 538.76617432], [0.0, 0.0, 1.0]], "distortion": [0.0, 0.0, 0.0, 0.0, 0.0, 0.0, 0.0, 0.0]}