{"objects": [21, 29], "object_poses": {"21": [[-0.03549175773966912, -0.03447416854392887, -0.9987751833299439, -0.026455228367775085], [0.8790941753296597, -0.47641846214580374, -0.014794587797460923, 0.032641240486402934], [-0.47532490575817327, -0.8785425320551304, 0.0472149694074874, 0.5197271389809435], [0.0, 0.0, 0.0, 1.0]], "29": [[-0.9994303777229394, -0.016215065019362825, 0.02959715781993091, -0.02862133461580807], [-0.005516272326079867, 0.9437042362667194, 0.3307444409085076, -0.07488275739579081], [-0.0332940058302437, 0.3303927755243374, -0.9432561280252102, 0.4193219204202318], [0.0, 0.0, 0.0, 1.0]]}, "intrinsic": [[1387.14196777, 0.0, 949.0501709], [0.0, 1385.58874512, 538.76617432], [0.0, 0.0, 1.0]], "distortion": [0.0, 0.0, 0.0, 0.0, 0.0, 0.0, 0.0, 0.0]}