{"objects": [21, 29], "object_poses": {"21": [[-0.04124819508173382, -0.043060681022827986, -0.9982205989421175, -0.05906864341105536], [0.8794784070614124, -0.47567572116394435, -0.01582213032072729, 0.01807764350663793], [-0.47414799157564935, -0.8785660965715785, 0.05749170409515295, 0.5136097088305618], [0.0, 0.0, 0.0, 1.0]], "29": [[-0.999714555145493, -0.013732006748027324, 0.0195509647061046, -0.06216426185749263], [-0.006473325537178914, 0.9433954417205495, 0.33160690070833615, -0.089359671984649], [-0.02299791918319382, 0.3313856854656995, -0.9432150460958962, 0.4131360782724308], [0.0, 0.0, 0.0, 1.0]]}, "intrinsic": [[1387.14196777, 0.0, 949.0501709], [0.0, 1385.58874512, 538.76617432], [0.0, 0.0, 1.0]], "distortion": [0.0, 0.0, 0.0, 0.0, 0.0, 0.0, 0.0, 0.0]}