{"objects": [21, 29], "object_poses": {"21": [[-0.030220139748988184, -0.05186863617908408, -0.998196567683181, -0.007753433290130646], [0.8836996459071834, -0.4680480924329832, -0.002432898141857427, 0.0633172051058555], [-0.4670778082686788, -0.8821794759292327, 0.05998077418771909, 0.517399827478501], [0.0, 0.0, 0.0, 1.0]], "29": [[-0.9997626313323431, 0.00020355784697980562, 0.021786223987881027, -0.012593135069548705], [0.0075739636328880245, 0.9408365509000229, 0.33877606108673897, -0.0432664004267829], [-0.020428315308286194, 0.338860654332665, -0.9406147675211755, 0.41608930300339375], [0.0, 0.0, 0.0, 1.0]]}, "intrinsic": [[1387.14196777, 0.0, 949.0501709], [0.0, 1385.58874512, 538.76617432], [0.0, 0.0, 1.0]], "distortion": [0.0, 0.0, 0.0, 0.0, 0.0, 0.0, 0.0, 0.0]}