{"objects": [21, 29], "object_poses": {"21": [[-0.03685224506083386, -0.038649901362427616, -0.9985730304582939, -0.041996626296535416], [0.8788437417551438, -0.4769049985409233, -0.01397497565308771, 0.024667702852898238], [-0.47568433820317957, -0.8781046677312248, 0.051542243808791556, 0.5159230241129414], [0.0, 0.0, 0.0, 1.0]], "29": [[-0.9995690682226881, -0.014040120941577361, 0.025778922715875754, -0.04468192972525878], [-0.00474325724955256, 0.9439099743394879, 0.33016883840408295, -0.0829132801527202], [-0.028968592701571455, 0.3299042820976766, -0.9435698094420565, 0.41559141746721595], [0.0, 0.0, 0.0, 1.0]]}, "intrinsic": [[1387.14196777, 0.0, 949.0501709], [0.0, 1385.58874512, 538.76617432], [0.0, 0.0, 1.0]], "distortion": [0.0, 0.0, 0.0, 0.0, 0.0, 0.0, 0.0, 0.0]}