{"objects": [21, 29], "object_poses": {"21": [[-0.033386881235666306, -0.04001890775079748, -0.9986409781216664, 0.008820595646336332], [0.8805345362483082, -0.4738668078546751, -0.010448870159072947, 0.06629006106924398], [-0.4728046601243842, -0.8796867257359642, 0.05105896521288251, 0.5220072129389098], [0.0, 0.0, 0.0, 1.0]], "29": [[-0.9995666446074921, -0.01069655899194151, 0.02742456223660058, 0.0057824594869752], [-0.0009486667125776928, 0.9428648465727212, 0.3331741003272563, -0.040949534882127936], [-0.029421472084270046, 0.3330037007649327, -0.9424663984765002, 0.42132082438546276], [0.0, 0.0, 0.0, 1.0]]}, "intrinsic": [[1387.14196777, 0.0, 949.0501709], [0.0, 1385.58874512, 538.76617432], [0.0, 0.0, 1.0]], "distortion": [0.0, 0.0, 0.0, 0.0, 0.0, 0.0, 0.0, 0.0]}