{"objects": [21, 29], "object_poses": {"21": [[-0.13233814339442715, -0.09316232768926387, -0.9868167998683667, -0.01448752511052473], [0.8981872047579658, -0.4323398811836613, -0.07963650134940194, 0.057933215741726635], [-0.4192211361703871, -0.896885169816975, 0.14089226788718048, 0.5170390715679108], [0.0, 0.0, 0.0, 1.0]], "29": [[-0.9959025066464214, -0.03780430160164595, -0.08215249257206887, -0.020328259622787198], [-0.06633455604566944, 0.9228126897015684, 0.3794950149870082, -0.04426941922868165], [0.061464818633232984, 0.383389585808194, -0.921539202402273, 0.41136117758560814], [0.0, 0.0, 0.0, 1.0]]}, "intrinsic": [[1387.14196777, 0.0, 949.0501709], [0.0, 1385.58874512, 538.76617432], [0.0, 0.0, 1.0]], "distortion": [0.0, 0.0, 0.0, 0.0, 0.0, 0.0, 0.0, 0.0]}