{"objects": [21, 29], "object_poses": {"21": [[-0.0831773994484773, -0.09445969622754616, -0.9920478244568648, -0.013401284287751863], [0.9020552107657336, -0.43022619450414384, -0.034667251014108835, 0.05942997407180703], [-0.4235303022823507, -0.8977654411655034, 0.12099295722287762, 0.5156856586739185], [0.0, 0.0, 0.0, 1.0]], "29": [[-0.9989190071615444, -0.0038465472714409787, -0.0463251681648435, -0.02171473204537011], [-0.02119312282237421, 0.9246556657626854, 0.380214086164638, -0.04270285539443003], [0.04137231775533564, 0.38078485243909643, -0.9237376399587166, 0.4101059173279862], [0.0, 0.0, 0.0, 1.0]]}, "intrinsic": [[1387.14196777, 0.0, 949.0501709], [0.0, 1385.58874512, 538.76617432], [0.0, 0.0, 1.0]], "distortion": [0.0, 0.0, 0.0, 0.0, 0.0, 0.0, 0.0, 0.0]}