{"objects": [21, 29], "object_poses": {"21": [[-0.05714061474048128, -0.09378482198076601, -0.9939513857896299, -0.013393652135849393], [0.9018204500078255, -0.4319687341475316, -0.011085516075766171, 0.060498793326497824], [-0.4283162687719966, -0.8969991192219883, 0.10926002938045748, 0.5149811024286519], [0.0, 0.0, 0.0, 1.0]], "29": [[-0.9995622022522594, 0.013146879563712978, -0.026505912290803832, -0.022827553492321323], [0.0021846756017453724, 0.9262064373803355, 0.3770104276379514, -0.04188943285453409], [0.029506457278805024, 0.3767874665019708, -0.9258296679551222, 0.40974345376729954], [0.0, 0.0, 0.0, 1.0]]}, "intrinsic": [[1387.14196777, 0.0, 949.0501709], [0.0, 1385.58874512, 538.76617432], [0.0, 0.0, 1.0]], "distortion": [0.0, 0.0, 0.0, 0.0, 0.0, 0.0, 0.0, 0.0]}