{"objects": [21, 29], "object_poses": {"21": [[-0.17141813764203925, -0.02815668750095498, -0.9847959296404093, -0.007573056118449939], [0.8837207262605979, -0.4462489925028858, -0.14106563957110216, 0.05532188528707915], [-0.43549225029244554, -0.8944657833808629, 0.10137781954691955, 0.5252981343556199], [0.0, 0.0, 0.0, 1.0]], "29": [[-0.9913914433721637, -0.11213331285961625, -0.06759531163921967, -0.0025208742322306577], [-0.129156519059896, 0.9222623618662152, 0.36434973510253754, -0.048084735611162416], [0.021484868926902448, 0.36994358493165863, -0.9288057624579631, 0.4207569641705299], [0.0, 0.0, 0.0, 1.0]]}, "intrinsic": [[1387.14196777, 0.0, 949.0501709], [0.0, 1385.58874512, 538.76617432], [0.0, 0.0, 1.0]], "distortion": [0.0, 0.0, 0.0, 0.0, 0.0, 0.0, 0.0, 0.0]}