{"objects": [21, 29], "object_poses": {"21": [[-0.1071544782607953, -0.09529254328494388, -0.989665220659468, -0.015204780935707568], [0.9002483195278985, -0.431773453983667, -0.055898547585897664, 0.05891804584014465], [-0.4219844558462477, -0.8969342314959938, 0.13205341114429342, 0.5166929500731752], [0.0, 0.0, 0.0, 1.0]], "29": [[-0.9977131530317315, -0.019328178362371738, -0.06476793796849387, -0.02251651966692797], [-0.04254125352273054, 0.9242046581098424, 0.37952073945542586, -0.04332528016452955], [0.05252338542224149, 0.381408142872267, -0.9229133884252231, 0.41114603720832477], [0.0, 0.0, 0.0, 1.0]]}, "intrinsic": [[1387.14196777, 0.0, 949.0501709], [0.0, 1385.58874512, 538.76617432], [0.0, 0.0, 1.0]], "distortion": [0.0, 0.0, 0.0, 0.0, 0.0, 0.0, 0.0, 0.0]}