{"objects": [21, 29], "object_poses": {"21": [[-0.16381287112488066, -0.04612914878473775, -0.9854123222723715, -0.011249968415090489], [0.8900115045752466, -0.4377592414208522, -0.1274612422438664, 0.055858395881588196], [-0.4254936720769549, -0.897908095621731, 0.11276607131328147, 0.5207103687203647], [0.0, 0.0, 0.0, 1.0]], "29": [[-0.9928447280763897, -0.09373782401308754, -0.0739767955525837, -0.009059872093635402], [-0.11474145906574114, 0.9204630207659199, 0.3736070462049013, -0.04667114393230004], [0.0330717931537137, 0.37942199165543794, -0.9246324722536143, 0.41521057253702076], [0.0, 0.0, 0.0, 1.0]]}, "intrinsic": [[1387.14196777, 0.0, 949.0501709], [0.0, 1385.58874512, 538.76617432], [0.0, 0.0, 1.0]], "distortion": [0.0, 0.0, 0.0, 0.0, 0.0, 0.0, 0.0, 0.0]}