{"objects": [21, 29], "object_poses": {"21": [[-0.20533214856656548, 0.010320635363693709, -0.9786379275558132, -0.00824920756401673], [0.8707751945860588, -0.45452876321424174, -0.18749443699626622, 0.05475355821749808], [-0.4467541485634479, -0.8906722673894305, 0.08434241426901361, 0.5323218796149523], [0.0, 0.0, 0.0, 1.0]], "29": [[-0.9842765842188401, -0.1632986643349535, -0.06732868619637934, 0.0037494448172429584], [-0.17658334967662642, 0.9188415498468316, 0.3529143336449557, -0.04915754937811036], [0.0042339550649546686, 0.35925443977980603, -0.9332300472675625, 0.4288529272168554], [0.0, 0.0, 0.0, 1.0]]}, "intrinsic": [[1387.14196777, 0.0, 949.0501709], [0.0, 1385.58874512, 538.76617432], [0.0, 0.0, 1.0]], "distortion": [0.0, 0.0, 0.0, 0.0, 0.0, 0.0, 0.0, 0.0]}