{"objects": [21, 29], "object_poses": {"21": [[-0.1781298115314969, -0.007673772399242432, -0.9839770746622747, -0.007946235424090842], [0.8775525080700232, -0.45362475780954825, -0.1553260270600019, 0.05445783039549748], [-0.44516442560448094, -0.8911597456794157, 0.08753823082995135, 0.5303519830881414], [0.0, 0.0, 0.0, 1.0]], "29": [[-0.9895283305233191, -0.13177966800663896, -0.058888047953817, 0.00027631890943105586], [-0.14414582846079138, 0.9233089311247944, 0.35598117624749565, -0.049675537082289015], [0.00746077938976052, 0.3607419254886512, -0.9326358345922856, 0.42673759495096897], [0.0, 0.0, 0.0, 1.0]]}, "intrinsic": [[1387.14196777, 0.0, 949.0501709], [0.0, 1385.58874512, 538.76617432], [0.0, 0.0, 1.0]], "distortion": [0.0, 0.0, 0.0, 0.0, 0.0, 0.0, 0.0, 0.0]}