{"objects": [21, 29], "object_poses": {"21": [[-0.155654682081359, -0.06859723413521472, -0.9854268310814147, -0.015367115843666207], [0.895120422104772, -0.43169788594908937, -0.11133896531792198, 0.05730720139255693], [-0.4177691346630672, -0.8994061122407905, 0.12859858236693536, 0.5179781077961432], [0.0, 0.0, 0.0, 1.0]], "29": [[-0.9939706309014349, -0.07163578008893977, -0.08301023982900976, -0.016692722860437936], [-0.09803276540196053, 0.9197083480422583, 0.3801659262072724, -0.04463131113168824], [0.04911172785664177, 0.3860114888865865, -0.9211857405727185, 0.41189280022976316], [0.0, 0.0, 0.0, 1.0]]}, "intrinsic": [[1387.14196777, 0.0, 949.0501709], [0.0, 1385.58874512, 538.76617432], [0.0, 0.0, 1.0]], "distortion": [0.0, 0.0, 0.0, 0.0, 0.0, 0.0, 0.0, 0.0]}