{"objects": [21, 29], "object_poses": {"21": [[-0.2475250986406675, 0.012573388000471116, -0.9687998944349278, -0.007483370735567707], [0.8600311114925915, -0.4576217244485557, -0.22567420007070282, 0.05266008138960018], [-0.446181367616071, -0.8890580786579286, 0.10245935762697019, 0.5260473083607259], [0.0, 0.0, 0.0, 1.0]], "29": [[-0.9762811938692431, -0.19319030428147488, -0.0977370801123842, 0.006791189991576407], [-0.21534192892641252, 0.913215093023211, 0.345927806804929, -0.051142886505167934], [0.022425078450584366, 0.3587697035791191, -0.9331566940499585, 0.4227589216787912], [0.0, 0.0, 0.0, 1.0]]}, "intrinsic": [[1387.14196777, 0.0, 949.0501709], [0.0, 1385.58874512, 538.76617432], [0.0, 0.0, 1.0]], "distortion": [0.0, 0.0, 0.0, 0.0, 0.0, 0.0, 0.0, 0.0]}