{"objects": [21, 29], "object_poses": {"21": [[-0.5306289253198408, -0.030610320927026934, -0.8470513277639451, -0.0376198789407457], [0.7677318299986823, -0.4408572071819506, -0.46500834409998465, 0.03878983697831026], [-0.35919462805112634, -0.8970551438615592, 0.2574321037686201, 0.5631804149564483], [0.0, 0.0, 0.0, 1.0]], "29": [[-0.8709464763235025, -0.3496608243196643, -0.3452383862141971, -0.016262925311724657], [-0.45706512543253475, 0.8344229779439934, 0.30794441867393496, -0.058125827565632525], [0.18039874304726483, 0.42599953264666895, -0.8865555209301893, 0.4545593095083549], [0.0, 0.0, 0.0, 1.0]]}, "intrinsic": [[1387.14196777, 0.0, 949.0501709], [0.0, 1385.58874512, 538.76617432], [0.0, 0.0, 1.0]], "distortion": [0.0, 0.0, 0.0, 0.0, 0.0, 0.0, 0.0, 0.0]}