{"objects": [21, 29], "object_poses": {"21": [[-0.33347364423846726, 0.010587467372530053, -0.9426999703686009, -0.006037396985641735], [0.8337575423503368, -0.4634262515301501, -0.3001407502600147, 0.04924919512810891], [-0.44004964398604485, -0.8860722402419329, 0.14571306015729862, 0.5163501592575513], [0.0, 0.0, 0.0, 1.0]], "29": [[-0.9543908276040933, -0.24911176923895656, -0.16456449985287977, 0.011950025862042857], [-0.29116930008545644, 0.8984927406094514, 0.3285288933410139, -0.054062569263681096], [0.06601959461354505, 0.36146109264866133, -0.9300469297988738, 0.4131491805382295], [0.0, 0.0, 0.0, 1.0]]}, "intrinsic": [[1387.14196777, 0.0, 949.0501709], [0.0, 1385.58874512, 538.76617432], [0.0, 0.0, 1.0]], "distortion": [0.0, 0.0, 0.0, 0.0, 0.0, 0.0, 0.0, 0.0]}