{"objects": [21, 29], "object_poses": {"21": [[-0.43945265925380966, 0.027584013879024247, -0.8978421255728011, -0.026518745345618433], [0.7918796275761356, -0.45994357405050973, -0.4017195092592952, 0.04562660869537523], [-0.42403775268793975, -0.8875195946388864, 0.18028020808562306, 0.5448368895524607], [0.0, 0.0, 0.0, 1.0]], "29": [[-0.9134753526822448, -0.3322157636131792, -0.23493715425402123, -0.0012528352892175187], [-0.39412858032564424, 0.86591698223974, 0.30797798953711486, -0.05514247602571917], [0.10112092865751372, 0.37392574968266706, -0.9219295480196467, 0.4406517879084788], [0.0, 0.0, 0.0, 1.0]]}, "intrinsic": [[1387.14196777, 0.0, 949.0501709], [0.0, 1385.58874512, 538.76617432], [0.0, 0.0, 1.0]], "distortion": [0.0, 0.0, 0.0, 0.0, 0.0, 0.0, 0.0, 0.0]}