{"objects": [21, 29], "object_poses": {"21": [[-0.49617750791152526, 0.025367153152660128, -0.8678504411381294, -0.03680046790354488], [0.765063123681598, -0.4597958483266925, -0.4508505236151966, 0.04294977454028742], [-0.41047082408530067, -0.8876622586335828, 0.2087328847409222, 0.5610051660978136], [0.0, 0.0, 0.0, 1.0]], "29": [[-0.8863639527391387, -0.3682255555527048, -0.28065794754926937, -0.009223135313133235], [-0.44433400878609725, 0.8468804488925579, 0.2921656960007867, -0.05649732405935662], [0.13010085288246068, 0.3836710120942819, -0.9142594394141184, 0.4561382248895256], [0.0, 0.0, 0.0, 1.0]]}, "intrinsic": [[1387.14196777, 0.0, 949.0501709], [0.0, 1385.58874512, 538.76617432], [0.0, 0.0, 1.0]], "distortion": [0.0, 0.0, 0.0, 0.0, 0.0, 0.0, 0.0, 0.0]}