{"objects": [21, 29], "object_poses": {"21": [[-0.3768965566915019, 0.01566298442182399, -0.9261229165035819, -0.006040947791110196], [0.8181200226636804, -0.4631959333353021, -0.3407772818989287, 0.04974443057375276], [-0.4343139579507791, -0.8861174855856576, 0.16176275117742023, 0.5168303751896302], [0.0, 0.0, 0.0, 1.0]], "29": [[-0.939548435250039, -0.28179804378893974, -0.19452146497481385, 0.014667009661972763], [-0.33238342604745574, 0.8870716103926948, 0.3203517069164381, -0.05276450568905215], [0.08227998485765815, 0.3656416559311153, -0.9271117427472203, 0.41333927153592687], [0.0, 0.0, 0.0, 1.0]]}, "intrinsic": [[1387.14196777, 0.0, 949.0501709], [0.0, 1385.58874512, 538.76617432], [0.0, 0.0, 1.0]], "distortion": [0.0, 0.0, 0.0, 0.0, 0.0, 0.0, 0.0, 0.0]}