{"objects": [21, 29], "object_poses": {"21": [[-0.5074968583548098, 0.009758788653301763, -0.8615983430833805, -0.040032261378455836], [0.76644344107013, -0.45178746102400996, -0.4565660321378071, 0.03971046691124745], [-0.39371485925804, -0.8920722258346052, 0.2218011575576704, 0.562997681589078], [0.0, 0.0, 0.0, 1.0]], "29": [[-0.8816934911887118, -0.36419421558216736, -0.29996526620921926, -0.014109780085946821], [-0.44943541578588536, 0.8417870398047997, 0.299002318810489, -0.05867822382168939], [0.14361195853008607, 0.39844341248560255, -0.9058799326698841, 0.4567197414953309], [0.0, 0.0, 0.0, 1.0]]}, "intrinsic": [[1387.14196777, 0.0, 949.0501709], [0.0, 1385.58874512, 538.76617432], [0.0, 0.0, 1.0]], "distortion": [0.0, 0.0, 0.0, 0.0, 0.0, 0.0, 0.0, 0.0]}