{"objects": [21, 29], "object_poses": {"21": [[-0.2890052705324411, 0.010393991304416978, -0.9572710789265725, -0.008341607936082046], [0.8479692451577461, -0.46132318218249957, -0.26101548009192693, 0.050728107776343956], [-0.4443243329720707, -0.8871712836458269, 0.12451104610895918, 0.5195271998250381], [0.0, 0.0, 0.0, 1.0]], "29": [[-0.9668614637523966, -0.21929529325177732, -0.13072292938963834, 0.007555555981953926], [-0.2513729182543298, 0.9072020702422209, 0.33733671563667594, -0.052992843345774504], [0.044615758190275225, 0.3590180749013284, -0.9322636193777292, 0.41639352671698754], [0.0, 0.0, 0.0, 1.0]]}, "intrinsic": [[1387.14196777, 0.0, 949.0501709], [0.0, 1385.58874512, 538.76617432], [0.0, 0.0, 1.0]], "distortion": [0.0, 0.0, 0.0, 0.0, 0.0, 0.0, 0.0, 0.0]}