{"objects": [21, 29], "object_poses": {"21": [[-0.47283250842292646, 0.030801397152401603, -0.8806138159897061, -0.03187018790001794], [0.7755573639604794, -0.4598345788649255, -0.4325077285862003, 0.04790326278156784], [-0.4182585255379242, -0.8874702440158684, 0.19353648700248804, 0.5530283828834615], [0.0, 0.0, 0.0, 1.0]], "29": [[-0.8976406215203242, -0.35675634773896503, -0.25877832781084714, -0.004612845779792957], [-0.42556658934040775, 0.8543002450934026, 0.29843620636667795, -0.05205764172315037], [0.11460537785722316, 0.3780158721288267, -0.9186781851034118, 0.4485670746291051], [0.0, 0.0, 0.0, 1.0]]}, "intrinsic": [[1387.14196777, 0.0, 949.0501709], [0.0, 1385.58874512, 538.76617432], [0.0, 0.0, 1.0]], "distortion": [0.0, 0.0, 0.0, 0.0, 0.0, 0.0, 0.0, 0.0]}