{"objects": [21, 29], "object_poses": {"21": [[-0.4181373457235757, 0.020829125187497056, -0.9081449816274796, -0.019155200160058616], [0.801732681646483, -0.4615531545188106, -0.3797280510229363, 0.04656507985184481], [-0.4270665841425478, -0.8868679907955108, 0.17629322054791857, 0.5342272895034618], [0.0, 0.0, 0.0, 1.0]], "29": [[-0.923202396614583, -0.31305746798352807, -0.2229178248253144, 0.004182600498334604], [-0.37185846073688505, 0.8741315735478141, 0.3124344368107092, -0.05491060388116342], [0.0970495752875917, 0.3713341000589284, -0.9234134318223536, 0.4302785390423829], [0.0, 0.0, 0.0, 1.0]]}, "intrinsic": [[1387.14196777, 0.0, 949.0501709], [0.0, 1385.58874512, 538.76617432], [0.0, 0.0, 1.0]], "distortion": [0.0, 0.0, 0.0, 0.0, 0.0, 0.0, 0.0, 0.0]}