{"objects": [21, 29], "object_poses": {"21": [[-0.4035906153467036, 0.01775923201486285, -0.9147673064131228, -0.010620874481504644], [0.8075041926584787, -0.4631664483864792, -0.3652585658516954, 0.049853203073859015], [-0.43017623602780464, -0.8860933645882384, 0.17258897760185166, 0.5228249331502165], [0.0, 0.0, 0.0, 1.0]], "29": [[-0.9293309455542288, -0.3011140468714157, -0.2137155221597605, 0.011615524966095914], [-0.35727543581749927, 0.879467335490821, 0.31447013970502796, -0.05213148124142946], [0.09326444444007725, 0.3686021386012351, -0.924896862802492, 0.41913319405886085], [0.0, 0.0, 0.0, 1.0]]}, "intrinsic": [[1387.14196777, 0.0, 949.0501709], [0.0, 1385.58874512, 538.76617432], [0.0, 0.0, 1.0]], "distortion": [0.0, 0.0, 0.0, 0.0, 0.0, 0.0, 0.0, 0.0]}