{"objects": [21, 29], "object_poses": {"21": [[-0.525681248559921, -0.17382601579427848, -0.8327326948940917, -0.03664709647917016], [0.8021817980583764, -0.4270989470850723, -0.41724195889514326, 0.041223310811062105], [-0.28313174985563555, -0.887339284395725, 0.3639579736614885, 0.5619427460194865], [0.0, 0.0, 0.0, 1.0]], "29": [[-0.8659449551720579, -0.2401951935931566, -0.4386862245236605, -0.0355156454159604], [-0.40694286499965265, 0.848292798947446, 0.3388168116841172, -0.05542959969189562], [0.2907521955857848, 0.4719169378488797, -0.8323205899972655, 0.4510182457462337], [0.0, 0.0, 0.0, 1.0]]}, "intrinsic": [[1387.14196777, 0.0, 949.0501709], [0.0, 1385.58874512, 538.76617432], [0.0, 0.0, 1.0]], "distortion": [0.0, 0.0, 0.0, 0.0, 0.0, 0.0, 0.0, 0.0]}