{"objects": [21, 29], "object_poses": {"21": [[-0.511387273445747, -0.26720835769612017, -0.8167513392306585, -0.03740390365660405], [0.823283269638007, -0.42479625278269545, -0.37650073247729227, 0.039275843510669844], [-0.24634876596378563, -0.8649553960749251, 0.4372235678791786, 0.558125425703807], [0.0, 0.0, 0.0, 1.0]], "29": [[-0.8555464727225365, -0.1612505357579259, -0.491974082376117, -0.049983952381815584], [-0.3652025783792918, 0.8615211172374827, 0.35271580812178815, -0.05808189974734653], [0.36697044807063284, 0.4814349688916166, -0.7959604644523386, 0.44853289743271746], [0.0, 0.0, 0.0, 1.0]]}, "intrinsic": [[1387.14196777, 0.0, 949.0501709], [0.0, 1385.58874512, 538.76617432], [0.0, 0.0, 1.0]], "distortion": [0.0, 0.0, 0.0, 0.0, 0.0, 0.0, 0.0, 0.0]}