{"objects": [21, 29], "object_poses": {"21": [[-0.5344965791485192, -0.07271921841041268, -0.8420364137923712, -0.037868667189440944], [0.7783837296843588, -0.43052373023425894, -0.4569114652400949, 0.04309413945237124], [-0.3292904132239503, -0.8996450594423147, 0.28671691749850176, 0.5630485385116644], [0.0, 0.0, 0.0, 1.0]], "29": [[-0.8689208759010941, -0.32104360864803916, -0.376706135826769, -0.022210625792869226], [-0.44781463315489595, 0.8340979788338098, 0.3220910058317496, -0.05288554987517641], [0.21080456768210484, 0.4485661189296489, -0.8685331721890459, 0.45264004686685133], [0.0, 0.0, 0.0, 1.0]]}, "intrinsic": [[1387.14196777, 0.0, 949.0501709], [0.0, 1385.58874512, 538.76617432], [0.0, 0.0, 1.0]], "distortion": [0.0, 0.0, 0.0, 0.0, 0.0, 0.0, 0.0, 0.0]}