{"objects": [21, 29], "object_poses": {"21": [[-0.5043776533378698, -0.31013055484640295, -0.8058673723163464, -0.039379620493371764], [0.8320004286957737, -0.42426021984355217, -0.357461260150459, 0.0364480469311302], [-0.23103780959712023, -0.8507774707930217, 0.47201612867316667, 0.555934270579011], [0.0, 0.0, 0.0, 1.0]], "29": [[-0.8472198181524605, -0.12460549242086116, -0.516422357173158, -0.05828604040220085], [-0.34578518524964463, 0.8673321945694896, 0.35800484623137574, -0.06126097508207319], [0.40330036621803184, 0.481880001164022, -0.7779077574408031, 0.4475700497562394], [0.0, 0.0, 0.0, 1.0]]}, "intrinsic": [[1387.14196777, 0.0, 949.0501709], [0.0, 1385.58874512, 538.76617432], [0.0, 0.0, 1.0]], "distortion": [0.0, 0.0, 0.0, 0.0, 0.0, 0.0, 0.0, 0.0]}