{"objects": [21, 29], "object_poses": {"21": [[-0.5290916741233306, -0.12066889776971854, -0.8399410797695398, -0.036879520018545484], [0.791397461807613, -0.4273352903416564, -0.43712081519081736, 0.04214142346801916], [-0.30618957823192083, -0.8960042225010225, 0.32159660359292597, 0.5630263008553276], [0.0, 0.0, 0.0, 1.0]], "29": [[-0.8697620136271108, -0.28191865122799536, -0.40501347353034717, -0.028165596407908763], [-0.4272730218226252, 0.8408536989671248, 0.33226920073319366, -0.05402098808161698], [0.24688419243421383, 0.4620464598101602, -0.8517988403977894, 0.4520120306404652], [0.0, 0.0, 0.0, 1.0]]}, "intrinsic": [[1387.14196777, 0.0, 949.0501709], [0.0, 1385.58874512, 538.76617432], [0.0, 0.0, 1.0]], "distortion": [0.0, 0.0, 0.0, 0.0, 0.0, 0.0, 0.0, 0.0]}