{"objects": [21, 29], "object_poses": {"21": [[-0.4806542267781175, -0.3845341319234649, -0.7881021606785529, -0.04516712431801331], [0.8508756132721935, -0.421880720040153, -0.31309319506670025, 0.03519102988213639], [-0.21209008703614843, -0.8210664768727787, 0.5299694666079657, 0.5506282323772358], [0.0, 0.0, 0.0, 1.0]], "29": [[-0.8333464475447543, -0.05331277739374919, -0.5501740144091829, -0.07557961094525906], [-0.30052828204676413, 0.8790698126202007, 0.3700256967156669, -0.06311167116833286], [0.46391427015621794, 0.4737024512354351, -0.7485917028921577, 0.445466596433315], [0.0, 0.0, 0.0, 1.0]]}, "intrinsic": [[1387.14196777, 0.0, 949.0501709], [0.0, 1385.58874512, 538.76617432], [0.0, 0.0, 1.0]], "distortion": [0.0, 0.0, 0.0, 0.0, 0.0, 0.0, 0.0, 0.0]}