{"objects": [21, 29], "object_poses": {"21": [[-0.4688731395578977, -0.41216934450855464, -0.7812006211265549, -0.049831272504312074], [0.858500369160471, -0.42062901772707945, -0.2933399829503145, 0.03494014610963349], [-0.20768990142146304, -0.80820026038931, 0.5510691825480756, 0.5482526766808616], [0.0, 0.0, 0.0, 1.0]], "29": [[-0.827753489740514, -0.024828620986901934, -0.5605423265038091, -0.08465642547036915], [-0.2804027603832368, 0.8836291849505803, 0.37493166773832615, -0.06356365475524872], [0.486002522824604, 0.4675286120479385, -0.738389155340641, 0.44465962678303117], [0.0, 0.0, 0.0, 1.0]]}, "intrinsic": [[1387.14196777, 0.0, 949.0501709], [0.0, 1385.58874512, 538.76617432], [0.0, 0.0, 1.0]], "distortion": [0.0, 0.0, 0.0, 0.0, 0.0, 0.0, 0.0, 0.0]}