{"objects": [21, 29], "object_poses": {"21": [[-0.4922518136067957, -0.34908858535902565, -0.7973865509104482, -0.04194811266938409], [0.8421528517245347, -0.4226818631019424, -0.33484118166215526, 0.037835809359206704], [-0.2201515985248715, -0.8363475367194626, 0.5020518613552195, 0.5534005062663181], [0.0, 0.0, 0.0, 1.0]], "29": [[-0.8407878261181333, -0.08749011141128286, -0.5342483615855065, -0.06686452574767027], [-0.322663140113324, 0.873402659951744, 0.3647688193931001, -0.06014966536199795], [0.4347002754355814, 0.4790754366427789, -0.7625761578634469, 0.4465111749275711], [0.0, 0.0, 0.0, 1.0]]}, "intrinsic": [[1387.14196777, 0.0, 949.0501709], [0.0, 1385.58874512, 538.76617432], [0.0, 0.0, 1.0]], "distortion": [0.0, 0.0, 0.0, 0.0, 0.0, 0.0, 0.0, 0.0]}