{"objects": [21, 29], "object_poses": {"21": [[-0.5206900666068394, -0.2224060807073046, -0.8242677901030637, -0.03690566386052927], [0.8124348756222861, -0.4257706690043228, -0.3983326628437796, 0.040060912168080914], [-0.26235744207010414, -0.8770717602796451, 0.4023850145201804, 0.5603595406882345], [0.0, 0.0, 0.0, 1.0]], "29": [[-0.8604984721838226, -0.20076909380293975, -0.4682244657670808, -0.04279322962256921], [-0.3875313289420094, 0.8545497282429255, 0.3457806111516248, -0.05690438228218185], [0.3306990300224131, 0.47899533706863867, -0.813143049290069, 0.44985896018006], [0.0, 0.0, 0.0, 1.0]]}, "intrinsic": [[1387.14196777, 0.0, 949.0501709], [0.0, 1385.58874512, 538.76617432], [0.0, 0.0, 1.0]], "distortion": [0.0, 0.0, 0.0, 0.0, 0.0, 0.0, 0.0, 0.0]}