{"objects": [21, 29], "object_poses": {"21": [[-0.4726236471000861, -0.44088481742552427, -0.7630514176420107, -0.05158564678616229], [0.85944057217486, -0.42209203492660147, -0.2884444781084813, 0.03464910610614097], [-0.1949071345578838, -0.7921230282065982, 0.5784049767103101, 0.5469846609152448], [0.0, 0.0, 0.0, 1.0]], "29": [[-0.8117428698685037, -0.005800128415171436, -0.5839861913847159, -0.09025960625751547], [-0.27557670864662515, 0.8854309846476505, 0.374258532404265, -0.06410755912084609], [0.5149087209099849, 0.46473468768348897, -0.7203406688467554, 0.44501037012033406], [0.0, 0.0, 0.0, 1.0]]}, "intrinsic": [[1387.14196777, 0.0, 949.0501709], [0.0, 1385.58874512, 538.76617432], [0.0, 0.0, 1.0]], "distortion": [0.0, 0.0, 0.0, 0.0, 0.0, 0.0, 0.0, 0.0]}