{"objects": [21, 29], "object_poses": {"21": [[-0.47869461310317235, -0.4498873789329388, -0.7539580980816248, -0.015666671816600683], [0.8564852189286297, -0.4281432114598647, -0.2883165972288357, 0.04134968193348637], [-0.1930920431886917, -0.7837695686601337, 0.5902717392011368, 0.544137221075936], [0.0, 0.0, 0.0, 1.0]], "29": [[-0.8035585610479342, -0.003068933428306447, -0.5952177925887286, -0.05532191435388778], [-0.2759879084619989, 0.8879175633821702, 0.36801232998399624, -0.05811323798011919], [0.527374926735584, 0.45999237198576737, -0.7143407480786481, 0.44323182304074327], [0.0, 0.0, 0.0, 1.0]]}, "intrinsic": [[1387.14196777, 0.0, 949.0501709], [0.0, 1385.58874512, 538.76617432], [0.0, 0.0, 1.0]], "distortion": [0.0, 0.0, 0.0, 0.0, 0.0, 0.0, 0.0, 0.0]}