{"objects": [21, 29], "object_poses": {"21": [[-0.48021069985555886, -0.4497840799533316, -0.7530550877358014, 0.01393432927301759], [0.8558000994709928, -0.428524618691464, -0.2897806772729642, 0.045179039727307885], [-0.1923639090101756, -0.7836204008293034, 0.5907073674116963, 0.5468763952534996], [0.0, 0.0, 0.0, 1.0]], "29": [[-0.8027220828992256, -0.004149732642328338, -0.5963388611728557, -0.025636558405009655], [-0.2775043023314092, 0.8877122511746403, 0.3673667395151861, -0.054303636676870194], [0.527852839164008, 0.46037999395440654, -0.713737795939835, 0.4459573584224508], [0.0, 0.0, 0.0, 1.0]]}, "intrinsic": [[1387.14196777, 0.0, 949.0501709], [0.0, 1385.58874512, 538.76617432], [0.0, 0.0, 1.0]], "distortion": [0.0, 0.0, 0.0, 0.0, 0.0, 0.0, 0.0, 0.0]}