{"objects": [21, 29], "object_poses": {"21": [[-0.4802502900830945, -0.4483699872488389, -0.7538726771873261, -0.05151682138659841], [0.8566789151459135, -0.4242888904591717, -0.2933942292843365, 0.03445615868980949], [-0.18831063490819291, -0.7867294909734919, 0.5878739769823756, 0.5472626278295912], [0.0, 0.0, 0.0, 1.0]], "29": [[-0.8034450254670925, -0.005236405618243394, -0.5953559196887164, -0.0908877708891526], [-0.2807842004473402, 0.8851078861430398, 0.3711391419219433, -0.0644730809409993], [0.525010784490518, 0.46535643322469633, -0.7126058280880516, 0.44572325648817807], [0.0, 0.0, 0.0, 1.0]]}, "intrinsic": [[1387.14196777, 0.0, 949.0501709], [0.0, 1385.58874512, 538.76617432], [0.0, 0.0, 1.0]], "distortion": [0.0, 0.0, 0.0, 0.0, 0.0, 0.0, 0.0, 0.0]}