{"objects": [21, 29], "object_poses": {"21": [[-0.4794061099055733, -0.4510247762121783, -0.7528256325524295, 0.003983331130152548], [0.8563201190002497, -0.42814185815333133, -0.28880859248369795, 0.044467697865617356], [-0.19205633439333814, -0.7831163390836478, 0.5914754127431077, 0.5465711376901706], [0.0, 0.0, 0.0, 1.0]], "29": [[-0.8025383087666011, -0.0026867911780671812, -0.5965945391262151, -0.03579846593256551], [-0.276485866693809, 0.8877966543543905, 0.3679302461550732, -0.05498683418483532], [0.5286660841028428, 0.4602280757084755, -0.7132336853017088, 0.44570729516888735], [0.0, 0.0, 0.0, 1.0]]}, "intrinsic": [[1387.14196777, 0.0, 949.0501709], [0.0, 1385.58874512, 538.76617432], [0.0, 0.0, 1.0]], "distortion": [0.0, 0.0, 0.0, 0.0, 0.0, 0.0, 0.0, 0.0]}