{"objects": [21, 29], "object_poses": {"21": [[-0.47905398242495645, -0.45020045855790175, -0.753542851493564, -0.03898331612067672], [0.8564294232313466, -0.4279305723071538, -0.2887976251780817, 0.03731373931223772], [-0.19244720041199773, -0.783705922141166, 0.5905667639263656, 0.5442847358734904], [0.0, 0.0, 0.0, 1.0]], "29": [[-0.8031821374913666, -0.0030719721715946418, -0.5957256222471801, -0.07866585605861237], [-0.27645584329844053, 0.8877142222922164, 0.3681516348548286, -0.062116433667213], [0.5277031558755036, 0.460384646276473, -0.7138454711994315, 0.4433577980599278], [0.0, 0.0, 0.0, 1.0]]}, "intrinsic": [[1387.14196777, 0.0, 949.0501709], [0.0, 1385.58874512, 538.76617432], [0.0, 0.0, 1.0]], "distortion": [0.0, 0.0, 0.0, 0.0, 0.0, 0.0, 0.0, 0.0]}