{"objects": [21, 29], "object_poses": {"21": [[-0.4798185664606397, -0.4502964999533733, -0.7529988083718361, -0.027632845994159286], [0.8560755927161026, -0.42821348354068395, -0.289426660951838, 0.03886889580726695], [-0.19211643041508147, -0.7834961867448382, 0.5909526229071799, 0.5439279114849661], [0.0, 0.0, 0.0, 1.0]], "29": [[-0.8026817649189248, -0.0035059359604016718, -0.5963972607915754, -0.06729359874557435], [-0.27711801415177956, 0.8876739856722252, 0.3677505967274136, -0.060583594439393915], [0.5281170234893324, 0.4604591225872691, -0.7134912795030841, 0.44301439937681975], [0.0, 0.0, 0.0, 1.0]]}, "intrinsic": [[1387.14196777, 0.0, 949.0501709], [0.0, 1385.58874512, 538.76617432], [0.0, 0.0, 1.0]], "distortion": [0.0, 0.0, 0.0, 0.0, 0.0, 0.0, 0.0, 0.0]}