{"objects": [21, 29], "object_poses": {"21": [[-0.4809158701136473, -0.4502031117419519, -0.7523543606909598, -0.048503168046048595], [0.8562384731725912, -0.4257588686933976, -0.29254924848304076, 0.03594842071300995], [-0.18861495945949103, -0.784886325468083, 0.5902354218117676, 0.545693046773602], [0.0, 0.0, 0.0, 1.0]], "29": [[-0.802084206190082, -0.004302120869945032, -0.5971954604117974, -0.08810025983105853], [-0.2800599599146156, 0.8859132367528835, 0.369762296345452, -0.0631661528379176], [0.5274726012155203, 0.4638310346473807, -0.7117818670526036, 0.4444227071718247], [0.0, 0.0, 0.0, 1.0]]}, "intrinsic": [[1387.14196777, 0.0, 949.0501709], [0.0, 1385.58874512, 538.76617432], [0.0, 0.0, 1.0]], "distortion": [0.0, 0.0, 0.0, 0.0, 0.0, 0.0, 0.0, 0.0]}