{"objects": [21, 29], "object_poses": {"21": [[-0.48032732939740186, -0.4484745496111175, -0.7537613912804706, -0.05147937796955178], [0.8566546120406229, -0.42430584000969873, -0.29344067510009125, 0.034447921515400076], [-0.1882246856910417, -0.7866607480259687, 0.5879934822867866, 0.5472722365689788], [0.0, 0.0, 0.0, 1.0]], "29": [[-0.8033446192457147, -0.005208975740960479, -0.5954916366337147, -0.0908614254700623], [-0.28083274686407844, 0.8851032294265503, 0.3711135157165205, -0.06448250147237798], [0.5251384493804958, 0.465365598030657, -0.7125057678025029, 0.44573832207141356], [0.0, 0.0, 0.0, 1.0]]}, "intrinsic": [[1387.14196777, 0.0, 949.0501709], [0.0, 1385.58874512, 538.76617432], [0.0, 0.0, 1.0]], "distortion": [0.0, 0.0, 0.0, 0.0, 0.0, 0.0, 0.0, 0.0]}