{"objects": [21, 29], "object_poses": {"21": [[-0.47875280415106936, -0.4498269665109554, -0.7539571955469657, -0.007340031080953449], [0.8564281950427731, -0.4282612069309704, -0.28831074446473526, 0.04160812375292075], [-0.19320067094414387, -0.7837397775011727, 0.5902757507378686, 0.5449641457207257], [0.0, 0.0, 0.0, 1.0]], "29": [[-0.8035563569927145, -0.0031527509492301725, -0.5952203300443135, -0.0469841275030881], [-0.27599255051493177, 0.8879665173287558, 0.3678907122547562, -0.05786859938584165], [0.5273758557204503, 0.4598972975181551, -0.7144012755718154, 0.444067975211045], [0.0, 0.0, 0.0, 1.0]]}, "intrinsic": [[1387.14196777, 0.0, 949.0501709], [0.0, 1385.58874512, 538.76617432], [0.0, 0.0, 1.0]], "distortion": [0.0, 0.0, 0.0, 0.0, 0.0, 0.0, 0.0, 0.0]}