{"objects": [21, 29], "object_poses": {"21": [[-0.46814317655423016, -0.4608288143345822, -0.7539753113495855, 0.0211256797431785], [0.8628764071871056, -0.4223339693515507, -0.2776298331441341, 0.049384309800417484], [-0.1904895592036202, -0.7805580197594246, 0.5953510776203114, 0.5459471068460322], [0.0, 0.0, 0.0, 1.0]], "29": [[-0.8038114038383167, 0.012122354989265624, -0.5947606876458812, -0.020548981687965318], [-0.26465404171115126, 0.888115490730876, 0.3757780107055441, -0.04957730381273828], [0.5327714944189905, 0.45946047015317815, -0.7106691291319703, 0.4453631534699989], [0.0, 0.0, 0.0, 1.0]]}, "intrinsic": [[1387.14196777, 0.0, 949.0501709], [0.0, 1385.58874512, 538.76617432], [0.0, 0.0, 1.0]], "distortion": [0.0, 0.0, 0.0, 0.0, 0.0, 0.0, 0.0, 0.0]}