{"objects": [21, 29], "object_poses": {"21": [[-0.44470167009194633, -0.5127898906959022, -0.7343615952768261, 0.013835688665521206], [0.8777531865785911, -0.41271405692108715, -0.2433443047841281, 0.04916128990742262], [-0.17829685378201499, -0.7528038491000363, 0.6336375909868471, 0.5403072745755714], [0.0, 0.0, 0.0, 1.0]], "29": [[-0.7866200204314813, 0.0666664504740836, -0.6138277672422249, -0.036202707543395454], [-0.22915200305491049, 0.8916289743483284, 0.3904960071479333, -0.049187125129513266], [0.5733396052535672, 0.44783183951539707, -0.6860964513564818, 0.4429879125984492], [0.0, 0.0, 0.0, 1.0]]}, "intrinsic": [[1387.14196777, 0.0, 949.0501709], [0.0, 1385.58874512, 538.76617432], [0.0, 0.0, 1.0]], "distortion": [0.0, 0.0, 0.0, 0.0, 0.0, 0.0, 0.0, 0.0]}