{"objects": [21, 29], "object_poses": {"21": [[-0.4164735565902954, -0.5957522972578044, -0.686752485960615, -0.007687345744805341], [0.8917334774644908, -0.4148209062926556, -0.18092822021904137, 0.05064954316994055], [-0.1770908857906549, -0.6877520018252193, 0.7040142059328746, 0.5287707139764185], [0.0, 0.0, 0.0, 1.0]], "29": [[-0.74335926136712, 0.14785121033080287, -0.6523473217109562, -0.07066576742696828], [-0.16643130050834154, 0.9037102831539009, 0.3944722377214991, -0.048707552190056555], [0.6478561806071235, 0.40180560439797597, -0.6471743393580639, 0.4404010582391681], [0.0, 0.0, 0.0, 1.0]]}, "intrinsic": [[1387.14196777, 0.0, 949.0501709], [0.0, 1385.58874512, 538.76617432], [0.0, 0.0, 1.0]], "distortion": [0.0, 0.0, 0.0, 0.0, 0.0, 0.0, 0.0, 0.0]}