{"objects": [21, 29], "object_poses": {"21": [[-0.4124211093511053, -0.5724890509619687, -0.7086360949671379, -0.004189628468284662], [0.8922025634719909, -0.4110050353853824, -0.1872149743526747, 0.05131513521591509], [-0.18407448029429363, -0.7094583479081301, 0.6802833514704468, 0.5320972248628504], [0.0, 0.0, 0.0, 1.0]], "29": [[-0.7634396595562485, 0.13299021755587584, -0.6320391508847313, -0.0640903146467981], [-0.17242250296973918, 0.901092844865109, 0.3978720465206922, -0.04752531809431712], [0.6224390465630413, 0.4127290721131185, -0.6649995085309125, 0.44104898141003507], [0.0, 0.0, 0.0, 1.0]]}, "intrinsic": [[1387.14196777, 0.0, 949.0501709], [0.0, 1385.58874512, 538.76617432], [0.0, 0.0, 1.0]], "distortion": [0.0, 0.0, 0.0, 0.0, 0.0, 0.0, 0.0, 0.0]}