{"objects": [21, 29], "object_poses": {"21": [[-0.42927305348427575, -0.5480901346349621, -0.7178592131247752, 0.011086117312460425], [0.8796583168045824, -0.43391333861712506, -0.19473176486303542, 0.045484279993705024], [-0.20475812860254658, -0.7150639264331387, 0.6683993491059189, 0.5452913774344631], [0.0, 0.0, 0.0, 1.0]], "29": [[-0.7717967737823906, 0.10344388596931102, -0.62739867901891, -0.04461419330708835], [-0.18201683036582644, 0.9094509905167022, 0.37385661597967645, -0.05595863794743748], [0.6092615312348949, 0.40273844900104444, -0.683082812149129, 0.4544391906278459], [0.0, 0.0, 0.0, 1.0]]}, "intrinsic": [[1387.14196777, 0.0, 949.0501709], [0.0, 1385.58874512, 538.76617432], [0.0, 0.0, 1.0]], "distortion": [0.0, 0.0, 0.0, 0.0, 0.0, 0.0, 0.0, 0.0]}