{"objects": [21, 29], "object_poses": {"21": [[-0.4061323187236696, -0.5891574172189278, -0.6985342349692417, -0.011289178092097923], [0.8947702429153722, -0.4116322578949488, -0.1730465158663297, 0.05174805079328883], [-0.18558758601076675, -0.6953074298439769, 0.69433768868071, 0.529954056054372], [0.0, 0.0, 0.0, 1.0]], "29": [[-0.7541845345117365, 0.14972655511340596, -0.6393650339181827, -0.07381907825228551], [-0.1582229178415465, 0.903537616955087, 0.3982276773616298, -0.047313849435401206], [0.6373156173930152, 0.4014993567130646, -0.6577439246287068, 0.4409368579401306], [0.0, 0.0, 0.0, 1.0]]}, "intrinsic": [[1387.14196777, 0.0, 949.0501709], [0.0, 1385.58874512, 538.76617432], [0.0, 0.0, 1.0]], "distortion": [0.0, 0.0, 0.0, 0.0, 0.0, 0.0, 0.0, 0.0]}