{"objects": [21, 29], "object_poses": {"21": [[-0.4202234913036684, -0.5544618591215575, -0.7183204466921623, 0.0028008289453365087], [0.8889168533062649, -0.41058039598470186, -0.2031023543466121, 0.05044161324769057], [-0.18231578446378632, -0.7238755315746755, 0.6654060185502123, 0.5346521316327725], [0.0, 0.0, 0.0, 1.0]], "29": [[-0.7722588156011817, 0.11423788773341403, -0.6249528196051919, -0.05421076587411508], [-0.1883821532544834, 0.8982838569626269, 0.396986494298684, -0.04817041259242555], [0.6067359277819979, 0.42430627773645285, -0.672187248177152, 0.441525033176292], [0.0, 0.0, 0.0, 1.0]]}, "intrinsic": [[1387.14196777, 0.0, 949.0501709], [0.0, 1385.58874512, 538.76617432], [0.0, 0.0, 1.0]], "distortion": [0.0, 0.0, 0.0, 0.0, 0.0, 0.0, 0.0, 0.0]}