{"objects": [21, 29], "object_poses": {"21": [[-0.4305551509775808, -0.5766123074039717, -0.6943633839114396, -0.009959636262872523], [0.8816458120088314, -0.43336089566057073, -0.18681273050721042, 0.046922263009636866], [-0.1931914183755655, -0.6926157528258672, 0.6949535918343791, 0.5308353480134772], [0.0, 0.0, 0.0, 1.0]], "29": [[-0.7503296129884848, 0.12408639421693785, -0.6493135133683882, -0.06960238816412048], [-0.17399484331873924, 0.9105216431248451, 0.3750681696701656, -0.054544253463724254], [0.6377548638552709, 0.394401957616187, -0.6616009593837379, 0.4425483261389155], [0.0, 0.0, 0.0, 1.0]]}, "intrinsic": [[1387.14196777, 0.0, 949.0501709], [0.0, 1385.58874512, 538.76617432], [0.0, 0.0, 1.0]], "distortion": [0.0, 0.0, 0.0, 0.0, 0.0, 0.0, 0.0, 0.0]}