{"objects": [21, 29], "object_poses": {"21": [[-0.43117141697981115, -0.534814959926737, -0.7266802376686673, 0.00870461354639343], [0.8841229657865544, -0.4111509640822166, -0.2219942929515412, 0.049762474652573024], [-0.1800494114081222, -0.7381922807594471, 0.6501187322933902, 0.5373435375025821], [0.0, 0.0, 0.0, 1.0]], "29": [[-0.7797964244286918, 0.09219434365567789, -0.6192073477003793, -0.045046263632350855], [-0.20747256109887158, 0.8951418397570104, 0.39455826326097665, -0.04868653808036977], [0.5906544445268488, 0.4361436571983401, -0.6789006094019613, 0.44212828060802517], [0.0, 0.0, 0.0, 1.0]]}, "intrinsic": [[1387.14196777, 0.0, 949.0501709], [0.0, 1385.58874512, 538.76617432], [0.0, 0.0, 1.0]], "distortion": [0.0, 0.0, 0.0, 0.0, 0.0, 0.0, 0.0, 0.0]}