{"objects": [21, 29], "object_poses": {"21": [[-0.43213854861725914, -0.5626261949987128, -0.7047751694691329, -0.0003075421121048749], [0.8798498114821888, -0.4344473109506317, -0.19266510644775817, 0.04621002711867725], [-0.19778924145091445, -0.7033543194642677, 0.6827679820094372, 0.5364123385133425], [0.0, 0.0, 0.0, 1.0]], "29": [[-0.7598530125076057, 0.11249490037927716, -0.6402876672026289, -0.057914823318125], [-0.17998348446251297, 0.9100115147052825, 0.3734768914197215, -0.05531837154468178], [0.6246833955724023, 0.39902874644875375, -0.6712277667108894, 0.44685400295502276], [0.0, 0.0, 0.0, 1.0]]}, "intrinsic": [[1387.14196777, 0.0, 949.0501709], [0.0, 1385.58874512, 538.76617432], [0.0, 0.0, 1.0]], "distortion": [0.0, 0.0, 0.0, 0.0, 0.0, 0.0, 0.0, 0.0]}