{"objects": [21, 29], "object_poses": {"21": [[-0.4595968881658205, -0.48778356617926355, -0.7421845410366215, 0.01828844254589887], [0.8699808687859084, -0.4153327562452146, -0.2657667953982838, 0.048621965834888786], [-0.17861687583991803, -0.7678319439533636, 0.6152480130077597, 0.5430426569902578], [0.0, 0.0, 0.0, 1.0]], "29": [[-0.7934503840950787, 0.03801317299073985, -0.6074466944996576, -0.0275576405500072], [-0.25203556765209706, 0.8879332968417989, 0.38477595168870404, -0.04970653364939488], [0.553998700916956, 0.4583987991245616, -0.6949503437969526, 0.4436597967727909], [0.0, 0.0, 0.0, 1.0]]}, "intrinsic": [[1387.14196777, 0.0, 949.0501709], [0.0, 1385.58874512, 538.76617432], [0.0, 0.0, 1.0]], "distortion": [0.0, 0.0, 0.0, 0.0, 0.0, 0.0, 0.0, 0.0]}