{"objects": [21, 29], "object_poses": {"21": [[-0.4363046303140099, -0.5040073196943002, -0.7453957950385346, 0.0503811204259047], [0.8713439019289785, -0.4433423109997566, -0.2102555584249375, 0.04052808304416239], [-0.22449515392930128, -0.7412315542203872, 0.6325960076465067, 0.5710773383494909], [0.0, 0.0, 0.0, 1.0]], "29": [[-0.7966453872312346, 0.06562904863273696, -0.6008734933234869, 0.001186552386189088], [-0.19850127749937502, 0.9105482888119677, 0.3626279864719805, -0.0618265068905714], [0.570923260897934, 0.4081600687440774, -0.712356644138677, 0.4775319352248566], [0.0, 0.0, 0.0, 1.0]]}, "intrinsic": [[1387.14196777, 0.0, 949.0501709], [0.0, 1385.58874512, 538.76617432], [0.0, 0.0, 1.0]], "distortion": [0.0, 0.0, 0.0, 0.0, 0.0, 0.0, 0.0, 0.0]}