{"objects": [21, 29], "object_poses": {"21": [[-0.42698330708848137, -0.5319189506205325, -0.7312643061428208, 0.022722009454087616], [0.8793034521344811, -0.43291322442271524, -0.19852349781402534, 0.04393144613945449], [-0.2109755780467721, -0.7277694484455135, 0.6525648897827354, 0.5532797316878185], [0.0, 0.0, 0.0, 1.0]], "29": [[-0.7839788099510128, 0.09279073662467278, -0.6138135749105393, -0.030815995608366453], [-0.1857462531480567, 0.9084051126348677, 0.374564388030015, -0.057351624451453795], [0.5923474951320967, 0.4076641148488465, -0.6949348275020146, 0.46096108960139165], [0.0, 0.0, 0.0, 1.0]]}, "intrinsic": [[1387.14196777, 0.0, 949.0501709], [0.0, 1385.58874512, 538.76617432], [0.0, 0.0, 1.0]], "distortion": [0.0, 0.0, 0.0, 0.0, 0.0, 0.0, 0.0, 0.0]}