{"objects": [21, 29], "object_poses": {"21": [[-0.424888808150282, -0.5876841126315208, -0.6885469370123879, -0.016770072182337004], [0.8858893974145119, -0.4263887750256654, -0.1827363895907684, 0.04793277868253154], [-0.18619741205824536, -0.687619077900419, 0.7017909428385353, 0.5291756538905009], [0.0, 0.0, 0.0, 1.0]], "29": [[-0.7450035030722733, 0.1361897621684037, -0.653010052825044, -0.07822794530689867], [-0.16927230462315437, 0.9082963372898113, 0.382550193508627, -0.05276333645680904], [0.6452260590658326, 0.3955377508486857, -0.6536307982002961, 0.44125220833744033], [0.0, 0.0, 0.0, 1.0]]}, "intrinsic": [[1387.14196777, 0.0, 949.0501709], [0.0, 1385.58874512, 538.76617432], [0.0, 0.0, 1.0]], "distortion": [0.0, 0.0, 0.0, 0.0, 0.0, 0.0, 0.0, 0.0]}