{"objects": [21, 29], "object_poses": {"21": [[-0.4452096797022098, -0.5254014778457787, -0.7250804287642395, 0.054563161130605026], [0.8747260453445287, -0.42830185857212216, -0.22674184338050885, 0.02849355442734955], [-0.1914227956523976, -0.7351943994761828, 0.6502664902049662, 0.5702884723718332], [0.0, 0.0, 0.0, 1.0]], "29": [[-0.7782294918278418, 0.07581378853447196, -0.6233868201345302, 0.0027798855291238517], [-0.21377865190498108, 0.9014114784492163, 0.37650502587574514, -0.0719044792305605], [0.5904723075971346, 0.4262741089816014, -0.685297627292605, 0.47602269249027573], [0.0, 0.0, 0.0, 1.0]]}, "intrinsic": [[1387.14196777, 0.0, 949.0501709], [0.0, 1385.58874512, 538.76617432], [0.0, 0.0, 1.0]], "distortion": [0.0, 0.0, 0.0, 0.0, 0.0, 0.0, 0.0, 0.0]}