{"objects": [21, 29], "object_poses": {"21": [[-0.4667623225100909, -0.5479338732007905, -0.6941911875587097, 0.05574425077294444], [0.8676616781985055, -0.435638593284945, -0.2395458791682112, 0.02773631374842847], [-0.17116117103695327, -0.714134081696079, 0.6787609055399164, 0.5683709799464101], [0.0, 0.0, 0.0, 1.0]], "29": [[-0.7499374011360337, 0.0785150379500342, -0.6568327665342586, 0.0017939580774807978], [-0.22735542745690004, 0.9018519327894503, 0.3673861741136043, -0.07334258818913034], [0.6212112394212129, 0.42485112703116057, -0.6584816746707013, 0.47606858803675683], [0.0, 0.0, 0.0, 1.0]]}, "intrinsic": [[1387.14196777, 0.0, 949.0501709], [0.0, 1385.58874512, 538.76617432], [0.0, 0.0, 1.0]], "distortion": [0.0, 0.0, 0.0, 0.0, 0.0, 0.0, 0.0, 0.0]}