{"objects": [21, 29], "object_poses": {"21": [[-0.44912405968269725, -0.5094496175933968, -0.7339950041710642, 0.05723838506726364], [0.8666199828833621, -0.4482712367350122, -0.21914083047964308, 0.031036277531043793], [-0.21738763599012775, -0.7345161573784558, 0.6428286165601388, 0.5711355236114082], [0.0, 0.0, 0.0, 1.0]], "29": [[-0.7862384734032348, 0.06122664142627326, -0.614882396333007, 0.007872254990796815], [-0.20790373387299613, 0.9108539664250258, 0.35654044551701675, -0.07177647929697537], [0.581897843596481, 0.4081621616802154, -0.7034191846902649, 0.47818482546573526], [0.0, 0.0, 0.0, 1.0]]}, "intrinsic": [[1387.14196777, 0.0, 949.0501709], [0.0, 1385.58874512, 538.76617432], [0.0, 0.0, 1.0]], "distortion": [0.0, 0.0, 0.0, 0.0, 0.0, 0.0, 0.0, 0.0]}