{"objects": [21, 29], "object_poses": {"21": [[-0.42350071693422026, -0.5148461972208846, -0.7453727496785761, 0.03583053808577005], [0.8796181312450524, -0.4304453518063765, -0.20245676647929006, 0.04283538434520537], [-0.2166081391387796, -0.7413839709054184, 0.6351619649690611, 0.5633386439954374], [0.0, 0.0, 0.0, 1.0]], "29": [[-0.7967466783163489, 0.08226145794685287, -0.5986883856634719, -0.01547442020917121], [-0.18948828756107874, 0.9067222865606197, 0.3767610435427999, -0.0581142125797901], [0.5738370147254807, 0.41362754694380444, -0.706840387173948, 0.4694009508892762], [0.0, 0.0, 0.0, 1.0]]}, "intrinsic": [[1387.14196777, 0.0, 949.0501709], [0.0, 1385.58874512, 538.76617432], [0.0, 0.0, 1.0]], "distortion": [0.0, 0.0, 0.0, 0.0, 0.0, 0.0, 0.0, 0.0]}