{"objects": [21, 29], "object_poses": {"21": [[-0.5044703990803611, -0.5255419380538988, -0.6850659003324125, 0.058725428159356816], [0.8444270824527547, -0.4658378107643485, -0.2644580051399695, 0.024852837447850162], [-0.18014582668502904, -0.7118994348985248, 0.6787832317604341, 0.5764847552241233], [0.0, 0.0, 0.0, 1.0]], "29": [[-0.7411082158695775, 0.036740657012303, -0.6703795465950074, 0.009651850256358174], [-0.25526813084388356, 0.908094000307655, 0.3319690768440935, -0.07932906386788656], [0.6209644061829143, 0.4171515440790736, -0.6636172055683636, 0.4849138786251278], [0.0, 0.0, 0.0, 1.0]]}, "intrinsic": [[1387.14196777, 0.0, 949.0501709], [0.0, 1385.58874512, 538.76617432], [0.0, 0.0, 1.0]], "distortion": [0.0, 0.0, 0.0, 0.0, 0.0, 0.0, 0.0, 0.0]}