{"objects": [21, 29], "object_poses": {"21": [[-0.42212937018043833, -0.49824431203474817, -0.7573370454137929, 0.046113509136746264], [0.8774772908404159, -0.43439447402982057, -0.20331021861117507, 0.040514671398237], [-0.22768486750426128, -0.7503692733963621, 0.6205687348329701, 0.5698388812465434], [0.0, 0.0, 0.0, 1.0]], "29": [[-0.8075067368645495, 0.07069737523180399, -0.5856063106334434, -0.0029275678774371566], [-0.19070033023058403, 0.9081855879871946, 0.37260209583724674, -0.06088500725204342], [0.5581812017332105, 0.4125540193813381, -0.7198839678198072, 0.4751795553141195], [0.0, 0.0, 0.0, 1.0]]}, "intrinsic": [[1387.14196777, 0.0, 949.0501709], [0.0, 1385.58874512, 538.76617432], [0.0, 0.0, 1.0]], "distortion": [0.0, 0.0, 0.0, 0.0, 0.0, 0.0, 0.0, 0.0]}