{"objects": [21, 29], "object_poses": {"21": [[-0.4437422357320683, -0.5120879475848332, -0.7354310043544973, 0.05626247610398827], [0.8712175061926514, -0.4387589661111277, -0.22016045639613668, 0.029273559905358737], [-0.2099354308614076, -0.738414858731496, 0.640835869215816, 0.5715134341322734], [0.0, 0.0, 0.0, 1.0]], "29": [[-0.7875947921069052, 0.06677426119466388, -0.6125648059495415, 0.006278237349547827], [-0.20807549149473079, 0.9068980917805388, 0.36638837449358547, -0.07242592575933725], [0.5799991666246811, 0.41602529870998695, -0.700374126840762, 0.47767260856713134], [0.0, 0.0, 0.0, 1.0]]}, "intrinsic": [[1387.14196777, 0.0, 949.0501709], [0.0, 1385.58874512, 538.76617432], [0.0, 0.0, 1.0]], "distortion": [0.0, 0.0, 0.0, 0.0, 0.0, 0.0, 0.0, 0.0]}