{"objects": [21, 29], "object_poses": {"21": [[-0.4965614834759863, -0.5377678858541044, -0.6813460164058645, 0.05556437790033644], [0.851969299198079, -0.45213145297660523, -0.26405579420494074, 0.02737221352940017], [-0.16605723818028612, -0.7116058249995417, 0.6826727938585715, 0.5735686674204223], [0.0, 0.0, 0.0, 1.0]], "29": [[-0.737844178761981, 0.05116945589070904, -0.6730287175529126, 0.004411953941667726], [-0.2536077413902433, 0.9030449596588739, 0.34668849756178927, -0.07525027757774017], [0.6255150528756401, 0.4264873827190688, -0.6533294965080344, 0.481376672685578], [0.0, 0.0, 0.0, 1.0]]}, "intrinsic": [[1387.14196777, 0.0, 949.0501709], [0.0, 1385.58874512, 538.76617432], [0.0, 0.0, 1.0]], "distortion": [0.0, 0.0, 0.0, 0.0, 0.0, 0.0, 0.0, 0.0]}