{"objects": [21, 29], "object_poses": {"21": [[-0.4457689108834371, -0.4887150150485516, -0.7499651406271458, 0.08566795371838118], [0.8247827415088437, -0.54984245937023, -0.13193445032612766, 0.0076005707259950706], [-0.347884330487811, -0.6773705809524053, 0.6481863841992196, 0.6079559112497458], [0.0, 0.0, 0.0, 1.0]], "29": [[-0.8006249393950705, 0.04787116091623721, -0.5972504151285152, 0.0390535305787904], [-0.12966449395433868, 0.9593388745336761, 0.2507110743785242, -0.10751383612964399], [0.5849673712492198, 0.2781677115716374, -0.7618634384276446, 0.529069417217436], [0.0, 0.0, 0.0, 1.0]]}, "intrinsic": [[1387.14196777, 0.0, 949.0501709], [0.0, 1385.58874512, 538.76617432], [0.0, 0.0, 1.0]], "distortion": [0.0, 0.0, 0.0, 0.0, 0.0, 0.0, 0.0, 0.0]}