{"objects": [21, 29], "object_poses": {"21": [[-0.47933418026046093, -0.5496201794853267, -0.6842195568211674, 0.054252745381958484], [0.861186845757902, -0.4447777115060153, -0.24602846185153218, 0.02946496598633888], [-0.16910340128923904, -0.7071707330270368, 0.6865228284787217, 0.5711760258542903], [0.0, 0.0, 0.0, 1.0]], "29": [[-0.7406943094097004, 0.07147697734031817, -0.6680291772957151, 0.000644736851500266], [-0.23472368481936332, 0.9041344626995664, 0.35699532930249217, -0.07258003676984644], [0.6295051483450509, 0.4212266789618953, -0.6529099119616931, 0.47974130113244023], [0.0, 0.0, 0.0, 1.0]]}, "intrinsic": [[1387.14196777, 0.0, 949.0501709], [0.0, 1385.58874512, 538.76617432], [0.0, 0.0, 1.0]], "distortion": [0.0, 0.0, 0.0, 0.0, 0.0, 0.0, 0.0, 0.0]}