{"objects": [21, 29], "object_poses": {"21": [[-0.530640641758706, -0.4797375051958092, -0.6987649357419244, 0.06803355313837033], [0.8112296093716836, -0.5263503060964284, -0.25467994846643555, 0.021154116412408414], [-0.24561561471652557, -0.7020023371618541, 0.6684801331578439, 0.5806694386231321], [0.0, 0.0, 0.0, 1.0]], "29": [[-0.7529394738514044, -0.014983147625144206, -0.6579191850095464, 0.026586445429150507], [-0.2510780945898322, 0.9306590248368799, 0.26614576815500135, -0.0899285660485553], [0.6083107258083879, 0.3655807500086966, -0.7044918566524172, 0.49354834490359084], [0.0, 0.0, 0.0, 1.0]]}, "intrinsic": [[1387.14196777, 0.0, 949.0501709], [0.0, 1385.58874512, 538.76617432], [0.0, 0.0, 1.0]], "distortion": [0.0, 0.0, 0.0, 0.0, 0.0, 0.0, 0.0, 0.0]}