{"objects": [21, 29], "object_poses": {"21": [[-0.5283800804748644, -0.47249493721744307, -0.7053814747080234, 0.07032189950976933], [0.8068782043793471, -0.5379354324428907, -0.24407587717766194, 0.018896729036696924], [-0.26412507237091026, -0.6981217693399717, 0.6654802336048, 0.5865685664229217], [0.0, 0.0, 0.0, 1.0]], "29": [[-0.7589488658503999, -0.018933927788363163, -0.650874892281849, 0.029786121433889375], [-0.24147943459511437, 0.9364839587883679, 0.25433339851403486, -0.09360936468344246], [0.6047183655984272, 0.3501989453304815, -0.7153155925865194, 0.5008566091317113], [0.0, 0.0, 0.0, 1.0]]}, "intrinsic": [[1387.14196777, 0.0, 949.0501709], [0.0, 1385.58874512, 538.76617432], [0.0, 0.0, 1.0]], "distortion": [0.0, 0.0, 0.0, 0.0, 0.0, 0.0, 0.0, 0.0]}