{"objects": [21, 29], "object_poses": {"21": [[-0.5057489378204704, -0.5252935116485992, -0.6843133335785254, 0.06057608921136086], [0.8398939775108887, -0.48093321205022876, -0.25155785038036976, 0.023392670365433854], [-0.19696730295764056, -0.7019757632332759, 0.6844223180161961, 0.5787805542727924], [0.0, 0.0, 0.0, 1.0]], "29": [[-0.740401026977751, 0.035709784001321125, -0.671216157863383, 0.011596162831787896], [-0.2436222138163103, 0.9164327289768877, 0.31748900799117885, -0.08269614092153914], [0.6264619191822827, 0.39859235389877107, -0.6698280370572032, 0.48937450871299426], [0.0, 0.0, 0.0, 1.0]]}, "intrinsic": [[1387.14196777, 0.0, 949.0501709], [0.0, 1385.58874512, 538.76617432], [0.0, 0.0, 1.0]], "distortion": [0.0, 0.0, 0.0, 0.0, 0.0, 0.0, 0.0, 0.0]}