{"objects": [21, 29], "object_poses": {"21": [[-0.4827618201684792, -0.4722223571940752, -0.7375276742968325, 0.07595181647481249], [0.8174388520854348, -0.5451512652828325, -0.1860210231715177, 0.014248896609722422], [-0.3142208587743122, -0.6926876231943275, 0.649191118688894, 0.5925417201143051], [0.0, 0.0, 0.0, 1.0]], "29": [[-0.7888525501989754, 0.010998605905756015, -0.6144840801133221, 0.03335441100076639], [-0.18360336748941464, 0.9499626952548957, 0.2527067095876371, -0.09981456498975896], [0.5865163744441736, 0.31216967868804085, -0.7473611136637265, 0.5099445178257566], [0.0, 0.0, 0.0, 1.0]]}, "intrinsic": [[1387.14196777, 0.0, 949.0501709], [0.0, 1385.58874512, 538.76617432], [0.0, 0.0, 1.0]], "distortion": [0.0, 0.0, 0.0, 0.0, 0.0, 0.0, 0.0, 0.0]}