{"objects": [21, 29], "object_poses": {"21": [[-0.5016326402257288, -0.4721458228180956, -0.7248744831042091, 0.07239049107481484], [0.812975600332358, -0.5437051680793855, -0.2084595007861571, 0.01706442642983036], [-0.29569472014969933, -0.6938753578267488, 0.6565832927179935, 0.5878467443356916], [0.0, 0.0, 0.0, 1.0]], "29": [[-0.7771123426513017, -0.0015349696299529563, -0.6293600327056476, 0.030672959423358362], [-0.20607953884061872, 0.9454890685460325, 0.25215401034130386, -0.0965666239310834], [0.5946659823550208, 0.3256502189899476, -0.7350675508424753, 0.5042109744889492], [0.0, 0.0, 0.0, 1.0]]}, "intrinsic": [[1387.14196777, 0.0, 949.0501709], [0.0, 1385.58874512, 538.76617432], [0.0, 0.0, 1.0]], "distortion": [0.0, 0.0, 0.0, 0.0, 0.0, 0.0, 0.0, 0.0]}