{"objects": [21, 29], "object_poses": {"21": [[-0.5092491658616198, -0.5152879801822607, -0.6893065969138378, 0.06340964720922358], [0.8332922314792343, -0.4954575672700066, -0.24524652085452528, 0.0226933588064121], [-0.21514958523223998, -0.6992854184913201, 0.6816968237125833, 0.5803529134099185], [0.0, 0.0, 0.0, 1.0]], "29": [[-0.7448767746366416, 0.02586748638240191, -0.666700430294733, 0.015994068120738794], [-0.23860168814367758, 0.922839305308368, 0.3023852691401557, -0.08511954529745706], [0.6230793087737057, 0.3843156121291911, -0.6812295393271379, 0.4921743977756348], [0.0, 0.0, 0.0, 1.0]]}, "intrinsic": [[1387.14196777, 0.0, 949.0501709], [0.0, 1385.58874512, 538.76617432], [0.0, 0.0, 1.0]], "distortion": [0.0, 0.0, 0.0, 0.0, 0.0, 0.0, 0.0, 0.0]}