{"objects": [21, 29], "object_poses": {"21": [[-0.5239464719719369, -0.4942631393696353, -0.6936743065507324, 0.06563603804212642], [0.8206086954959654, -0.5111330571846181, -0.2556254422578492, 0.022124723743630337], [-0.22821363540457745, -0.7031692164149301, 0.6734029920499689, 0.5803446329408837], [0.0, 0.0, 0.0, 1.0]], "29": [[-0.7485181598893311, 0.0003525715440155774, -0.6631141983167069, 0.021844654864166327], [-0.2505754439049137, 0.9257054077175042, 0.2833398048888189, -0.0872722544064419], [0.6139482968685258, 0.37824512398164, -0.6928189626131553, 0.49224283964434645], [0.0, 0.0, 0.0, 1.0]]}, "intrinsic": [[1387.14196777, 0.0, 949.0501709], [0.0, 1385.58874512, 538.76617432], [0.0, 0.0, 1.0]], "distortion": [0.0, 0.0, 0.0, 0.0, 0.0, 0.0, 0.0, 0.0]}