{"objects": [21, 29], "object_poses": {"21": [[-0.4467707255678591, -0.4760908108682824, -0.7574519513357636, 0.08709552335300752], [0.8178654769984264, -0.5605084595135154, -0.13010122346821573, 0.0055539202138860655], [-0.36261822942277344, -0.6776192194887738, 0.6397970092691332, 0.6125050295951426], [0.0, 0.0, 0.0, 1.0]], "29": [[-0.8072962959742045, 0.037730175928658016, -0.5889389818399984, 0.042296511485629414], [-0.12886608405131325, 0.962600711622947, 0.23831366382204033, -0.11072713635727255], [0.5759046994838873, 0.2682839984184637, -0.772241848972841, 0.5342805163689578], [0.0, 0.0, 0.0, 1.0]]}, "intrinsic": [[1387.14196777, 0.0, 949.0501709], [0.0, 1385.58874512, 538.76617432], [0.0, 0.0, 1.0]], "distortion": [0.0, 0.0, 0.0, 0.0, 0.0, 0.0, 0.0, 0.0]}