{"objects": [21, 29], "object_poses": {"21": [[-0.4392921130070978, -0.4706610926659926, -0.7651800933768593, 0.08883793267311141], [0.8161199287336981, -0.5650823060811867, -0.12095556736949273, 0.002093196415492493], [-0.37546065223064956, -0.6776135500448833, 0.6323520976656238, 0.6214868097265729], [0.0, 0.0, 0.0, 1.0]], "29": [[-0.8142915253829014, 0.03861227895145236, -0.579170444345855, 0.04445463737624107], [-0.12013493591895046, 0.9649702731719917, 0.23323800947986595, -0.11475342990230858], [0.5678881129776838, 0.2595023387342718, -0.7811284320328543, 0.543870451477741], [0.0, 0.0, 0.0, 1.0]]}, "intrinsic": [[1387.14196777, 0.0, 949.0501709], [0.0, 1385.58874512, 538.76617432], [0.0, 0.0, 1.0]], "distortion": [0.0, 0.0, 0.0, 0.0, 0.0, 0.0, 0.0, 0.0]}