{"objects": [21, 29], "object_poses": {"21": [[-0.4052641513327763, -0.4807456313711515, -0.7775889695475908, 0.10714829524770275], [0.8217773658571285, -0.564242489234342, -0.07945045190278983, -0.01835525766617596], [-0.4005532781159661, -0.671203435077767, 0.623733132140957, 0.6491943716944781], [0.0, 0.0, 0.0, 1.0]], "29": [[-0.8257480648818597, 0.06875198624324873, -0.5598332767275315, 0.05978048693272227], [-0.07844764537485269, 0.9688977808507706, 0.23469779972893398, -0.13538998607958425], [0.5585571593660071, 0.23771885631996134, -0.79467203617022, 0.5736531701438867], [0.0, 0.0, 0.0, 1.0]]}, "intrinsic": [[1387.14196777, 0.0, 949.0501709], [0.0, 1385.58874512, 538.76617432], [0.0, 0.0, 1.0]], "distortion": [0.0, 0.0, 0.0, 0.0, 0.0, 0.0, 0.0, 0.0]}