{"objects": [21, 29], "object_poses": {"21": [[-0.4042893721559906, -0.4821992833955311, -0.7771962137417795, 0.1263301767400648], [0.8230733556745734, -0.5623808930978829, -0.07923371919220469, -0.020638025565842766], [-0.3988738581811477, -0.6717228462478197, 0.6242500004713042, 0.6516587602503786], [0.0, 0.0, 0.0, 1.0]], "29": [[-0.8254077474762819, 0.07048983930534548, -0.560118945368615, 0.07871363667754797], [-0.07804794384939726, 0.968397739839539, 0.2368846468949869, -0.13747380487942487], [0.5591158814298064, 0.2392425548024198, -0.7938214100820153, 0.5759661196851643], [0.0, 0.0, 0.0, 1.0]]}, "intrinsic": [[1387.14196777, 0.0, 949.0501709], [0.0, 1385.58874512, 538.76617432], [0.0, 0.0, 1.0]], "distortion": [0.0, 0.0, 0.0, 0.0, 0.0, 0.0, 0.0, 0.0]}