{"objects": [21, 29], "object_poses": {"21": [[-0.4024810495390942, -0.483095891185627, -0.7775778833541247, 0.15214569572813752], [0.8240046134560395, -0.5612103901686681, -0.07784147332816015, -0.022153260524512386], [-0.3987798913750221, -0.6720574810879676, 0.623949789925945, 0.6538352661592268], [0.0, 0.0, 0.0, 1.0]], "29": [[-0.8257636457324367, 0.07236314595994835, -0.5593549646632867, 0.10431995720513802], [-0.07653937277730705, 0.968184074721174, 0.23824634702586628, -0.13887062469693448], [0.5587988240874786, 0.23954785025771608, -0.7939525814778706, 0.5780918460724369], [0.0, 0.0, 0.0, 1.0]]}, "intrinsic": [[1387.14196777, 0.0, 949.0501709], [0.0, 1385.58874512, 538.76617432], [0.0, 0.0, 1.0]], "distortion": [0.0, 0.0, 0.0, 0.0, 0.0, 0.0, 0.0, 0.0]}