{"objects": [21, 29], "object_poses": {"21": [[-0.4631419851227736, -0.4803299823185589, -0.7448373041828636, 0.08102529569963174], [0.8214167742226418, -0.5482312078442447, -0.15721649331833631, 0.01107761461032064], [-0.33282725946383707, -0.6846354145320717, 0.64845999454577, 0.5999153402674363], [0.0, 0.0, 0.0, 1.0]], "29": [[-0.7957646798654603, 0.030069073643538988, -0.6048590125714036, 0.036387321923512635], [-0.15491297064070939, 0.9554310616811102, 0.25130351748868524, -0.10362980224333962], [0.5854575525227339, 0.2936789695996904, -0.7556402034096464, 0.5193115570622098], [0.0, 0.0, 0.0, 1.0]]}, "intrinsic": [[1387.14196777, 0.0, 949.0501709], [0.0, 1385.58874512, 538.76617432], [0.0, 0.0, 1.0]], "distortion": [0.0, 0.0, 0.0, 0.0, 0.0, 0.0, 0.0, 0.0]}