{"objects": [21, 29], "object_poses": {"21": [[-0.410708996465262, -0.4779429915945586, -0.7764590246807282, 0.09233885121360431], [0.8216576631737694, -0.563151226396867, -0.0879737503777699, -0.005253369172003364], [-0.39521741455851944, -0.6741151185022899, 0.6239967966555056, 0.6408064861789661], [0.0, 0.0, 0.0, 1.0]], "29": [[-0.8246888244392088, 0.06303501198738842, -0.5620631015365077, 0.04561532100926305], [-0.08687612584549094, 0.967858434710268, 0.2360139595834912, -0.12212185391234046], [0.5588746564330612, 0.24346793962234548, -0.7927057971106902, 0.5646095108399563], [0.0, 0.0, 0.0, 1.0]]}, "intrinsic": [[1387.14196777, 0.0, 949.0501709], [0.0, 1385.58874512, 538.76617432], [0.0, 0.0, 1.0]], "distortion": [0.0, 0.0, 0.0, 0.0, 0.0, 0.0, 0.0, 0.0]}