{"objects": [21, 29], "object_poses": {"21": [[-0.40455709907673065, -0.4816097385429685, -0.7774224162752192, 0.10317241340278736], [0.8224273261684666, -0.5633612662279208, -0.0789770655663054, -0.012483755728386225], [-0.39993355292849436, -0.671324171659754, 0.6240008091239508, 0.644822101122492], [0.0, 0.0, 0.0, 1.0]], "29": [[-0.8256065362809856, 0.0698697362722499, -0.5599036231382792, 0.05565085333148633], [-0.07788717055868523, 0.9686922437243558, 0.23573062085915852, -0.12942637775936014], [0.5588447332779413, 0.23823005037469408, -0.7943166919975898, 0.569234836772057], [0.0, 0.0, 0.0, 1.0]]}, "intrinsic": [[1387.14196777, 0.0, 949.0501709], [0.0, 1385.58874512, 538.76617432], [0.0, 0.0, 1.0]], "distortion": [0.0, 0.0, 0.0, 0.0, 0.0, 0.0, 0.0, 0.0]}