{"objects": [21, 29], "object_poses": {"21": [[-0.42429343463933455, -0.4752475529700645, -0.7707884565287216, 0.09055373770397473], [0.818897143872038, -0.5646952986909121, -0.10259964617192878, -0.0018295713804460378], [-0.38650038690818656, -0.6747288218479743, 0.6287753715656144, 0.6314092153132689], [0.0, 0.0, 0.0, 1.0]], "29": [[-0.8194890488288138, 0.05199920766873032, -0.5707309184295898, 0.0448353469010471], [-0.10168463100696833, 0.9668809428606255, 0.23409715536489045, -0.118770068434642], [0.5640017151273926, 0.24987461802828678, -0.7870608239511065, 0.554714633091443], [0.0, 0.0, 0.0, 1.0]]}, "intrinsic": [[1387.14196777, 0.0, 949.0501709], [0.0, 1385.58874512, 538.76617432], [0.0, 0.0, 1.0]], "distortion": [0.0, 0.0, 0.0, 0.0, 0.0, 0.0, 0.0, 0.0]}