{"objects": [21, 29], "object_poses": {"21": [[-0.40191719761571015, -0.48319576902332007, -0.7778074408609775, 0.1709137508597909], [0.8241715215427344, -0.5610339195743791, -0.07734496858198096, -0.026863069173327092], [-0.3990035956462929, -0.6721330150237967, 0.623725372881655, 0.6567118556305332], [0.0, 0.0, 0.0, 1.0]], "29": [[-0.8259728849050356, 0.0728124415754229, -0.5589876042932356, 0.12304796053816003], [-0.0760250403243914, 0.9681748155204484, 0.23844856853340465, -0.1435641016853819], [0.5585597431299046, 0.23944910721024132, -0.7941505766609316, 0.5809685709210751], [0.0, 0.0, 0.0, 1.0]]}, "intrinsic": [[1387.14196777, 0.0, 949.0501709], [0.0, 1385.58874512, 538.76617432], [0.0, 0.0, 1.0]], "distortion": [0.0, 0.0, 0.0, 0.0, 0.0, 0.0, 0.0, 0.0]}