{"objects": [21, 29], "object_poses": {"21": [[-0.4641494537083101, -0.4384987548208879, -0.7695999783282316, 0.18739417121883678], [0.7855462027968221, -0.6052233913736693, -0.12892559794568673, -0.0328705597871396], [-0.40924619472118917, -0.6643970865037663, 0.6253751382582641, 0.6587878418069101], [0.0, 0.0, 0.0, 1.0]], "29": [[-0.8177180435180194, -0.0019766437676916986, -0.5756155784762006, 0.14866362501310665], [-0.13216154095846613, 0.9739242872931123, 0.18440393084773335, -0.15388100365501386], [0.5602414911416004, 0.22686466340095518, -0.7966566990262647, 0.5846007316288078], [0.0, 0.0, 0.0, 1.0]]}, "intrinsic": [[1387.14196777, 0.0, 949.0501709], [0.0, 1385.58874512, 538.76617432], [0.0, 0.0, 1.0]], "distortion": [0.0, 0.0, 0.0, 0.0, 0.0, 0.0, 0.0, 0.0]}