{"objects": [21, 29], "object_poses": {"21": [[-0.5387387574208394, -0.4278451483104646, -0.7257472565017743, 0.1928985603341382], [0.7512389493164691, -0.6338700422679133, -0.18398046240067434, -0.03398343544807192], [-0.38131429593255395, -0.6443270121471536, 0.6629042986246146, 0.6578669308602216], [0.0, 0.0, 0.0, 1.0]], "29": [[-0.7767671559913809, -0.05927964658679186, -0.6269917933064348, 0.1590959987493141], [-0.19052930417505323, 0.9710275927590917, 0.1442359121407074, -0.15733321131349817], [0.600276077837231, 0.2314980293675051, -0.7655568514325569, 0.5851377780030259], [0.0, 0.0, 0.0, 1.0]]}, "intrinsic": [[1387.14196777, 0.0, 949.0501709], [0.0, 1385.58874512, 538.76617432], [0.0, 0.0, 1.0]], "distortion": [0.0, 0.0, 0.0, 0.0, 0.0, 0.0, 0.0, 0.0]}