{"objects": [21, 29], "object_poses": {"21": [[-0.6034162330460522, -0.39877657833464164, -0.6905549147375853, 0.2003083429686195], [0.7077543992467686, -0.6667926321225166, -0.23339086548958526, -0.03548716473147129], [-0.36738611846851366, -0.6295751157080863, 0.6845893759311485, 0.6576771772111135], [0.0, 0.0, 0.0, 1.0]], "29": [[-0.7427663096022841, -0.12367931852523263, -0.6580285977744058, 0.17354830713627242], [-0.24398104218538558, 0.9652151980696474, 0.0939833627272069, -0.16134960304562215], [0.6235154050815065, 0.23035417856968896, -0.7471047396727899, 0.5863339423886011], [0.0, 0.0, 0.0, 1.0]]}, "intrinsic": [[1387.14196777, 0.0, 949.0501709], [0.0, 1385.58874512, 538.76617432], [0.0, 0.0, 1.0]], "distortion": [0.0, 0.0, 0.0, 0.0, 0.0, 0.0, 0.0, 0.0]}