{"objects": [21, 29], "object_poses": {"21": [[-0.43445550324148635, -0.4499460464164927, -0.7802544271052618, 0.1830275760715542], [0.8017509007268042, -0.5879319772049593, -0.1073847445572692, -0.03154349099871184], [-0.4104191867919275, -0.672223582964807, 0.6161749310212319, 0.6587464145360916], [0.0, 0.0, 0.0, 1.0]], "29": [[-0.8277176173445151, 0.02628445672602086, -0.5605289227793241, 0.14132315932950862], [-0.10879177158831195, 0.9724327998860482, 0.20624936397590715, -0.15091994602681597], [0.5504978622776051, 0.23169716666461138, -0.8020402275368709, 0.5835312986337621], [0.0, 0.0, 0.0, 1.0]]}, "intrinsic": [[1387.14196777, 0.0, 949.0501709], [0.0, 1385.58874512, 538.76617432], [0.0, 0.0, 1.0]], "distortion": [0.0, 0.0, 0.0, 0.0, 0.0, 0.0, 0.0, 0.0]}