{"objects": [21, 29], "object_poses": {"21": [[-0.5775552144801546, -0.42047553493589174, -0.6997358778476092, 0.19661286397590022], [0.7279535505935731, -0.6532097983116618, -0.20832807676319856, -0.034705027239232966], [-0.3694774721210958, -0.6296961838140848, 0.6833513837587462, 0.6572824496799873], [0.0, 0.0, 0.0, 1.0]], "29": [[-0.7521552891655388, -0.09039293869434348, -0.6527568748121448, 0.16562636180768686], [-0.21716137122392887, 0.9692170949925266, 0.11601362688235871, -0.15964096761861077], [0.6221763092793438, 0.2290138410848963, -0.7486316188641073, 0.5860212573241762], [0.0, 0.0, 0.0, 1.0]]}, "intrinsic": [[1387.14196777, 0.0, 949.0501709], [0.0, 1385.58874512, 538.76617432], [0.0, 0.0, 1.0]], "distortion": [0.0, 0.0, 0.0, 0.0, 0.0, 0.0, 0.0, 0.0]}