{"objects": [21, 29], "object_poses": {"21": [[-0.41401918834621537, -0.4708691573521493, -0.7790188369581472, 0.17908277381401083], [0.8158406469609043, -0.5715202983013284, -0.08813959040055841, -0.03003923237610351], [-0.4037228634193961, -0.6720467136174726, 0.6207745679942177, 0.6580651573633501], [0.0, 0.0, 0.0, 1.0]], "29": [[-0.82692475365349, 0.055531443525216995, -0.5595638574596585, 0.13350330668758362], [-0.0878667520382329, 0.970127113305571, 0.226125668413961, -0.14780335290831373], [0.5554051545326025, 0.23615597136091115, -0.7973427566042206, 0.5825573157651555], [0.0, 0.0, 0.0, 1.0]]}, "intrinsic": [[1387.14196777, 0.0, 949.0501709], [0.0, 1385.58874512, 538.76617432], [0.0, 0.0, 1.0]], "distortion": [0.0, 0.0, 0.0, 0.0, 0.0, 0.0, 0.0, 0.0]}