{"objects": [21, 29], "object_poses": {"21": [[-0.5020882335497232, -0.43253450598397214, -0.7488800350283922, 0.18994672920917557], [0.7669983843970236, -0.6227593435601954, -0.15454539249306423, -0.03302955397806029], [-0.3995258240255274, -0.6519852000940539, 0.6444334060203964, 0.6578309003300422], [0.0, 0.0, 0.0, 1.0]], "29": [[-0.7984326900798394, -0.03155451081300474, -0.6012566442537128, 0.1538003910001762], [-0.15972190923020743, 0.9739465829195876, 0.16098746948481796, -0.15559460436850941], [0.5805119732819868, 0.22457151748746082, -0.7826707369064274, 0.5849024373821687], [0.0, 0.0, 0.0, 1.0]]}, "intrinsic": [[1387.14196777, 0.0, 949.0501709], [0.0, 1385.58874512, 538.76617432], [0.0, 0.0, 1.0]], "distortion": [0.0, 0.0, 0.0, 0.0, 0.0, 0.0, 0.0, 0.0]}