{"objects": [21, 29], "object_poses": {"21": [[-0.6123210011728395, -0.38067273452937134, -0.6929294774424221, 0.17382536372215385], [0.6973125572988026, -0.6730731940361865, -0.24642985392061503, -0.03832400944735809], [-0.37258313026235895, -0.6340826008146455, 0.6775847300434439, 0.6499676841286959], [0.0, 0.0, 0.0, 1.0]], "29": [[-0.7443458014981325, -0.1431000184668372, -0.6522819271656287, 0.15000940807097093], [-0.2578788157839723, 0.9625971290365506, 0.08309803571959523, -0.16456193469242114], [0.6159933799660324, 0.23006336493538335, -0.7534075948334006, 0.5782453268241928], [0.0, 0.0, 0.0, 1.0]]}, "intrinsic": [[1387.14196777, 0.0, 949.0501709], [0.0, 1385.58874512, 538.76617432], [0.0, 0.0, 1.0]], "distortion": [0.0, 0.0, 0.0, 0.0, 0.0, 0.0, 0.0, 0.0]}