{"objects": [21, 29], "object_poses": {"21": [[-0.6116750356811778, -0.3894852951790219, -0.6885890324161037, 0.20119615717375722], [0.6999786519583825, -0.672029556989511, -0.24167366702852114, -0.03578710332347396], [-0.36862384286282646, -0.6298233715668226, 0.6836950951273909, 0.6569081989130039], [0.0, 0.0, 0.0, 1.0]], "29": [[-0.7405741690434496, -0.13607263796869207, -0.6580532936942555, 0.17611628725291456], [-0.25294518742697636, 0.9637050273435254, 0.08538941638373838, -0.16200868545691877], [0.6225501042511788, 0.22968860979392594, -0.7481139687425957, 0.585589040340039], [0.0, 0.0, 0.0, 1.0]]}, "intrinsic": [[1387.14196777, 0.0, 949.0501709], [0.0, 1385.58874512, 538.76617432], [0.0, 0.0, 1.0]], "distortion": [0.0, 0.0, 0.0, 0.0, 0.0, 0.0, 0.0, 0.0]}