{"objects": [21, 29], "object_poses": {"21": [[-0.6115143345718033, -0.3868508194727862, -0.6902149390490214, 0.19105491798925636], [0.6997534477236913, -0.6715841851578439, -0.2435565532780581, -0.035728924041229404], [-0.3693173852014206, -0.6319186068783835, 0.6813835507765643, 0.6546833557373434], [0.0, 0.0, 0.0, 1.0]], "29": [[-0.7420125197202206, -0.13794113532751126, -0.6560409009833302, 0.16633668288738404], [-0.2548028075408517, 0.9631905918633109, 0.08567037419851327, -0.16187599253207902], [0.6200749550237996, 0.23072955365659648, -0.749847266596124, 0.5831065716821379], [0.0, 0.0, 0.0, 1.0]]}, "intrinsic": [[1387.14196777, 0.0, 949.0501709], [0.0, 1385.58874512, 538.76617432], [0.0, 0.0, 1.0]], "distortion": [0.0, 0.0, 0.0, 0.0, 0.0, 0.0, 0.0, 0.0]}