{"objects": [21, 29], "object_poses": {"21": [[-0.6388849157897794, -0.3743290949418241, -0.6720891258280607, 0.09850844569798205], [0.6790023971785223, -0.6850633634718413, -0.26390136917885326, -0.06984687215577057], [-0.36163767641398914, -0.6249527315795098, 0.6918470020815368, 0.6075940027370972], [0.0, 0.0, 0.0, 1.0]], "29": [[-0.7243869329410424, -0.16529938630082236, -0.6692829627839437, 0.07679805508849948], [-0.27693875868245404, 0.9588246940989852, 0.06292956320695012, -0.19688484559458053], [0.6313228138786914, 0.23093574620350377, -0.7403378862396142, 0.5366199067920556], [0.0, 0.0, 0.0, 1.0]]}, "intrinsic": [[1387.14196777, 0.0, 949.0501709], [0.0, 1385.58874512, 538.76617432], [0.0, 0.0, 1.0]], "distortion": [0.0, 0.0, 0.0, 0.0, 0.0, 0.0, 0.0, 0.0]}