{"objects": [21, 29], "object_poses": {"21": [[-0.6156048234758346, -0.3768020888387873, -0.6921350209027272, 0.1568499853191026], [0.6932708411663541, -0.6765536681151216, -0.24829553952593467, -0.042025714148945126], [-0.3747082092799472, -0.6326889599216253, 0.6777156025144444, 0.644062309220117], [0.0, 0.0, 0.0, 1.0]], "29": [[-0.7434497292818661, -0.14815789238616467, -0.652174623053076, 0.1337266709019161], [-0.2601569721913422, 0.9624163574416355, 0.07793012735146769, -0.16855852869308838], [0.616117561712836, 0.22760490735586925, -0.7540524890858545, 0.5726335389312941], [0.0, 0.0, 0.0, 1.0]]}, "intrinsic": [[1387.14196777, 0.0, 949.0501709], [0.0, 1385.58874512, 538.76617432], [0.0, 0.0, 1.0]], "distortion": [0.0, 0.0, 0.0, 0.0, 0.0, 0.0, 0.0, 0.0]}