{"objects": [21, 29], "object_poses": {"21": [[-0.6498712447769963, -0.3978968243149689, -0.647568901671525, 0.07968429804606916], [0.6841014677564253, -0.677466897452031, -0.27026613674345, -0.07086723998313976], [-0.33116845717173066, -0.6186410268134422, 0.7124680574718533, 0.611847332526149], [0.0, 0.0, 0.0, 1.0]], "29": [[-0.7020208385126749, -0.15483371829248097, -0.695121041239364, 0.0551750553458095], [-0.2825418888864825, 0.9565274699699537, 0.07228609975193356, -0.1970773794380782], [0.6537100452941176, 0.24714716035717266, -0.715249227758386, 0.5403098753998518], [0.0, 0.0, 0.0, 1.0]]}, "intrinsic": [[1387.14196777, 0.0, 949.0501709], [0.0, 1385.58874512, 538.76617432], [0.0, 0.0, 1.0]], "distortion": [0.0, 0.0, 0.0, 0.0, 0.0, 0.0, 0.0, 0.0]}