{"objects": [21, 29], "object_poses": {"21": [[-0.6320185496798068, -0.376200179714418, -0.677514558990048, 0.11389177302255186], [0.684219798152583, -0.6813823448826041, -0.2599256968795664, -0.0688086826457816], [-0.3638623650182505, -0.6278467367639432, 0.6880498924192952, 0.6088524727067827], [0.0, 0.0, 0.0, 1.0]], "29": [[-0.7295997358396975, -0.15939083736386037, -0.6650404396930341, 0.09160488794452257], [-0.27248963448169455, 0.9596862261888237, 0.06893291204856787, -0.19558079988954846], [0.6272428752586151, 0.23151006074879768, -0.743619168129367, 0.5375823170024249], [0.0, 0.0, 0.0, 1.0]]}, "intrinsic": [[1387.14196777, 0.0, 949.0501709], [0.0, 1385.58874512, 538.76617432], [0.0, 0.0, 1.0]], "distortion": [0.0, 0.0, 0.0, 0.0, 0.0, 0.0, 0.0, 0.0]}