{"objects": [21, 29], "object_poses": {"21": [[-0.6184623132451877, -0.3742779258893845, -0.6909561500466995, 0.1611671552269025], [0.6911133991991567, -0.6775428407148599, -0.2515908751195693, -0.041674318714415515], [-0.3739874817995927, -0.6331285281741666, 0.677703202197852, 0.6393523632739652], [0.0, 0.0, 0.0, 1.0]], "29": [[-0.7422400189967486, -0.15192647203853343, -0.6526853003505161, 0.1385283342369591], [-0.2636073083199274, 0.9616366374015228, 0.07593526590079018, -0.16824108408878835], [0.6161095204588602, 0.22841480841010983, -0.7538141243694919, 0.567828606815528], [0.0, 0.0, 0.0, 1.0]]}, "intrinsic": [[1387.14196777, 0.0, 949.0501709], [0.0, 1385.58874512, 538.76617432], [0.0, 0.0, 1.0]], "distortion": [0.0, 0.0, 0.0, 0.0, 0.0, 0.0, 0.0, 0.0]}