{"objects": [21, 29], "object_poses": {"21": [[-0.6819307509964839, -0.37256908996292637, -0.6294145883672968, 0.08132822133704377], [0.6526733829978721, -0.6983805424543843, -0.2937381028182055, -0.07039769977664306], [-0.3301331639982373, -0.6111111937489978, 0.719413096143793, 0.6122880293216517], [0.0, 0.0, 0.0, 1.0]], "29": [[-0.6837351766718124, -0.19481527188051392, -0.7032447781702323, 0.0618324534373179], [-0.30878379274952455, 0.9504150297554435, 0.036930211889278544, -0.19803400239467522], [0.6611798375002086, 0.24240107478534684, -0.709987986818175, 0.5417458480464019], [0.0, 0.0, 0.0, 1.0]]}, "intrinsic": [[1387.14196777, 0.0, 949.0501709], [0.0, 1385.58874512, 538.76617432], [0.0, 0.0, 1.0]], "distortion": [0.0, 0.0, 0.0, 0.0, 0.0, 0.0, 0.0, 0.0]}