{"objects": [21, 29], "object_poses": {"21": [[-0.6292327893652088, -0.3774402954076372, -0.6794151309694832, 0.12297287272967322], [0.6869531268189604, -0.6789730425631026, -0.2590193217238087, -0.06317513065756253], [-0.3635402293300355, -0.6297097989353563, 0.6865158925935134, 0.6151895422230754], [0.0, 0.0, 0.0, 1.0]], "29": [[-0.7314469343416005, -0.1566327117803093, -0.6636652588787766, 0.10038469660025962], [-0.27129946342642985, 0.9597610878241718, 0.07249314066242576, -0.18973972281166335], [0.62560529360518, 0.23307691412690154, -0.7445086760503704, 0.5436459306069097], [0.0, 0.0, 0.0, 1.0]]}, "intrinsic": [[1387.14196777, 0.0, 949.0501709], [0.0, 1385.58874512, 538.76617432], [0.0, 0.0, 1.0]], "distortion": [0.0, 0.0, 0.0, 0.0, 0.0, 0.0, 0.0, 0.0]}