{"objects": [21, 29], "object_poses": {"21": [[-0.6261312283230535, -0.378705213778786, -0.6815732139509547, 0.1308604889742129], [0.6888315753782528, -0.6782336658163709, -0.25594951712243436, -0.05320840295053614], [-0.3653364828217699, -0.6297471362460169, 0.685527387278852, 0.6225371922249514], [0.0, 0.0, 0.0, 1.0]], "29": [[-0.7335377751691763, -0.15364826469273382, -0.6620532781859623, 0.10795306078843306], [-0.2681034458760075, 0.9605336602142677, 0.07413251584022622, -0.17976063610845314], [0.6245341261366615, 0.2318777659722977, -0.7457813533056661, 0.5510732707839221], [0.0, 0.0, 0.0, 1.0]]}, "intrinsic": [[1387.14196777, 0.0, 949.0501709], [0.0, 1385.58874512, 538.76617432], [0.0, 0.0, 1.0]], "distortion": [0.0, 0.0, 0.0, 0.0, 0.0, 0.0, 0.0, 0.0]}