{"objects": [21, 29], "object_poses": {"21": [[-0.6461027237377135, -0.37580467658801, -0.6643207925643263, 0.08353158450190144], [0.6753524936158486, -0.6870000299062302, -0.26819762913884976, -0.06986743813228397], [-0.3555984810788229, -0.6219339225057823, 0.697673215976517, 0.6097550880899832], [0.0, 0.0, 0.0, 1.0]], "29": [[-0.7170772416387813, -0.1689285214052238, -0.6762125288543347, 0.06194489935042455], [-0.2815189033319512, 0.9577229794984774, 0.05927732793694258, -0.19700083082505537], [0.6376106465473348, 0.23287303235113904, -0.7343179244803256, 0.5389142415558782], [0.0, 0.0, 0.0, 1.0]]}, "intrinsic": [[1387.14196777, 0.0, 949.0501709], [0.0, 1385.58874512, 538.76617432], [0.0, 0.0, 1.0]], "distortion": [0.0, 0.0, 0.0, 0.0, 0.0, 0.0, 0.0, 0.0]}