{"objects": [21, 29], "object_poses": {"21": [[-0.6228691309624008, -0.37311439348568576, -0.6876188588658384, 0.14395678347913016], [0.688753408401844, -0.6783688032375889, -0.2558016989952353, -0.04683558413832217], [-0.37101588659919676, -0.6329308146771003, 0.6795187971816552, 0.6329910274485144], [0.0, 0.0, 0.0, 1.0]], "29": [[-0.7390411939828512, -0.15569355125245332, -0.6554217204936175, 0.12168289074157398], [-0.26796870791608335, 0.9605835867388884, 0.07397259266542747, -0.17340316421101754], [0.6180702914509029, 0.2303013047862767, -0.7516318406238202, 0.5613542252590691], [0.0, 0.0, 0.0, 1.0]]}, "intrinsic": [[1387.14196777, 0.0, 949.0501709], [0.0, 1385.58874512, 538.76617432], [0.0, 0.0, 1.0]], "distortion": [0.0, 0.0, 0.0, 0.0, 0.0, 0.0, 0.0, 0.0]}