{"objects": [21, 29], "object_poses": {"21": [[-0.6677829143146937, -0.40291176717376975, -0.6258818476536037, 0.06938452162869906], [0.6764277488014296, -0.6794070551661939, -0.2843440768537926, -0.07345450990949448], [-0.3106629685057528, -0.6132439655335534, 0.7262371229398051, 0.6132257723661433], [0.0, 0.0, 0.0, 1.0]], "29": [[-0.6815696178434276, -0.16279640843494145, -0.7134144555820685, 0.04499110969165941], [-0.2970587181230949, 0.9525453230907319, 0.06643436945621653, -0.1995629073558847], [0.6687443263459101, 0.2572056314676386, -0.6975860442422185, 0.5414696325685955], [0.0, 0.0, 0.0, 1.0]]}, "intrinsic": [[1387.14196777, 0.0, 949.0501709], [0.0, 1385.58874512, 538.76617432], [0.0, 0.0, 1.0]], "distortion": [0.0, 0.0, 0.0, 0.0, 0.0, 0.0, 0.0, 0.0]}