{"objects": [21, 29], "object_poses": {"21": [[-0.6627853922171848, -0.3229454341167912, -0.6755899425292202, 0.06861124335784237], [0.6334811898440951, -0.7228903165235813, -0.2759187786109382, -0.07526557241547693], [-0.39927071765560845, -0.610848456541851, 0.6837009998261105, 0.6137977974318067], [0.0, 0.0, 0.0, 1.0]], "29": [[-0.7255779531165443, -0.21943820512757714, -0.652214311466412, 0.05518958157101503], [-0.29354022367490185, 0.9559339909207011, 0.004933770091755696, -0.20544215100742105], [0.6223911720422391, 0.19503096967614764, -0.7580185682627352, 0.5465577243202502], [0.0, 0.0, 0.0, 1.0]]}, "intrinsic": [[1387.14196777, 0.0, 949.0501709], [0.0, 1385.58874512, 538.76617432], [0.0, 0.0, 1.0]], "distortion": [0.0, 0.0, 0.0, 0.0, 0.0, 0.0, 0.0, 0.0]}