{"objects": [21, 29], "object_poses": {"21": [[-0.42182284242786794, -0.4105110392898238, -0.8084220285390977, 0.09572737047837898], [0.7822222431384785, -0.6156302244755326, -0.09553946332075121, -0.0867451397638705], [-0.4584690305194926, -0.6726664205484038, 0.580797757159171, 0.6317226425940833], [0.0, 0.0, 0.0, 1.0]], "29": [[-0.8525901216392626, 0.0051312215238329935, -0.5225550258574057, 0.05896214942127004], [-0.09972975439945206, 0.9799759881338275, 0.1723398931430633, -0.2090850859408536], [0.512975691988022, 0.1990495748471013, -0.8350061114642303, 0.5587256142908239], [0.0, 0.0, 0.0, 1.0]]}, "intrinsic": [[1387.14196777, 0.0, 949.0501709], [0.0, 1385.58874512, 538.76617432], [0.0, 0.0, 1.0]], "distortion": [0.0, 0.0, 0.0, 0.0, 0.0, 0.0, 0.0, 0.0]}