{"objects": [21, 29], "object_poses": {"21": [[-0.6198340090171427, -0.32906511333530136, -0.712405749872478, 0.06925810981516167], [0.6594945635493437, -0.7104419862233768, -0.2456401939012622, -0.07746555012460116], [-0.42529133769052946, -0.6220838652437599, 0.6573727577933186, 0.6149778907265391], [0.0, 0.0, 0.0, 1.0]], "29": [[-0.7606837963708976, -0.1866582988286216, -0.6217063948659182, 0.05301223518486979], [-0.2613270835467577, 0.964781408296725, 0.030083045223892737, -0.2071507023585367], [0.5941955211407459, 0.18535240403998876, -0.7826724531838919, 0.5474120495149487], [0.0, 0.0, 0.0, 1.0]]}, "intrinsic": [[1387.14196777, 0.0, 949.0501709], [0.0, 1385.58874512, 538.76617432], [0.0, 0.0, 1.0]], "distortion": [0.0, 0.0, 0.0, 0.0, 0.0, 0.0, 0.0, 0.0]}