{"objects": [21, 29], "object_poses": {"21": [[-0.42676603214775494, -0.4014429727088451, -0.8103791047821712, 0.08490758806992758], [0.7779142750005308, -0.6199436214791237, -0.1025635751022354, -0.08570343722790552], [-0.4612159305089773, -0.6741761237614707, 0.5768590985628163, 0.6305582500300345], [0.0, 0.0, 0.0, 1.0]], "29": [[-0.854168860256604, -0.00493517118587614, -0.5199723091216617, 0.04964035009157527], [-0.10721701305367262, 0.9801397851244581, 0.16682479949946977, -0.20843694685969757], [0.508822238389597, 0.1982464267056453, -0.8377340174653644, 0.5574828260496489], [0.0, 0.0, 0.0, 1.0]]}, "intrinsic": [[1387.14196777, 0.0, 949.0501709], [0.0, 1385.58874512, 538.76617432], [0.0, 0.0, 1.0]], "distortion": [0.0, 0.0, 0.0, 0.0, 0.0, 0.0, 0.0, 0.0]}