{"objects": [21, 29], "object_poses": {"21": [[-0.506805830648209, -0.3808200452143495, -0.7733847316723587, 0.06894067673437489], [0.7397070195328297, -0.6528183439642599, -0.1632842155189074, -0.08125989381195498], [-0.44269783744088864, -0.654831507295358, 0.6125474036990602, 0.6190119984048553], [0.0, 0.0, 0.0, 1.0]], "29": [[-0.8196456679563793, -0.07339975681696087, -0.5681491482872831, 0.04025367847694908], [-0.17169355106632903, 0.9776426462958328, 0.12139267138474516, -0.20673479578778128], [0.5465366442633035, 0.19704652202691386, -0.8139228247410938, 0.5477349673485095], [0.0, 0.0, 0.0, 1.0]]}, "intrinsic": [[1387.14196777, 0.0, 949.0501709], [0.0, 1385.58874512, 538.76617432], [0.0, 0.0, 1.0]], "distortion": [0.0, 0.0, 0.0, 0.0, 0.0, 0.0, 0.0, 0.0]}