{"objects": [21, 29], "object_poses": {"21": [[-0.5806071607314106, -0.3437690731307072, -0.7380502349205444, 0.07162759119187645], [0.6867095714783183, -0.6937631232534406, -0.21707762034282055, -0.07724937860109227], [-0.4374074637537375, -0.6328629813573345, 0.6388733501094237, 0.6161037657996556], [0.0, 0.0, 0.0, 1.0]], "29": [[-0.7853974204119039, -0.1498399086427937, -0.6005821290949808, 0.051522896496484935], [-0.2304878828601179, 0.9712794414771978, 0.059089613456279284, -0.20590734692784296], [0.5744790926265343, 0.1848357334004235, -0.7973766511463317, 0.547618449940634], [0.0, 0.0, 0.0, 1.0]]}, "intrinsic": [[1387.14196777, 0.0, 949.0501709], [0.0, 1385.58874512, 538.76617432], [0.0, 0.0, 1.0]], "distortion": [0.0, 0.0, 0.0, 0.0, 0.0, 0.0, 0.0, 0.0]}