{"objects": [21, 29], "object_poses": {"21": [[-0.6765147230924492, -0.33583593333597644, -0.6553945798673537, 0.0814900860090108], [0.6376641273914565, -0.7123325592516854, -0.2932009305374765, -0.07116831912840887], [-0.3683914902345616, -0.6162763592012158, 0.6960539914492718, 0.6131093536479093], [0.0, 0.0, 0.0, 1.0]], "29": [[-0.7069416725595988, -0.21878978760184667, -0.6725804787828651, 0.06689159077424138], [-0.30987100596007666, 0.9506361026170995, 0.016460864687799087, -0.20005035773449695], [0.6357778159577013, 0.22005006076372788, -0.7398408879576425, 0.54365711025224], [0.0, 0.0, 0.0, 1.0]]}, "intrinsic": [[1387.14196777, 0.0, 949.0501709], [0.0, 1385.58874512, 538.76617432], [0.0, 0.0, 1.0]], "distortion": [0.0, 0.0, 0.0, 0.0, 0.0, 0.0, 0.0, 0.0]}