{"objects": [21, 29], "object_poses": {"21": [[-0.5424930767433351, -0.3607501700767886, -0.7586570875402959, 0.07038777930191435], [0.7143147379003381, -0.6733723581685342, -0.19058888339282484, -0.0793262398627878], [-0.4421037399795705, -0.6453130883874302, 0.6229890055626682, 0.6177243866682229], [0.0, 0.0, 0.0, 1.0]], "29": [[-0.8052926903213982, -0.11199722989374661, -0.5822029744093251, 0.04615359921849521], [-0.20145136531655314, 0.9752589006921706, 0.09103529004075543, -0.20645535506225013], [0.557602932495014, 0.19059563771722685, -0.8079308587720494, 0.5477372261646114], [0.0, 0.0, 0.0, 1.0]]}, "intrinsic": [[1387.14196777, 0.0, 949.0501709], [0.0, 1385.58874512, 538.76617432], [0.0, 0.0, 1.0]], "distortion": [0.0, 0.0, 0.0, 0.0, 0.0, 0.0, 0.0, 0.0]}