{"objects": [21, 29], "object_poses": {"21": [[-0.46679230948744044, -0.3940710502373896, -0.7917151932154575, 0.07472770636370293], [0.7596184192942494, -0.637088079151373, -0.1307617546231507, -0.08281851613889546], [-0.4528628897053608, -0.6624400250347369, 0.5967314440849386, 0.6239768011726453], [0.0, 0.0, 0.0, 1.0]], "29": [[-0.8369363708455406, -0.036995571776149046, -0.5460483850583802, 0.04234062241916973], [-0.13730962660378287, 0.9799962726026377, 0.14406030725663269, -0.2070612431751185], [0.5297957885806978, 0.19554701059822574, -0.8252743719807797, 0.552128825395701], [0.0, 0.0, 0.0, 1.0]]}, "intrinsic": [[1387.14196777, 0.0, 949.0501709], [0.0, 1385.58874512, 538.76617432], [0.0, 0.0, 1.0]], "distortion": [0.0, 0.0, 0.0, 0.0, 0.0, 0.0, 0.0, 0.0]}