{"objects": [21, 29], "object_poses": {"21": [[-0.36118018107109856, -0.41770739708365995, -0.8337082266734861, 0.15897694200813434], [0.8123875332484397, -0.5798749739026139, -0.061412624630141, -0.07601911974978431], [-0.4577940286023461, -0.6994751926001697, 0.5487796300091672, 0.6111192866831177], [0.0, 0.0, 0.0, 1.0]], "29": [[-0.8754539202587446, 0.050821371758401054, -0.4806221194204478, 0.11839935908528845], [-0.06194213850300296, 0.9744559563946822, 0.21586746055070213, -0.19481384040733035], [0.4793157675074834, 0.21875277648416136, -0.849943302696832, 0.5343821759797089], [0.0, 0.0, 0.0, 1.0]]}, "intrinsic": [[1387.14196777, 0.0, 949.0501709], [0.0, 1385.58874512, 538.76617432], [0.0, 0.0, 1.0]], "distortion": [0.0, 0.0, 0.0, 0.0, 0.0, 0.0, 0.0, 0.0]}