{"objects": [21, 29], "object_poses": {"21": [[-0.3694324311116157, -0.4146023802455793, -0.8316396726573761, 0.12455957366102], [0.7905146316212022, -0.6106578707834605, -0.04672881384125002, -0.10148390693526499], [-0.4884734343193685, -0.6746864687726575, 0.553346069670086, 0.6381362361953629], [0.0, 0.0, 0.0, 1.0]], "29": [[-0.8735694931135063, 0.04300782069046002, -0.4847954909659144, 0.08479869487622924], [-0.050364411909885436, 0.9827522592844256, 0.17793656983413364, -0.22356573513772598], [0.4840865281273591, 0.17985639891542374, -0.8563363294026426, 0.5662863246291124], [0.0, 0.0, 0.0, 1.0]]}, "intrinsic": [[1387.14196777, 0.0, 949.0501709], [0.0, 1385.58874512, 538.76617432], [0.0, 0.0, 1.0]], "distortion": [0.0, 0.0, 0.0, 0.0, 0.0, 0.0, 0.0, 0.0]}