{"objects": [21, 29], "object_poses": {"21": [[-0.3940473151929642, -0.41184879786150086, -0.8216491228555293, 0.11127848722167728], [0.7860112905407963, -0.6143476043353081, -0.06901646317991603, -0.09591404636777845], [-0.4763538228371963, -0.6730212394475469, 0.5657998291983528, 0.6345685731015637], [0.0, 0.0, 0.0, 1.0]], "29": [[-0.8645724050040647, 0.024581073053239394, -0.5019066918791306, 0.0730419599388136], [-0.07303278633730971, 0.9820512729473141, 0.17390086090177442, -0.21827824573453447], [0.4971727754265254, 0.1870055297314, -0.8472592066331177, 0.5623724461573039], [0.0, 0.0, 0.0, 1.0]]}, "intrinsic": [[1387.14196777, 0.0, 949.0501709], [0.0, 1385.58874512, 538.76617432], [0.0, 0.0, 1.0]], "distortion": [0.0, 0.0, 0.0, 0.0, 0.0, 0.0, 0.0, 0.0]}