{"objects": [21, 29], "object_poses": {"21": [[-0.3733238073666676, -0.4131364475754187, -0.8306308509428397, 0.1369522314163432], [0.8036488220090217, -0.5913096259418892, -0.0670931975089852, -0.10624239675641584], [-0.46344137249146156, -0.6925829928270217, 0.5527665803121647, 0.6307450783515557], [0.0, 0.0, 0.0, 1.0]], "29": [[-0.872647490509664, 0.03932261490165102, -0.4867649219741457, 0.09757668363954153], [-0.06876844103473623, 0.9769259846673742, 0.20220415920386622, -0.22621848999606747], [0.48348449698501805, 0.20992701693442817, -0.8498078540094652, 0.555229428719845], [0.0, 0.0, 0.0, 1.0]]}, "intrinsic": [[1387.14196777, 0.0, 949.0501709], [0.0, 1385.58874512, 538.76617432], [0.0, 0.0, 1.0]], "distortion": [0.0, 0.0, 0.0, 0.0, 0.0, 0.0, 0.0, 0.0]}