{"objects": [21, 29], "object_poses": {"21": [[-0.36387458656929567, -0.42077660171435405, -0.8309887705009926, 0.1586890570533545], [0.8124408167346293, -0.5797152890862183, -0.062210151127090385, -0.06026754310948185], [-0.4555603193349863, -0.6977658884249143, 0.5527997471037804, 0.6056736643976879], [0.0, 0.0, 0.0, 1.0]], "29": [[-0.8730721328665427, 0.05132523799123943, -0.4848822235935469, 0.11780649009147089], [-0.06272397860517699, 0.9743595456839576, 0.21607678783825504, -0.17904168873786655], [0.4835398156510187, 0.2190643642396097, -0.8474668435994944, 0.529066692783308], [0.0, 0.0, 0.0, 1.0]]}, "intrinsic": [[1387.14196777, 0.0, 949.0501709], [0.0, 1385.58874512, 538.76617432], [0.0, 0.0, 1.0]], "distortion": [0.0, 0.0, 0.0, 0.0, 0.0, 0.0, 0.0, 0.0]}