{"objects": [21, 29], "object_poses": {"21": [[-0.362200313455232, -0.4174308040131929, -0.8334041377350114, 0.15886169622993437], [0.8117263212276588, -0.5807487917206887, -0.061896852433513797, -0.09505861944768512], [-0.4581607931274184, -0.6989151341728602, 0.5491869653087152, 0.6179440124464342], [0.0, 0.0, 0.0, 1.0]], "29": [[-0.8751798655825582, 0.049935620093519734, -0.4812137121121802, 0.11837006358510402], [-0.06251345059065658, 0.9746482515697383, 0.21483215356950258, -0.21394387698636083], [0.4797418799460418, 0.21809910489944112, -0.8498708778796434, 0.5413017703289771], [0.0, 0.0, 0.0, 1.0]]}, "intrinsic": [[1387.14196777, 0.0, 949.0501709], [0.0, 1385.58874512, 538.76617432], [0.0, 0.0, 1.0]], "distortion": [0.0, 0.0, 0.0, 0.0, 0.0, 0.0, 0.0, 0.0]}