{"objects": [21, 29], "object_poses": {"21": [[-0.36695792168598645, -0.41457398226180747, -0.8327486397127857, 0.13111994798244248], [0.7952594566393941, -0.604234691537855, -0.04962695001482062, -0.10378231423514561], [-0.48260157515026736, -0.6804622331722371, 0.5514225864876608, 0.6356378742661529], [0.0, 0.0, 0.0, 1.0]], "29": [[-0.8745579992443205, 0.04463273236204342, -0.4828625323626618, 0.09124851154028368], [-0.052606576774147505, 0.981145814589768, 0.18597160695411452, -0.2251868637987871], [0.4820589736099666, 0.18804470137413862, -0.8557209453129174, 0.5627097318768101], [0.0, 0.0, 0.0, 1.0]]}, "intrinsic": [[1387.14196777, 0.0, 949.0501709], [0.0, 1385.58874512, 538.76617432], [0.0, 0.0, 1.0]], "distortion": [0.0, 0.0, 0.0, 0.0, 0.0, 0.0, 0.0, 0.0]}