{"objects": [21, 29], "object_poses": {"21": [[-0.42147958474564257, -0.41194821350804595, -0.8078698094558164, 0.09757616729195365], [0.7825621699315379, -0.6153597481259584, -0.0944924895343795, -0.09112569606625193], [-0.4582045502116777, -0.6720350063604531, 0.5817366589715904, 0.632787277510574], [0.0, 0.0, 0.0, 1.0]], "29": [[-0.852119104345145, 0.006434636037020274, -0.5233083483655813, 0.06059386181645188], [-0.0986524887223721, 0.9800235118787519, 0.17268932402939455, -0.21344482243262367], [0.5139656783083166, 0.1987775430573558, -0.8344619643202255, 0.5598650555356758], [0.0, 0.0, 0.0, 1.0]]}, "intrinsic": [[1387.14196777, 0.0, 949.0501709], [0.0, 1385.58874512, 538.76617432], [0.0, 0.0, 1.0]], "distortion": [0.0, 0.0, 0.0, 0.0, 0.0, 0.0, 0.0, 0.0]}