{"objects": [21, 29], "object_poses": {"21": [[-0.36369053770321536, -0.4180261719846599, -0.832456192433575, 0.15727155891065203], [0.8116290877277467, -0.5807713476958907, -0.06295129585425195, -0.11029127968493507], [-0.45715141555000605, -0.698540450676522, 0.5505032443403726, 0.6251072194861726], [0.0, 0.0, 0.0, 1.0]], "29": [[-0.8743437433208116, 0.04938955792926217, -0.48278741707227274, 0.11676555649218695], [-0.0635704435796335, 0.974580671996481, 0.21482856531193809, -0.22917410101369276], [0.4811255732330775, 0.21852502222502998, -0.8489787968157443, 0.5484687917096189], [0.0, 0.0, 0.0, 1.0]]}, "intrinsic": [[1387.14196777, 0.0, 949.0501709], [0.0, 1385.58874512, 538.76617432], [0.0, 0.0, 1.0]], "distortion": [0.0, 0.0, 0.0, 0.0, 0.0, 0.0, 0.0, 0.0]}