{"objects": [21, 29], "object_poses": {"21": [[-0.3685651602385603, -0.420962080858344, -0.8288248603521402, 0.14951520805062202], [0.8114250455757234, -0.5807324931620259, -0.06587235230548176, -0.11424449157664607], [-0.4535957650494127, -0.6968075041682877, 0.5556169400441353, 0.6296420529609439], [0.0, 0.0, 0.0, 1.0]], "29": [[-0.8711454988787919, 0.048343556008602774, -0.488639356146921, 0.10882378192086935], [-0.06648880692934814, 0.9743625073733634, 0.21493474074289043, -0.23310947771395588], [0.4865025779339206, 0.21972847975978338, -0.8455972072128195, 0.5530742205430408], [0.0, 0.0, 0.0, 1.0]]}, "intrinsic": [[1387.14196777, 0.0, 949.0501709], [0.0, 1385.58874512, 538.76617432], [0.0, 0.0, 1.0]], "distortion": [0.0, 0.0, 0.0, 0.0, 0.0, 0.0, 0.0, 0.0]}