{"objects": [21, 29], "object_poses": {"21": [[-0.36651046994889175, -0.42464389504650774, -0.8278572569094146, 0.15858852763401263], [0.8134352125285909, -0.5781728484903758, -0.06355558423219936, -0.01536476632782069], [-0.45165609753042335, -0.6967020307622648, 0.557326699428023, 0.5961575816137079], [0.0, 0.0, 0.0, 1.0]], "29": [[-0.8703298625248889, 0.052465875357860015, -0.48966648069921576, 0.11728649349315616], [-0.06391649139882306, 0.9738645853903407, 0.21795057111596025, -0.13396885675329856], [0.48830381170403575, 0.22098665399847886, -0.8442299960495852, 0.5195121527790759], [0.0, 0.0, 0.0, 1.0]]}, "intrinsic": [[1387.14196777, 0.0, 949.0501709], [0.0, 1385.58874512, 538.76617432], [0.0, 0.0, 1.0]], "distortion": [0.0, 0.0, 0.0, 0.0, 0.0, 0.0, 0.0, 0.0]}