{"objects": [21, 29], "object_poses": {"21": [[-0.3601898863690625, -0.33054446731599885, -0.8723552033915035, 0.17408864135119306], [0.7713567331007959, -0.6314525288945514, -0.07922432740483239, -0.013707328373546213], [-0.5246637361753826, -0.7014328612771616, 0.4824105150833988, 0.5980467202831932], [0.0, 0.0, 0.0, 1.0]], "29": [[-0.9081462193989074, -0.01364105042006377, -0.418430837695936, 0.1456631294004032], [-0.0850224144615739, 0.9846504450058409, 0.15242929570437827, -0.13776310331847683], [0.4099288148332744, 0.17400408872565756, -0.8953663741040062, 0.5242262283841258], [0.0, 0.0, 0.0, 1.0]]}, "intrinsic": [[1387.14196777, 0.0, 949.0501709], [0.0, 1385.58874512, 538.76617432], [0.0, 0.0, 1.0]], "distortion": [0.0, 0.0, 0.0, 0.0, 0.0, 0.0, 0.0, 0.0]}