{"objects": [21, 29], "object_poses": {"21": [[-0.36873984614552435, -0.42671370321821595, -0.8258004246489451, 0.15884020917186342], [0.8130115784438218, -0.5787206995813284, -0.06398847702819226, -0.045806177241694224], [-0.450603039471398, -0.6949804078978784, 0.560320563121901, 0.6027862999570562], [0.0, 0.0, 0.0, 1.0]], "29": [[-0.8685206306308294, 0.05253209619859277, -0.49286133246342345, 0.11735154477444101], [-0.06440397984183059, 0.9739767301448665, 0.2173049850253224, -0.1644664791826262], [0.4914509553853536, 0.22047609395420875, -0.842535607820544, 0.5263289031868486], [0.0, 0.0, 0.0, 1.0]]}, "intrinsic": [[1387.14196777, 0.0, 949.0501709], [0.0, 1385.58874512, 538.76617432], [0.0, 0.0, 1.0]], "distortion": [0.0, 0.0, 0.0, 0.0, 0.0, 0.0, 0.0, 0.0]}