{"objects": [21, 29], "object_poses": {"21": [[-0.36246104718208866, -0.3587285104845524, -0.8601952365836524, 0.17299103083354486], [0.7877633632896662, -0.6111366431973223, -0.07707714836491625, -0.013251224532292327], [-0.49804705875471206, -0.7055677565670437, 0.5041064055918526, 0.5959127679823064], [0.0, 0.0, 0.0, 1.0]], "29": [[-0.8980012034659125, 0.005883550776931862, -0.43995365938248815, 0.1407276430046435], [-0.08077262765477083, 0.9807130371192093, 0.17798236273903584, -0.1352413671887583], [0.4325154577532858, 0.19536458905001705, -0.8802062577315609, 0.5202504328906041], [0.0, 0.0, 0.0, 1.0]]}, "intrinsic": [[1387.14196777, 0.0, 949.0501709], [0.0, 1385.58874512, 538.76617432], [0.0, 0.0, 1.0]], "distortion": [0.0, 0.0, 0.0, 0.0, 0.0, 0.0, 0.0, 0.0]}