{"objects": [21, 29], "object_poses": {"21": [[-0.36438870740873297, -0.4243959902475916, -0.8289203299321148, 0.16452426728864028], [0.8137711706667605, -0.5778838634774368, -0.061860505365264364, -0.011937440856716164], [-0.4527663323444503, -0.6970927368680334, 0.5559355758549712, 0.5952771513517376], [0.0, 0.0, 0.0, 1.0]], "29": [[-0.8712744491227109, 0.05369187656196316, -0.487850404014576, 0.12315873486031255], [-0.06219220569045409, 0.9739073118154867, 0.21825828172992087, -0.13051858317330647], [0.4868397722632064, 0.22050335685335265, -0.8452013403675651, 0.5186304588928613], [0.0, 0.0, 0.0, 1.0]]}, "intrinsic": [[1387.14196777, 0.0, 949.0501709], [0.0, 1385.58874512, 538.76617432], [0.0, 0.0, 1.0]], "distortion": [0.0, 0.0, 0.0, 0.0, 0.0, 0.0, 0.0, 0.0]}