{"objects": [21, 29], "object_poses": {"21": [[-0.3076396199677004, -0.24813704252578234, -0.9185781797717031, 0.17648223324084783], [0.7492010228337753, -0.6582979315783644, -0.07308666543547294, -0.014326318250067971], [-0.5865626067274962, -0.7106840658170218, 0.3884230515595569, 0.6013490107447692], [0.0, 0.0, 0.0, 1.0]], "29": [[-0.9463102422217202, -0.040015916990666964, -0.32077352112305146, 0.1571438467370562], [-0.08171472108117724, 0.9896929736704189, 0.11760324071231017, -0.1410982323611556], [0.31276129847682915, 0.1375010700133241, -0.9398264871348819, 0.5292226032984458], [0.0, 0.0, 0.0, 1.0]]}, "intrinsic": [[1387.14196777, 0.0, 949.0501709], [0.0, 1385.58874512, 538.76617432], [0.0, 0.0, 1.0]], "distortion": [0.0, 0.0, 0.0, 0.0, 0.0, 0.0, 0.0, 0.0]}