{"objects": [21, 29], "object_poses": {"21": [[-0.3689387007348337, -0.42647388723416685, -0.8258354912496063, 0.15863909488838873], [0.8129898177269599, -0.5787117997124115, -0.06434445699445147, -0.031065819177289622], [-0.4504795127110439, -0.6951350058664926, 0.5602281073336294, 0.5995711282231602], [0.0, 0.0, 0.0, 1.0]], "29": [[-0.8685489107428002, 0.05222031784724074, -0.4928446287131893, 0.11719321296429497], [-0.06475921111412915, 0.9739491543291037, 0.2173230069677586, -0.1497235116472741], [0.4913542858502287, 0.22067189033849952, -0.8425407305234929, 0.523086483095496], [0.0, 0.0, 0.0, 1.0]]}, "intrinsic": [[1387.14196777, 0.0, 949.0501709], [0.0, 1385.58874512, 538.76617432], [0.0, 0.0, 1.0]], "distortion": [0.0, 0.0, 0.0, 0.0, 0.0, 0.0, 0.0, 0.0]}