{"objects": [21, 29], "object_poses": {"21": [[-0.36034367613091983, -0.395637698408246, -0.8447622426876615, 0.17071480349830978], [0.8032962483798839, -0.5919771312798997, -0.06540805287141414, -0.012894547114324584], [-0.4742020375444009, -0.7021637185442255, 0.5311294945198325, 0.5948594561944234], [0.0, 0.0, 0.0, 1.0]], "29": [[-0.8849688354074688, 0.03487112835045987, -0.4643427233898768, 0.1331880147210132], [-0.06714948430872136, 0.9772121944847381, 0.2013635361911509, -0.1329489543011401], [0.4607831454324677, 0.20938082853475087, -0.8624607594131332, 0.5185312864917603], [0.0, 0.0, 0.0, 1.0]]}, "intrinsic": [[1387.14196777, 0.0, 949.0501709], [0.0, 1385.58874512, 538.76617432], [0.0, 0.0, 1.0]], "distortion": [0.0, 0.0, 0.0, 0.0, 0.0, 0.0, 0.0, 0.0]}