{"objects": [21, 29], "object_poses": {"21": [[-0.35428477677355197, -0.2982206718540548, -0.8863107399921532, 0.17439464884558634], [0.7529083450083435, -0.6530956686953241, -0.08121004585769824, -0.013734099019348467], [-0.5546271909700365, -0.696082235379076, 0.4559146856884108, 0.5993003543458574], [0.0, 0.0, 0.0, 1.0]], "29": [[-0.9196375184630827, -0.03381206068564641, -0.39131008061033634, 0.1502165419372539], [-0.08929414633105658, 0.9881975937193755, 0.12446714907256722, -0.13994543804374898], [0.3824831892594607, 0.14940635970210853, -0.9118028019338886, 0.5276524157916385], [0.0, 0.0, 0.0, 1.0]]}, "intrinsic": [[1387.14196777, 0.0, 949.0501709], [0.0, 1385.58874512, 538.76617432], [0.0, 0.0, 1.0]], "distortion": [0.0, 0.0, 0.0, 0.0, 0.0, 0.0, 0.0, 0.0]}