{"objects": [21, 29], "object_poses": {"21": [[-0.2837053916139052, -0.22729958202212464, -0.9315826054525582, 0.1768936560400199], [0.7507764309211479, -0.6570121196837457, -0.06833612047797154, -0.014360006352186316], [-0.59652829064723, -0.7187975894514719, 0.3570490496503999, 0.6030834354968302], [0.0, 0.0, 0.0, 1.0]], "29": [[-0.9567780636215558, -0.03954202403066279, -0.28811831824471057, 0.15935691052961448], [-0.07682131186761536, 0.9898875497947298, 0.11925235764685993, -0.14103082687234697], [0.280489256506452, 0.1362316670123185, -0.9501403632556171, 0.5303216609395491], [0.0, 0.0, 0.0, 1.0]]}, "intrinsic": [[1387.14196777, 0.0, 949.0501709], [0.0, 1385.58874512, 538.76617432], [0.0, 0.0, 1.0]], "distortion": [0.0, 0.0, 0.0, 0.0, 0.0, 0.0, 0.0, 0.0]}