{"objects": [21, 29], "object_poses": {"21": [[-0.23356936070071357, -0.1983616402358879, -0.9518918076256339, 0.19854329032442777], [0.7581517017641026, -0.6501155084163555, -0.05055514641204792, 0.013592510936780433], [-0.6088114247072379, -0.733486527074274, 0.3022352787919863, 0.6571586631137192], [0.0, 0.0, 0.0, 1.0]], "29": [[-0.9727723312137082, -0.02754971966363751, -0.23011954408854177, 0.18272130650444657], [-0.05829869668523731, 0.9900705143703369, 0.12791262071925563, -0.11247827874689714], [0.2243106185401563, 0.13784552775088915, -0.9647193150804145, 0.5829755729407813], [0.0, 0.0, 0.0, 1.0]]}, "intrinsic": [[1387.14196777, 0.0, 949.0501709], [0.0, 1385.58874512, 538.76617432], [0.0, 0.0, 1.0]], "distortion": [0.0, 0.0, 0.0, 0.0, 0.0, 0.0, 0.0, 0.0]}