{"objects": [21, 29], "object_poses": {"21": [[-0.33295943710002807, -0.26949430691382065, -0.9036098891596305, 0.17534500270985057], [0.7460684013737322, -0.6613233550684228, -0.07767470960804151, -0.014008776801341383], [-0.5766454315414958, -0.7000173130588215, 0.4212550387832017, 0.5996192006946098], [0.0, 0.0, 0.0, 1.0]], "29": [[-0.9339838428658289, -0.04100318606779488, -0.35495481402269147, 0.15419525662931263], [-0.08663388542342619, 0.9897391787484053, 0.11362626433567996, -0.14105188463343557], [0.3466536472648699, 0.13687620970326364, -0.9279526669260914, 0.5284851930459211], [0.0, 0.0, 0.0, 1.0]]}, "intrinsic": [[1387.14196777, 0.0, 949.0501709], [0.0, 1385.58874512, 538.76617432], [0.0, 0.0, 1.0]], "distortion": [0.0, 0.0, 0.0, 0.0, 0.0, 0.0, 0.0, 0.0]}