{"objects": [21, 29], "object_poses": {"21": [[-0.24390694665767101, -0.205550501302956, -0.9477649459577225, 0.21015845424564783], [0.7581207474902417, -0.6498611769461798, -0.05416071383362765, -0.013748230453322019], [-0.6047828813689845, -0.7317304436144757, 0.31433775511509554, 0.6209820946264295], [0.0, 0.0, 0.0, 1.0]], "29": [[-0.9696160367435763, -0.02911998353053784, -0.24289250266090434, 0.19381246198986657], [-0.061876990281709586, 0.989797351852372, 0.128345005121812, -0.13977853523110081], [0.23667695148318713, 0.1394748322286951, -0.9615252424202994, 0.5468438395494035], [0.0, 0.0, 0.0, 1.0]]}, "intrinsic": [[1387.14196777, 0.0, 949.0501709], [0.0, 1385.58874512, 538.76617432], [0.0, 0.0, 1.0]], "distortion": [0.0, 0.0, 0.0, 0.0, 0.0, 0.0, 0.0, 0.0]}