{"objects": [21, 29], "object_poses": {"21": [[-0.22585506128404523, -0.2018855660693667, -0.9530119146711865, 0.17288203864498214], [0.7688475034418177, -0.6376935930028044, -0.04712109818821234, 0.029376927329458624], [-0.5982165224596081, -0.7433633698643171, 0.29924553898146367, 0.6745447539366237], [0.0, 0.0, 0.0, 1.0]], "29": [[-0.97376420015188, -0.019771668385125195, -0.2266988390615498, 0.15620910656702994], [-0.05355515072800098, 0.9881479258601055, 0.14385938429203032, -0.09546397802121204], [0.2211676475732569, 0.1522260087752756, -0.9632819493374071, 0.5984916689352843], [0.0, 0.0, 0.0, 1.0]]}, "intrinsic": [[1387.14196777, 0.0, 949.0501709], [0.0, 1385.58874512, 538.76617432], [0.0, 0.0, 1.0]], "distortion": [0.0, 0.0, 0.0, 0.0, 0.0, 0.0, 0.0, 0.0]}