{"objects": [21, 29], "object_poses": {"21": [[-0.23487580882466397, -0.19850449386224528, -0.9515404985314408, 0.18588383585060925], [0.7585426376775907, -0.6495669896833574, -0.05172806529177313, 0.021260270329745312], [-0.607821043773647, -0.7339337107874275, 0.30314169445280487, 0.6638287248949708], [0.0, 0.0, 0.0, 1.0]], "29": [[-0.972492333229735, -0.028317260527049356, -0.23120725456967348, 0.1701026153263519], [-0.05941322073048747, 0.9899072292957573, 0.1286613640159196, -0.10475110300202758], [0.22523039539954276, 0.13885895773860082, -0.9643596107489824, 0.5895360811078678], [0.0, 0.0, 0.0, 1.0]]}, "intrinsic": [[1387.14196777, 0.0, 949.0501709], [0.0, 1385.58874512, 538.76617432], [0.0, 0.0, 1.0]], "distortion": [0.0, 0.0, 0.0, 0.0, 0.0, 0.0, 0.0, 0.0]}