{"objects": [21, 29], "object_poses": {"21": [[-0.23881021588287668, -0.20739801655255316, -0.9486599725507816, 0.22486194945973093], [0.758681773477797, -0.6496186374639261, -0.04896521675742936, -0.012706126947272744], [-0.6061119099494423, -0.7314244243868174, 0.3124846620681705, 0.6290301433596586], [0.0, 0.0, 0.0, 1.0]], "29": [[-0.9703939434456782, -0.024339275101518065, -0.24029813609658904, 0.2080209625875136], [-0.056656409087805865, 0.9900883398563123, 0.12851120803204696, -0.13873393167911358], [0.23478851299252043, 0.13832092744091237, -0.9621547043997968, 0.5549985038619759], [0.0, 0.0, 0.0, 1.0]]}, "intrinsic": [[1387.14196777, 0.0, 949.0501709], [0.0, 1385.58874512, 538.76617432], [0.0, 0.0, 1.0]], "distortion": [0.0, 0.0, 0.0, 0.0, 0.0, 0.0, 0.0, 0.0]}