{"objects": [21, 29], "object_poses": {"21": [[-0.23258990189566375, -0.19780650105587833, -0.9522470927633255, 0.17448196638934493], [0.7593584982903643, -0.6486921878539237, -0.05072589566974146, 0.027932264354601555], [-0.6076813380468176, -0.7348952534595175, 0.30108529992729227, 0.672302905060985], [0.0, 0.0, 0.0, 1.0]], "29": [[-0.973044132032172, -0.02730716218491626, -0.2289965851517882, 0.15869201921874448], [-0.05831841945809379, 0.9898275426904003, 0.12977055784500033, -0.09799617116596851], [0.22312346149538992, 0.13962719872897283, -0.9647383926772212, 0.597871616299045], [0.0, 0.0, 0.0, 1.0]]}, "intrinsic": [[1387.14196777, 0.0, 949.0501709], [0.0, 1385.58874512, 538.76617432], [0.0, 0.0, 1.0]], "distortion": [0.0, 0.0, 0.0, 0.0, 0.0, 0.0, 0.0, 0.0]}