{"objects": [21, 29], "object_poses": {"21": [[-0.23451450346747954, -0.19847265370634576, -0.9516362505675008, 0.2112701149669174], [0.7574574319748563, -0.6508964724535995, -0.05091189343877737, 0.005640285495599084], [-0.6093120599573421, -0.7327635279394227, 0.302979249639835, 0.6500598760003606], [0.0, 0.0, 0.0, 1.0]], "29": [[-0.9725688769611925, -0.02809929978295192, -0.23091169073515622, 0.19547655014073967], [-0.05873832286359846, 0.9901741834170836, 0.1269050665714029, -0.12050666814407507], [0.225076851305579, 0.13698728351941633, -0.964663099304804, 0.5760003091059798], [0.0, 0.0, 0.0, 1.0]]}, "intrinsic": [[1387.14196777, 0.0, 949.0501709], [0.0, 1385.58874512, 538.76617432], [0.0, 0.0, 1.0]], "distortion": [0.0, 0.0, 0.0, 0.0, 0.0, 0.0, 0.0, 0.0]}