{"objects": [21, 29], "object_poses": {"21": [[-0.2445436150961726, -0.20160100404171888, -0.9484489735800627, 0.19046880648654063], [0.7571276666525346, -0.6507855949772661, -0.0568841433035533, -0.014081751030935175], [-0.6057690291728239, -0.7320076123507624, 0.31178315983317045, 0.6129904074468595], [0.0, 0.0, 0.0, 1.0]], "29": [[-0.9700654085694813, -0.03248062259632784, -0.24066182134417685, 0.17470423489939713], [-0.06469892125322552, 0.9897637312942507, 0.12720772697898616, -0.14019193774998098], [0.2340665561023444, 0.13897037587287045, -0.9622370196288198, 0.5388620785878243], [0.0, 0.0, 0.0, 1.0]]}, "intrinsic": [[1387.14196777, 0.0, 949.0501709], [0.0, 1385.58874512, 538.76617432], [0.0, 0.0, 1.0]], "distortion": [0.0, 0.0, 0.0, 0.0, 0.0, 0.0, 0.0, 0.0]}