{"objects": [21, 29], "object_poses": {"21": [[-0.2586185012700068, -0.20474496382606275, -0.9440317635486256, 0.17678394190531777], [0.7537625817235318, -0.6539578578174015, -0.06466135315902771, -0.014418397250803905], [-0.604117903388348, -0.7282984415655077, 0.3234546936109063, 0.605168245835181], [0.0, 0.0, 0.0, 1.0]], "29": [[-0.9665249986566115, -0.03955183038033093, -0.25350558117212835, 0.16123399827991394], [-0.07281731537482346, 0.9897051432261635, 0.12321269436747041, -0.1408062565462358], [0.24602248993427012, 0.13754774511148646, -0.9594548203335581, 0.5314687320848387], [0.0, 0.0, 0.0, 1.0]]}, "intrinsic": [[1387.14196777, 0.0, 949.0501709], [0.0, 1385.58874512, 538.76617432], [0.0, 0.0, 1.0]], "distortion": [0.0, 0.0, 0.0, 0.0, 0.0, 0.0, 0.0, 0.0]}