{"objects": [21, 29], "object_poses": {"21": [[-0.23488570234688094, -0.20038216581056592, -0.9511444130404633, 0.22315524930103647], [0.7570950418786768, -0.651409293899335, -0.049729562478459964, -0.004750193949697279], [-0.609619393060735, -0.731787482433694, 0.30471507372892315, 0.6405835115314543], [0.0, 0.0, 0.0, 1.0]], "29": [[-0.9722225592671306, -0.02692868790735899, -0.23250406667341172, 0.2071121437760316], [-0.0576107238603065, 0.9903304604485174, 0.1262005689532653, -0.13095292675899872], [0.22685744366976193, 0.13608976771023248, -0.9643729959803977, 0.5666727609761416], [0.0, 0.0, 0.0, 1.0]]}, "intrinsic": [[1387.14196777, 0.0, 949.0501709], [0.0, 1385.58874512, 538.76617432], [0.0, 0.0, 1.0]], "distortion": [0.0, 0.0, 0.0, 0.0, 0.0, 0.0, 0.0, 0.0]}