{"objects": [21, 29], "object_poses": {"21": [[-0.1856091022570436, -0.11598187268154615, -0.9757548187780709, 0.17507187113331715], [0.7059606124387983, -0.7064615516106898, -0.05031589988124409, 0.02601354188084193], [-0.6834975309716734, -0.698183558460887, 0.2130043282436426, 0.675205644604127], [0.0, 0.0, 0.0, 1.0]], "29": [[-0.9888648511390074, -0.05659509628505445, -0.13763466590336876, 0.16852555148653578], [-0.06422198130114003, 0.9965998659902832, 0.05161631743853071, -0.10547993768117536], [0.13424545913960384, 0.05988073300023255, -0.9891372273429831, 0.6095252016791013], [0.0, 0.0, 0.0, 1.0]]}, "intrinsic": [[1387.14196777, 0.0, 949.0501709], [0.0, 1385.58874512, 538.76617432], [0.0, 0.0, 1.0]], "distortion": [0.0, 0.0, 0.0, 0.0, 0.0, 0.0, 0.0, 0.0]}