{"objects": [21, 29], "object_poses": {"21": [[-0.2296163621226454, -0.20636470253671324, -0.9511518994316862, 0.17343055795444012], [0.7701859118151714, -0.6360154292711129, -0.047937824006935706, 0.028119153796456853], [-0.5950546088276246, -0.7435711016950723, 0.3049787357128124, 0.6744681849879997], [0.0, 0.0, 0.0, 1.0]], "29": [[-0.9723821107258458, -0.01895892756324323, -0.23262327872768135, 0.1563066353092687], [-0.054195711083243225, 0.9877936208557372, 0.14603625404981752, -0.09654935581855861], [0.22701510002761485, 0.15461022496062019, -0.9615403385698863, 0.5982327336895057], [0.0, 0.0, 0.0, 1.0]]}, "intrinsic": [[1387.14196777, 0.0, 949.0501709], [0.0, 1385.58874512, 538.76617432], [0.0, 0.0, 1.0]], "distortion": [0.0, 0.0, 0.0, 0.0, 0.0, 0.0, 0.0, 0.0]}