{"objects": [21, 29], "object_poses": {"21": [[-0.15057466965401445, -0.016146036091545277, -0.98846677960219, 0.18587075647125642], [0.6630854969454959, -0.7432496567850213, -0.0888682813466005, 0.023524995640932966], [-0.7332427242047007, -0.6688192978731149, 0.1226207739063278, 0.6749377896293447], [0.0, 0.0, 0.0, 1.0]], "29": [[-0.9932854070101768, -0.10704778961372598, -0.043873351358891394, 0.1916283383577515], [-0.10707946015043783, 0.994249122712208, -0.0016343805874543527, -0.11105961384869967], [0.04379599792829951, 0.0030745283914830833, -0.999035764044834, 0.615767330864726], [0.0, 0.0, 0.0, 1.0]]}, "intrinsic": [[1387.14196777, 0.0, 949.0501709], [0.0, 1385.58874512, 538.76617432], [0.0, 0.0, 1.0]], "distortion": [0.0, 0.0, 0.0, 0.0, 0.0, 0.0, 0.0, 0.0]}