{"objects": [21, 29], "object_poses": {"21": [[-0.1528190019544365, -0.011303223012784825, -0.9881895515492882, 0.18885363807315322], [0.6607863750725178, -0.7447062561327251, -0.0936694112040207, 0.027082578003571056], [-0.7348521750394256, -0.6672966575866475, 0.12127428257268379, 0.6545126508556027], [0.0, 0.0, 0.0, 1.0]], "29": [[-0.9927920961693887, -0.11213389509617175, -0.04230654032381322, 0.1953914329896141], [-0.11206823177746901, 0.9936927500708731, -0.0039280889585537725, -0.10759308880006246], [0.04248017431556393, 0.0008414434956107003, -0.9990969556369266, 0.5956311422158012], [0.0, 0.0, 0.0, 1.0]]}, "intrinsic": [[1387.14196777, 0.0, 949.0501709], [0.0, 1385.58874512, 538.76617432], [0.0, 0.0, 1.0]], "distortion": [0.0, 0.0, 0.0, 0.0, 0.0, 0.0, 0.0, 0.0]}