{"objects": [21, 29], "object_poses": {"21": [[-0.2043423673053928, -0.14942680645824988, -0.9674274269606616, 0.17510212595407273], [0.7306883431321827, -0.6809388399143884, -0.04916138227103031, 0.026411673609633812], [-0.6514128814621157, -0.7169336969397826, 0.24832908016880753, 0.6760095823703217], [0.0, 0.0, 0.0, 1.0]], "29": [[-0.983653419826781, -0.04433069086005569, -0.17453005331737584, 0.1647568951137754], [-0.06022971676569241, 0.9943965690748146, 0.08687833234225764, -0.10267755948571103], [0.1697007097257441, 0.095970064395717, -0.9808116107889802, 0.6061793872625552], [0.0, 0.0, 0.0, 1.0]]}, "intrinsic": [[1387.14196777, 0.0, 949.0501709], [0.0, 1385.58874512, 538.76617432], [0.0, 0.0, 1.0]], "distortion": [0.0, 0.0, 0.0, 0.0, 0.0, 0.0, 0.0, 0.0]}