{"objects": [21, 29], "object_poses": {"21": [[-0.16826152086727772, -0.07523753808217461, -0.9828669154360489, 0.17736515833517677], [0.6873476432387032, -0.7236539356844832, -0.06227518528726809, 0.02574868187176138], [-0.7065700799847335, -0.6860497753309877, 0.17347745628372865, 0.6767164446410416], [0.0, 0.0, 0.0, 1.0]], "29": [[-0.9924451506633871, -0.07516705418180644, -0.09696667927888089, 0.17569964190699128], [-0.07814693926237054, 0.9965679127285316, 0.027302952291470572, -0.1072619033699907], [0.0945815986789578, 0.03467433179654549, -0.9949130675118338, 0.6138457812140816], [0.0, 0.0, 0.0, 1.0]]}, "intrinsic": [[1387.14196777, 0.0, 949.0501709], [0.0, 1385.58874512, 538.76617432], [0.0, 0.0, 1.0]], "distortion": [0.0, 0.0, 0.0, 0.0, 0.0, 0.0, 0.0, 0.0]}