{"objects": [21, 29], "object_poses": {"21": [[-0.1504740499832168, -0.014427706104548025, -0.988508675519957, 0.18924690917360634], [0.6635221518607027, -0.7427037808481177, -0.09016345104342541, 0.024338498388570995], [-0.7328682789368046, -0.6694646631529405, 0.12133074844296868, 0.6659830017411923], [0.0, 0.0, 0.0, 1.0]], "29": [[-0.9932085101718638, -0.10825117287329765, -0.04264433014787385, 0.1952395577919483], [-0.10831388529026724, 0.9941163864976958, -0.0008440083532809627, -0.11018907893196078], [0.04248479228537936, 0.003780696804783472, -0.99908996029194, 0.6067062849471804], [0.0, 0.0, 0.0, 1.0]]}, "intrinsic": [[1387.14196777, 0.0, 949.0501709], [0.0, 1385.58874512, 538.76617432], [0.0, 0.0, 1.0]], "distortion": [0.0, 0.0, 0.0, 0.0, 0.0, 0.0, 0.0, 0.0]}