{"objects": [21, 29], "object_poses": {"21": [[-0.2180698601961506, -0.179890357767744, -0.9592106104793844, 0.17568196999365648], [0.7525516007778374, -0.6567879398562259, -0.04791336166597155, 0.026747895026283275], [-0.6213788089730353, -0.7323039404793719, 0.27860243092558, 0.6763950119774764], [0.0, 0.0, 0.0, 1.0]], "29": [[-0.9781219307618844, -0.03090283512920773, -0.20572433823842268, 0.16171999533007325], [-0.05636830054704904, 0.9912809430501767, 0.11909956607393372, -0.09999473395822545], [0.20025010176301694, 0.1280902288488054, -0.971335570242012, 0.6029873876278172], [0.0, 0.0, 0.0, 1.0]]}, "intrinsic": [[1387.14196777, 0.0, 949.0501709], [0.0, 1385.58874512, 538.76617432], [0.0, 0.0, 1.0]], "distortion": [0.0, 0.0, 0.0, 0.0, 0.0, 0.0, 0.0, 0.0]}