{"objects": [21, 29], "object_poses": {"21": [[-0.1570180571518859, -0.034589453121414634, -0.9869898173036127, 0.17977400288915832], [0.6684490880544415, -0.739396297766605, -0.08042966820912244, 0.025525205807862383], [-0.7269945986095324, -0.6723813535351849, 0.1392198585359225, 0.6776537509463918], [0.0, 0.0, 0.0, 1.0]], "29": [[-0.9933359788900037, -0.09772345248368963, -0.06110449964875355, 0.1832581082129099], [-0.09816382986667137, 0.9951612363887683, 0.004239822531012498, -0.1087807365566813], [0.060394499323724635, 0.010209819971772718, -0.9981223692652079, 0.617678048309933], [0.0, 0.0, 0.0, 1.0]]}, "intrinsic": [[1387.14196777, 0.0, 949.0501709], [0.0, 1385.58874512, 538.76617432], [0.0, 0.0, 1.0]], "distortion": [0.0, 0.0, 0.0, 0.0, 0.0, 0.0, 0.0, 0.0]}