{"objects": [21, 29], "object_poses": {"21": [[-0.16227334284171177, -0.022054826277778453, -0.9864993395035011, 0.18003550884861533], [0.6598155368236273, -0.7457913656897895, -0.09186237656795801, 0.04631914777855861], [-0.7336966809037149, -0.6658144061977211, 0.13557417501299332, 0.6381545039857126], [0.0, 0.0, 0.0, 1.0]], "29": [[-0.992259751028607, -0.11051912039330102, -0.05662252657871051, 0.18551338913648313], [-0.11038420316593078, 0.9938736932235464, -0.005514490875878969, -0.08846432733317189], [0.056885096291453136, 0.0007784251340849225, -0.9983804284310839, 0.5794116940816114], [0.0, 0.0, 0.0, 1.0]]}, "intrinsic": [[1387.14196777, 0.0, 949.0501709], [0.0, 1385.58874512, 538.76617432], [0.0, 0.0, 1.0]], "distortion": [0.0, 0.0, 0.0, 0.0, 0.0, 0.0, 0.0, 0.0]}