{"objects": [21, 29], "object_poses": {"21": [[-0.15842046665492757, -0.021378829240724127, -0.9871402643014522, 0.1536791080412866], [0.6610366099753089, -0.7449423792739764, -0.08995249765284162, 0.06192889166470561], [-0.7334395380787627, -0.6667861705389002, 0.13214630816214606, 0.6289197559343035], [0.0, 0.0, 0.0, 1.0]], "29": [[-0.9926747730036874, -0.10843680525054304, -0.053275269207687895, 0.15907191671618978], [-0.10836756483641534, 0.9941020425366619, -0.004195225366010834, -0.07279507478106656], [0.05341597077205203, 0.0016088168021390254, -0.9985710519412166, 0.5700327409752617], [0.0, 0.0, 0.0, 1.0]]}, "intrinsic": [[1387.14196777, 0.0, 949.0501709], [0.0, 1385.58874512, 538.76617432], [0.0, 0.0, 1.0]], "distortion": [0.0, 0.0, 0.0, 0.0, 0.0, 0.0, 0.0, 0.0]}