{"objects": [21, 29], "object_poses": {"21": [[-0.16374245795876582, -0.01959642055096685, -0.9863084648137324, 0.18634400086921052], [0.6610294694582208, -0.7443279307916273, -0.09495247206494371, 0.038689259816344856], [-0.7322762101621271, -0.6675267123831469, 0.13483189639527035, 0.6437617237409439], [0.0, 0.0, 0.0, 1.0]], "29": [[-0.9919746672926963, -0.11332213879761233, -0.05607452458913141, 0.19223330798799862], [-0.11331069238493194, 0.9935538078346638, -0.0033938073747332184, -0.09594371848696537], [0.05609765093842459, 0.0029872722649451847, -0.9984208179738729, 0.5847143930145423], [0.0, 0.0, 0.0, 1.0]]}, "intrinsic": [[1387.14196777, 0.0, 949.0501709], [0.0, 1385.58874512, 538.76617432], [0.0, 0.0, 1.0]], "distortion": [0.0, 0.0, 0.0, 0.0, 0.0, 0.0, 0.0, 0.0]}