{"objects": [21, 29], "object_poses": {"21": [[-0.14534788973732815, -0.01165961434124276, -0.9893119044782233, 0.1067556378766377], [0.6630274624836779, -0.7433274649601117, -0.08865023309859416, 0.07503334165320452], [-0.7343490824814606, -0.6688260859366922, 0.11577172292596401, 0.6221752599341379], [0.0, 0.0, 0.0, 1.0]], "29": [[-0.9935873877116987, -0.10686135052176114, -0.036942587144459575, 0.11289575588629483], [-0.1068699847955073, 0.9942714698822487, -0.001746576081998201, -0.05955962657215019], [0.03691760190028908, 0.002212677759684119, -0.9993158633420541, 0.5630623010656444], [0.0, 0.0, 0.0, 1.0]]}, "intrinsic": [[1387.14196777, 0.0, 949.0501709], [0.0, 1385.58874512, 538.76617432], [0.0, 0.0, 1.0]], "distortion": [0.0, 0.0, 0.0, 0.0, 0.0, 0.0, 0.0, 0.0]}