{"objects": [21, 29], "object_poses": {"21": [[-0.16209798669581454, -0.02266064835001331, -0.986514438680717, 0.16856578519295048], [0.6602484578402182, -0.7454693503752222, -0.0913642247860908, 0.053923719530475145], [-0.7333459051694357, -0.6661545936698995, 0.13580073896601758, 0.6334848486617145], [0.0, 0.0, 0.0, 1.0]], "29": [[-0.9923068415964869, -0.1099534648249307, -0.056897870731820344, 0.17395096837682064], [-0.10984621901404934, 0.9939359247214098, -0.00501853728914174, -0.08083554899252121], [0.057104643323808185, 0.0012700870830196984, -0.9983673905880907, 0.5746779664089103], [0.0, 0.0, 0.0, 1.0]]}, "intrinsic": [[1387.14196777, 0.0, 949.0501709], [0.0, 1385.58874512, 538.76617432], [0.0, 0.0, 1.0]], "distortion": [0.0, 0.0, 0.0, 0.0, 0.0, 0.0, 0.0, 0.0]}