{"objects": [21, 29], "object_poses": {"21": [[-0.14698576013567072, -0.01361992738303109, -0.9890448341179636, 0.11939313475772076], [0.6626915129376942, -0.7436752854273442, -0.08824414158976217, 0.0703091101216109], [-0.7343263205126799, -0.6684022497139334, 0.1183354874062138, 0.6239445911911854], [0.0, 0.0, 0.0, 1.0]], "29": [[-0.9935273027566689, -0.10650983242837611, -0.03948612760395759, 0.12533602757002066], [-0.10650390291431366, 0.9943097165989504, -0.002259677176658124, -0.06431708742819159], [0.03950211818491184, 0.001960375730369718, -0.9992175636896663, 0.5648871699016038], [0.0, 0.0, 0.0, 1.0]]}, "intrinsic": [[1387.14196777, 0.0, 949.0501709], [0.0, 1385.58874512, 538.76617432], [0.0, 0.0, 1.0]], "distortion": [0.0, 0.0, 0.0, 0.0, 0.0, 0.0, 0.0, 0.0]}