{"objects": [21, 29], "object_poses": {"21": [[-0.152546486237205, -0.017137929521439468, -0.9881476918499636, 0.13682751558450804], [0.6617272516762763, -0.7444142109161783, -0.08924419855100789, 0.06672111958299709], [-0.7340617235121627, -0.6674981452841424, 0.12489840718194993, 0.6259281926335714], [0.0, 0.0, 0.0, 1.0]], "29": [[-0.9931247485517075, -0.10763609099898282, -0.04601853679317448, 0.14253852903533076], [-0.10759447827502419, 0.9941890931716432, -0.0033875157978499127, -0.06796212803402685], [0.046115746322172725, 0.0015871146822885038, -0.9989348422235286, 0.5669780680555181], [0.0, 0.0, 0.0, 1.0]]}, "intrinsic": [[1387.14196777, 0.0, 949.0501709], [0.0, 1385.58874512, 538.76617432], [0.0, 0.0, 1.0]], "distortion": [0.0, 0.0, 0.0, 0.0, 0.0, 0.0, 0.0, 0.0]}