{"objects": [21, 29], "object_poses": {"21": [[-0.14498234512578773, -0.01956341110985149, -0.9892408162563774, 0.09882150891214811], [0.6739184291321216, -0.733985897487246, -0.08425350536292886, 0.07387510792279112], [-0.7244405223880854, -0.6788828877174596, 0.11959913999057543, 0.6211597700637177], [0.0, 0.0, 0.0, 1.0]], "29": [[-0.9940238351042779, -0.10077071894693088, -0.041974723912371704, 0.10384180858322692], [-0.10136218396513544, 0.9947747326416881, 0.012204055042689376, -0.05992778749810357], [0.04052558335692132, 0.016385771284450883, -0.9990441349575132, 0.5601770526819074], [0.0, 0.0, 0.0, 1.0]]}, "intrinsic": [[1387.14196777, 0.0, 949.0501709], [0.0, 1385.58874512, 538.76617432], [0.0, 0.0, 1.0]], "distortion": [0.0, 0.0, 0.0, 0.0, 0.0, 0.0, 0.0, 0.0]}