{"objects": [21, 29], "object_poses": {"21": [[-0.15046495571429622, -0.0024567789285094227, -0.9886122907081427, 0.10375788713792602], [0.6810511105750378, -0.7251175104070352, -0.10185274117870531, 0.07344575565392247], [-0.71660985332774, -0.6886207667057443, 0.11077796610875545, 0.6216695401752671], [0.0, 0.0, 0.0, 1.0]], "29": [[-0.9925172977250137, -0.11709704403145532, -0.03460774473654623, 0.11142029324215064], [-0.11798406064839652, 0.9927057268547261, 0.024801235911830696, -0.05943579048846692], [0.03145115497989668, 0.028698817901352452, -0.9990931901987455, 0.5589711169209777], [0.0, 0.0, 0.0, 1.0]]}, "intrinsic": [[1387.14196777, 0.0, 949.0501709], [0.0, 1385.58874512, 538.76617432], [0.0, 0.0, 1.0]], "distortion": [0.0, 0.0, 0.0, 0.0, 0.0, 0.0, 0.0, 0.0]}