{"objects": [21, 29], "object_poses": {"21": [[-0.15801930171106043, -0.015344360316607951, -0.9873167935841226, 0.18853941108643232], [0.6602177220273069, -0.7451578972418605, -0.09408649052424065, 0.03204387598013053], [-0.7342632088071857, -0.6667115259124973, 0.12787994920083953, 0.6470574042083208], [0.0, 0.0, 0.0, 1.0]], "29": [[-0.9924318062288509, -0.11263121687376122, -0.04892155936695564, 0.1947555276563025], [-0.1125403125971995, 0.9936364309237173, -0.004617486514359018, -0.10266782001501679], [0.0491303167696178, 0.0009231071022182695, -0.9987919502315816, 0.5882234947005136], [0.0, 0.0, 0.0, 1.0]]}, "intrinsic": [[1387.14196777, 0.0, 949.0501709], [0.0, 1385.58874512, 538.76617432], [0.0, 0.0, 1.0]], "distortion": [0.0, 0.0, 0.0, 0.0, 0.0, 0.0, 0.0, 0.0]}