{"objects": [21, 29], "object_poses": {"21": [[0.14408573401247515, 0.0020945440358126626, -0.9895629914964377, 0.12152393342353449], [0.7117681660276115, -0.6949446835646973, 0.10216635754914204, 0.06503402762068478], [-0.6874775480579558, -0.7190601502450631, -0.10162244459651962, 0.6333760380544098], [0.0, 0.0, 0.0, 1.0]], "29": [[-0.9794817757990999, 0.0777940099238534, 0.18591272925065466, 0.11606031767670355], [0.08879320164518857, 0.9947138966502874, 0.05157548984167452, -0.06527446611876186], [-0.18091771118123437, 0.06702503883459243, -0.9812117131130137, 0.5652793757764418], [0.0, 0.0, 0.0, 1.0]]}, "intrinsic": [[1387.14196777, 0.0, 949.0501709], [0.0, 1385.58874512, 538.76617432], [0.0, 0.0, 1.0]], "distortion": [0.0, 0.0, 0.0, 0.0, 0.0, 0.0, 0.0, 0.0]}