{"objects": [21, 29], "object_poses": {"21": [[-0.15325322856392662, 0.034495153469035644, -0.9875846962776865, 0.10430081023749393], [0.6796282266746267, -0.7218233780792139, -0.13067702309671575, 0.07173167845696438], [-0.717369445573086, -0.6912171115108966, 0.08717788316253101, 0.6229958403386239], [0.0, 0.0, 0.0, 1.0]], "29": [[-0.9891714622473814, -0.1462742899637564, -0.011985423271389834, 0.11724768955626716], [-0.1465612612709904, 0.9887985464594364, 0.028235283146637306, -0.06059538687774679], [0.007721073115254293, 0.029686135068650716, -0.9995294484979645, 0.5599939661849112], [0.0, 0.0, 0.0, 1.0]]}, "intrinsic": [[1387.14196777, 0.0, 949.0501709], [0.0, 1385.58874512, 538.76617432], [0.0, 0.0, 1.0]], "distortion": [0.0, 0.0, 0.0, 0.0, 0.0, 0.0, 0.0, 0.0]}