{"objects": [21, 29], "object_poses": {"21": [[0.1763251593265893, -0.006669925189029989, -0.9843093773232253, 0.12799156872208134], [0.7079529714172714, -0.6939053149296636, 0.1315218771681222, 0.06356735381843265], [-0.6838947495411197, -0.7200353644164603, -0.11763097185583385, 0.6343194499744175], [0.0, 0.0, 0.0, 1.0]], "29": [[-0.9733293399338084, 0.10606883124813721, 0.20341926915041336, 0.11979374582802552], [0.11794405188038301, 0.9919008376039452, 0.04713734174346367, -0.06644684004121298], [-0.19677194070820084, 0.06987225055954568, -0.9779563752804529, 0.5659351305298531], [0.0, 0.0, 0.0, 1.0]]}, "intrinsic": [[1387.14196777, 0.0, 949.0501709], [0.0, 1385.58874512, 538.76617432], [0.0, 0.0, 1.0]], "distortion": [0.0, 0.0, 0.0, 0.0, 0.0, 0.0, 0.0, 0.0]}