{"objects": [21, 29], "object_poses": {"21": [[0.10514876368152691, 0.006930906134846671, -0.9944323506586088, 0.1136934734170704], [0.7137150672639517, -0.6968680701076146, 0.07060945846632273, 0.06549020754528007], [-0.692498765527175, -0.7171658493017123, -0.07822150815917808, 0.6283088642825853], [0.0, 0.0, 0.0, 1.0]], "29": [[-0.9858228663570061, 0.047921741376671115, 0.16080044425032453, 0.11072859122822812], [0.0573027842308837, 0.9968836394122818, 0.05421623734198693, -0.06514645523845963], [-0.15770119557905313, 0.06266191966067601, -0.9854967360358867, 0.5606879957477475], [0.0, 0.0, 0.0, 1.0]]}, "intrinsic": [[1387.14196777, 0.0, 949.0501709], [0.0, 1385.58874512, 538.76617432], [0.0, 0.0, 1.0]], "distortion": [0.0, 0.0, 0.0, 0.0, 0.0, 0.0, 0.0, 0.0]}