{"objects": [21, 29], "object_poses": {"21": [[-0.06842309714624424, 0.04173569832894388, -0.9967830311867881, 0.10757038311040973], [0.6838932982683626, -0.7254732416310461, -0.07732096908968356, 0.06932690780899453], [-0.7263664614783215, -0.6869837750357318, 0.021096361703408426, 0.6238461385718959], [0.0, 0.0, 0.0, 1.0]], "29": [[-0.9939191398527946, -0.09468902543651883, 0.05620259688112401, 0.11757306249494937], [-0.09342443708859174, 0.9953193747832062, 0.024722797897013628, -0.06376125704287244], [-0.058280511227842134, 0.019321766044019084, -0.9981132457632109, 0.5619204021405506], [0.0, 0.0, 0.0, 1.0]]}, "intrinsic": [[1387.14196777, 0.0, 949.0501709], [0.0, 1385.58874512, 538.76617432], [0.0, 0.0, 1.0]], "distortion": [0.0, 0.0, 0.0, 0.0, 0.0, 0.0, 0.0, 0.0]}