{"objects": [21, 29], "object_poses": {"21": [[0.08554211686179017, 0.02439928728768193, -0.996035752883734, 0.10752430659035178], [0.7069828479314392, -0.7058962179152806, 0.04342559456887291, 0.06567815863209114], [-0.7020383173114964, -0.7078949105006785, -0.077633734379346, 0.6248250273944164], [0.0, 0.0, 0.0, 1.0]], "29": [[-0.9871729598777133, 0.02178076811734577, 0.15816176980076757, 0.10791410005365107], [0.02929663680161145, 0.9985417066177478, 0.04534498006439519, -0.0658766779704088], [-0.1569434750424704, 0.049396946111518354, -0.9863714753359706, 0.5589426847021779], [0.0, 0.0, 0.0, 1.0]]}, "intrinsic": [[1387.14196777, 0.0, 949.0501709], [0.0, 1385.58874512, 538.76617432], [0.0, 0.0, 1.0]], "distortion": [0.0, 0.0, 0.0, 0.0, 0.0, 0.0, 0.0, 0.0]}