{"objects": [21, 29], "object_poses": {"21": [[0.027576100656053586, 0.038663478902622075, -0.9988717105173036, 0.1093215066061195], [0.6862120487144322, -0.727343260970611, -0.009208958669967978, 0.06772053619342444], [-0.7268786575981929, -0.6851838557057455, -0.046588636044221976, 0.6253668425628125], [0.0, 0.0, 0.0, 1.0]], "29": [[-0.9917458078088208, -0.02783440863156186, 0.12516188872727738, 0.11441238721184704], [-0.02555245670834359, 0.9994773613556017, 0.019800911439163304, -0.06580403951892322], [-0.1256476209476947, 0.016439277167346177, -0.9919387206457915, 0.5637829106765826], [0.0, 0.0, 0.0, 1.0]]}, "intrinsic": [[1387.14196777, 0.0, 949.0501709], [0.0, 1385.58874512, 538.76617432], [0.0, 0.0, 1.0]], "distortion": [0.0, 0.0, 0.0, 0.0, 0.0, 0.0, 0.0, 0.0]}