{"objects": [21, 29], "object_poses": {"21": [[-0.020387304376272248, 0.03827748394157418, -0.9990591534255527, 0.10863624193702887], [0.6855026945399055, -0.7268670268399574, -0.041837555752878196, 0.06846089745689338], [-0.7277845928561556, -0.6857106966614644, -0.011420459064893564, 0.6246505788153125], [0.0, 0.0, 0.0, 1.0]], "29": [[-0.9941860285355139, -0.059838301781543, 0.08951825682341036, 0.11591439051267416], [-0.05807525595284862, 0.9980659228237038, 0.022173821143159557, -0.06493191098492723], [-0.09067196540723786, 0.016846107502302917, -0.9957383207204692, 0.5630007835164907], [0.0, 0.0, 0.0, 1.0]]}, "intrinsic": [[1387.14196777, 0.0, 949.0501709], [0.0, 1385.58874512, 538.76617432], [0.0, 0.0, 1.0]], "distortion": [0.0, 0.0, 0.0, 0.0, 0.0, 0.0, 0.0, 0.0]}