{"objects": [21, 29], "object_poses": {"21": [[-0.11472163832881008, 0.04489850436548907, -0.992382522017043, 0.10666167241033436], [0.6814211734101436, -0.7233483622208601, -0.11150036457674908, 0.07035291558339296], [-0.7228444716033311, -0.6890219671230735, 0.05238891766734802, 0.6230770043447373], [0.0, 0.0, 0.0, 1.0]], "29": [[-0.9914737448892178, -0.12811406118293697, 0.02380337208431198, 0.11926440686776038], [-0.1274654591406795, 0.991474846870906, 0.02702193087805653, -0.062289587847515676], [-0.027062333998093904, 0.02375742724998196, -0.9993513970216126, 0.5606714964239693], [0.0, 0.0, 0.0, 1.0]]}, "intrinsic": [[1387.14196777, 0.0, 949.0501709], [0.0, 1385.58874512, 538.76617432], [0.0, 0.0, 1.0]], "distortion": [0.0, 0.0, 0.0, 0.0, 0.0, 0.0, 0.0, 0.0]}