{"objects": [21, 29], "object_poses": {"21": [[0.062314390625760864, 0.03535487450005814, -0.9974301727790447, 0.10871497853685774], [0.6944906165855579, -0.7192792463895443, 0.017892713262840552, 0.06650754402276443], [-0.7167982283708251, -0.6938208692179719, -0.06937507651936994, 0.6251390682628434], [0.0, 0.0, 0.0, 1.0]], "29": [[-0.9889149599193413, -0.0019790294623951883, 0.14846981339697332, 0.11171981598573749], [0.002379639355626079, 0.9995715188450577, 0.029173892958105244, -0.06630553241671838], [-0.14846393287354875, 0.029203803796438166, -0.9884865191187727, 0.5619016763996588], [0.0, 0.0, 0.0, 1.0]]}, "intrinsic": [[1387.14196777, 0.0, 949.0501709], [0.0, 1385.58874512, 538.76617432], [0.0, 0.0, 1.0]], "distortion": [0.0, 0.0, 0.0, 0.0, 0.0, 0.0, 0.0, 0.0]}