{"objects": [21, 29], "object_poses": {"21": [[0.20740198606953686, -0.014606530588518542, -0.9781467504616006, 0.13073871042768787], [0.7030671342721392, -0.6930227679124766, 0.15942411317394356, 0.06046575642604868], [-0.6802066016151095, -0.7207677104442906, -0.1334649268539257, 0.6297239317643708], [0.0, 0.0, 0.0, 1.0]], "29": [[-0.9662699621762799, 0.1329652330616615, 0.22055069030208538, 0.11997559875983324], [0.14558625995418384, 0.9884571123653583, 0.041918706169228194, -0.06922456014334244], [-0.2124311679307475, 0.07261393675601253, -0.9744743275635244, 0.561080743708829], [0.0, 0.0, 0.0, 1.0]]}, "intrinsic": [[1387.14196777, 0.0, 949.0501709], [0.0, 1385.58874512, 538.76617432], [0.0, 0.0, 1.0]], "distortion": [0.0, 0.0, 0.0, 0.0, 0.0, 0.0, 0.0, 0.0]}