{"objects": [21, 29], "object_poses": {"21": [[0.23859712109751408, -0.0196213455746423, -0.9709203966349809, 0.1293054683129315], [0.6950929326904279, -0.6947478732044434, 0.1848545579684989, 0.05743285206628518], [-0.6781719757759094, -0.7189856712589973, -0.15212618379638904, 0.6205121617458584], [0.0, 0.0, 0.0, 1.0]], "29": [[-0.9579510452026492, 0.15780015283631604, 0.23964329066344536, 0.11637811395622519], [0.17044837421104314, 0.984818262724626, 0.03286854321190597, -0.07215065235679541], [-0.23081842804243768, 0.07233326460830214, -0.9703044636129081, 0.5520409346366439], [0.0, 0.0, 0.0, 1.0]]}, "intrinsic": [[1387.14196777, 0.0, 949.0501709], [0.0, 1385.58874512, 538.76617432], [0.0, 0.0, 1.0]], "distortion": [0.0, 0.0, 0.0, 0.0, 0.0, 0.0, 0.0, 0.0]}