{"objects": [21, 29], "object_poses": {"21": [[0.2588131895828958, -0.03982548409522213, -0.9651060375495116, 0.09031698859656576], [0.6901934825154512, -0.6913751802953073, 0.21361956081977013, 0.05891118418216801], [-0.6757578631367333, -0.7213974569460447, -0.15144972605013146, 0.6091605920651681], [0.0, 0.0, 0.0, 1.0]], "29": [[-0.9525569882283029, 0.18644899818411276, 0.24056590625768792, 0.07362066245028917], [0.1991150617321613, 0.9795397868675666, 0.029240351141043057, -0.07000125435341803], [-0.230192042366456, 0.07575339609280257, -0.9701922730116833, 0.5402394346815463], [0.0, 0.0, 0.0, 1.0]]}, "intrinsic": [[1387.14196777, 0.0, 949.0501709], [0.0, 1385.58874512, 538.76617432], [0.0, 0.0, 1.0]], "distortion": [0.0, 0.0, 0.0, 0.0, 0.0, 0.0, 0.0, 0.0]}