{"objects": [21, 29], "object_poses": {"21": [[0.26260049835271926, -0.04343583110635, -0.9639265048959976, 0.06358210768911443], [0.6884787361190035, -0.6914900261429948, 0.21872030920046484, 0.061716119845214745], [-0.6760458624804131, -0.7210789639983053, -0.15168097936870545, 0.5973739489390476], [0.0, 0.0, 0.0, 1.0]], "29": [[-0.9514449019217718, 0.19168854965815826, 0.24084870466132655, 0.04620398401566955], [0.2041117946648768, 0.9785613959276428, 0.027494902779213647, -0.06713725644669605], [-0.23041478660400938, 0.0753199464292514, -0.9701731452602333, 0.5285109088751805], [0.0, 0.0, 0.0, 1.0]]}, "intrinsic": [[1387.14196777, 0.0, 949.0501709], [0.0, 1385.58874512, 538.76617432], [0.0, 0.0, 1.0]], "distortion": [0.0, 0.0, 0.0, 0.0, 0.0, 0.0, 0.0, 0.0]}