{"objects": [21, 29], "object_poses": {"21": [[0.2473295713493119, -0.03564291984308635, -0.9682756143791058, 0.12327275200667007], [0.6917269639459228, -0.6932712561741149, 0.20220972457556857, 0.05881335770120094], [-0.6784849965078991, -0.7197947954992674, -0.1468113138891153, 0.6146898443986526], [0.0, 0.0, 0.0, 1.0]], "29": [[-0.9559721022138266, 0.17557024956248626, 0.2351434184863797, 0.10769960214311855], [0.1876881512696469, 0.9817703328638728, 0.03000285621993375, -0.07042399716016401], [-0.22558922328399753, 0.07281552703192248, -0.9714975045573696, 0.5461151175465749], [0.0, 0.0, 0.0, 1.0]]}, "intrinsic": [[1387.14196777, 0.0, 949.0501709], [0.0, 1385.58874512, 538.76617432], [0.0, 0.0, 1.0]], "distortion": [0.0, 0.0, 0.0, 0.0, 0.0, 0.0, 0.0, 0.0]}