{"objects": [21, 29], "object_poses": {"21": [[0.25318738676517655, -0.03966922996774315, -0.9666035895737181, 0.10642318282634153], [0.6912577453672035, -0.6915884277794084, 0.2094473108718825, 0.05947747562462785], [-0.6768004703403167, -0.721201635297217, -0.1476798042785486, 0.6122919965477321], [0.0, 0.0, 0.0, 1.0]], "29": [[-0.9543005628966775, 0.18251984007093103, 0.23663673348739167, 0.09001298039173344], [0.1949918011437851, 0.980339431948628, 0.03021250822681736, -0.06951032204776003], [-0.2264699387155046, 0.07497403648686012, -0.9711283440982827, 0.543443152267277], [0.0, 0.0, 0.0, 1.0]]}, "intrinsic": [[1387.14196777, 0.0, 949.0501709], [0.0, 1385.58874512, 538.76617432], [0.0, 0.0, 1.0]], "distortion": [0.0, 0.0, 0.0, 0.0, 0.0, 0.0, 0.0, 0.0]}