{"objects": [21, 29], "object_poses": {"21": [[0.2617944961259062, -0.04151859511040016, -0.9642301841667533, 0.07937856579853028], [0.6889198622140119, -0.6916467697693814, 0.21682751051149782, 0.05951515916570127], [-0.6759090658107877, -0.7210415744793408, -0.15246633276610833, 0.6033522327315946], [0.0, 0.0, 0.0, 1.0]], "29": [[-0.9516578452137897, 0.1897231658926806, 0.24156255083667627, 0.06230587567893903], [0.202235304172937, 0.9789404608345653, 0.027864958049497547, -0.06937882775738563], [-0.23118872677780825, 0.07537038187960299, -0.9699850917133669, 0.5344887922263194], [0.0, 0.0, 0.0, 1.0]]}, "intrinsic": [[1387.14196777, 0.0, 949.0501709], [0.0, 1385.58874512, 538.76617432], [0.0, 0.0, 1.0]], "distortion": [0.0, 0.0, 0.0, 0.0, 0.0, 0.0, 0.0, 0.0]}