{"objects": [21, 29], "object_poses": {"21": [[0.2646654722612138, -0.042880913569237816, -0.9633864307972297, 0.03203190760787536], [0.6905847180745299, -0.6888574888321772, 0.22038173073500258, 0.06888902152174742], [-0.6730861274418547, -0.7236273815516535, -0.15270388899445012, 0.5939478411200517], [0.0, 0.0, 0.0, 1.0]], "29": [[-0.9507738789933752, 0.19267793773593964, 0.2427019640088082, 0.0146341893224059], [0.20604020144115628, 0.9780623939774401, 0.030682061163130128, -0.059697119915950114], [-0.23146590767107833, 0.07917806386211995, -0.9696155773238485, 0.524591992918938], [0.0, 0.0, 0.0, 1.0]]}, "intrinsic": [[1387.14196777, 0.0, 949.0501709], [0.0, 1385.58874512, 538.76617432], [0.0, 0.0, 1.0]], "distortion": [0.0, 0.0, 0.0, 0.0, 0.0, 0.0, 0.0, 0.0]}