{"objects": [21, 29], "object_poses": {"21": [[0.26528241994177026, -0.04168697210541944, -0.9632691389360137, 0.0455070484742206], [0.6893243746470186, -0.6903316412312887, 0.2197137493021742, 0.06468719312934101], [-0.6741343665674795, -0.7222910919231977, -0.15439700237071258, 0.5937030914164398], [0.0, 0.0, 0.0, 1.0]], "29": [[-0.9505491190745986, 0.19221263461547686, 0.24394809964559722, 0.028246958004720546], [0.20521808905669145, 0.9782919443626638, 0.02881679231022078, -0.06404506495866452], [-0.23311350915475013, 0.07745433938331657, -0.9693600554800378, 0.5245843164300452], [0.0, 0.0, 0.0, 1.0]]}, "intrinsic": [[1387.14196777, 0.0, 949.0501709], [0.0, 1385.58874512, 538.76617432], [0.0, 0.0, 1.0]], "distortion": [0.0, 0.0, 0.0, 0.0, 0.0, 0.0, 0.0, 0.0]}