{"objects": [21, 29], "object_poses": {"21": [[0.2605565493356322, -0.0330998756810529, -0.9648910212185708, 0.036955866138742716], [0.6926240874489318, -0.6898390476049151, 0.21069874675727093, 0.062399386140626345], [-0.6725936054437667, -0.723205701463595, -0.15681631065265167, 0.6013939822274245], [0.0, 0.0, 0.0, 1.0]], "29": [[-0.9518155746636204, 0.18265408762327917, 0.24634243666548072, 0.021116173789909237], [0.19641863187209502, 0.9799881610708088, 0.032294352672878765, -0.06640942544644973], [-0.23551397597865417, 0.07912451222959711, -0.9686446606899585, 0.5320780082034559], [0.0, 0.0, 0.0, 1.0]]}, "intrinsic": [[1387.14196777, 0.0, 949.0501709], [0.0, 1385.58874512, 538.76617432], [0.0, 0.0, 1.0]], "distortion": [0.0, 0.0, 0.0, 0.0, 0.0, 0.0, 0.0, 0.0]}