{"objects": [21, 29], "object_poses": {"21": [[0.39942933867847563, -0.04707846884870146, -0.91555437914618, 0.07340317659545195], [0.6545955180917087, -0.6845469441176972, 0.32078059323060215, 0.008089058161998619], [-0.6418418115837621, -0.7274469733733122, -0.2426107784763215, 0.6403811731386704], [0.0, 0.0, 0.0, 1.0]], "29": [[-0.8971178783501939, 0.28734866679175036, 0.33557451637075625, 0.04907626767570997], [0.3047236587545055, 0.9524403611608094, -0.0009220776255996363, -0.11831326905245937], [-0.3198796713449179, 0.10143028209011756, -0.9420132131426803, 0.5691213441446872], [0.0, 0.0, 0.0, 1.0]]}, "intrinsic": [[1387.14196777, 0.0, 949.0501709], [0.0, 1385.58874512, 538.76617432], [0.0, 0.0, 1.0]], "distortion": [0.0, 0.0, 0.0, 0.0, 0.0, 0.0, 0.0, 0.0]}