{"objects": [21, 29], "object_poses": {"21": [[0.3434278829144621, -0.021838422544168432, -0.9389251155111795, 0.0450090211841466], [0.6772993000329034, -0.6868212806796882, 0.2637085258016107, 0.03737491879204746], [-0.650632728512662, -0.7264981842415735, -0.22108243006143533, 0.6251682654895698], [0.0, 0.0, 0.0, 1.0]], "29": [[-0.9213387583226654, 0.23057522639577135, 0.31300152936527964, 0.02684292356634632], [0.24874269713500372, 0.968386764754749, 0.018818726573443127, -0.09034916832916873], [-0.29876740624517656, 0.09519526679608999, -0.9495661631214334, 0.5544302946573176], [0.0, 0.0, 0.0, 1.0]]}, "intrinsic": [[1387.14196777, 0.0, 949.0501709], [0.0, 1385.58874512, 538.76617432], [0.0, 0.0, 1.0]], "distortion": [0.0, 0.0, 0.0, 0.0, 0.0, 0.0, 0.0, 0.0]}