{"objects": [21, 29], "object_poses": {"21": [[0.42125965479505256, -0.05523984661232491, -0.9052562413969917, 0.08582817461058112], [0.6455139923584681, -0.6828672990095986, 0.3420583833394157, -0.0026995057756407648], [-0.6370651371024683, -0.7284509669769065, -0.2520063487276209, 0.6454632539908007], [0.0, 0.0, 0.0, 1.0]], "29": [[-0.8863809599793211, 0.3082608283492039, 0.34540419147951185, 0.05933255240957325], [0.3256211700137064, 0.9454649340975123, -0.008179977439154275, -0.12846418722584413], [-0.32908911775544936, 0.1052203407020692, -0.9384183675085916, 0.5738494497699496], [0.0, 0.0, 0.0, 1.0]]}, "intrinsic": [[1387.14196777, 0.0, 949.0501709], [0.0, 1385.58874512, 538.76617432], [0.0, 0.0, 1.0]], "distortion": [0.0, 0.0, 0.0, 0.0, 0.0, 0.0, 0.0, 0.0]}