{"objects": [21, 29], "object_poses": {"21": [[0.43949849266743407, -0.06539151925583415, -0.8958599355660881, 0.10201741856262864], [0.6264522260634658, -0.6924476730714595, 0.3578740400169551, -0.011684609980787408], [-0.6437380549596116, -0.7184985520287034, -0.2633650457624877, 0.6364713350158122], [0.0, 0.0, 0.0, 1.0]], "29": [[-0.8768417494800992, 0.32821078394984143, 0.3513206906342475, 0.07324410404338064], [0.3398640185283495, 0.939998605406001, -0.029917732944669297, -0.13791086404071284], [-0.3400602818302341, 0.09316814441542746, -0.9357770576305758, 0.5665689802010592], [0.0, 0.0, 0.0, 1.0]]}, "intrinsic": [[1387.14196777, 0.0, 949.0501709], [0.0, 1385.58874512, 538.76617432], [0.0, 0.0, 1.0]], "distortion": [0.0, 0.0, 0.0, 0.0, 0.0, 0.0, 0.0, 0.0]}