{"objects": [21, 29], "object_poses": {"21": [[0.3042240437669045, -0.03947638868309761, -0.9517821945858533, 0.027637196556031973], [0.694915348137292, -0.6742038754390515, 0.25008357256364716, 0.05780748087453447], [-0.6515676404774421, -0.7374894908264886, -0.17767628092446713, 0.6160529613500718], [0.0, 0.0, 0.0, 1.0]], "29": [[-0.9371445165088994, 0.21699621726996185, 0.2732632373149475, 0.008854756368318312], [0.23681766202807594, 0.9706737075980499, 0.04135152148861723, -0.06896594777167192], [-0.25627631597335476, 0.10346591259150616, -0.9610500792376757, 0.5437824432880554], [0.0, 0.0, 0.0, 1.0]]}, "intrinsic": [[1387.14196777, 0.0, 949.0501709], [0.0, 1385.58874512, 538.76617432], [0.0, 0.0, 1.0]], "distortion": [0.0, 0.0, 0.0, 0.0, 0.0, 0.0, 0.0, 0.0]}