{"objects": [21, 29], "object_poses": {"21": [[0.3592930052040611, -0.030132150455039176, -0.9327382215393547, 0.0487052454283477], [0.670836156123812, -0.686477424927557, 0.2805843842801408, 0.029621558203035525], [-0.6487583433363036, -0.7265265298485618, -0.22643280101996272, 0.6302055974340888], [0.0, 0.0, 0.0, 1.0]], "29": [[-0.9149854305863911, 0.24749652954328272, 0.3186646037430006, 0.028634729761518152], [0.26528574432660706, 0.9640829198720032, 0.01294594408156404, -0.0977692342040592], [-0.3040150254045548, 0.09638252681432166, -0.9477791266182034, 0.5593813751522161], [0.0, 0.0, 0.0, 1.0]]}, "intrinsic": [[1387.14196777, 0.0, 949.0501709], [0.0, 1385.58874512, 538.76617432], [0.0, 0.0, 1.0]], "distortion": [0.0, 0.0, 0.0, 0.0, 0.0, 0.0, 0.0, 0.0]}