{"objects": [21, 29], "object_poses": {"21": [[0.2692311699919101, -0.015444322608089773, -0.9629517381488931, 0.027324816257011803], [0.6885090874315873, -0.6960434292708776, 0.2036634014568316, 0.06340073866102874], [-0.6734016733190616, -0.7178335583323074, -0.17676303036288335, 0.6056376541403742], [0.0, 0.0, 0.0, 1.0]], "29": [[-0.9483086023154893, 0.1754750671156552, 0.26442257013200804, 0.013541067618177194], [0.1888037052341707, 0.9816796626771023, 0.025655423910568617, -0.0660744549246014], [-0.25507637221881113, 0.07425322017890791, -0.9640656116825053, 0.5371285848831066], [0.0, 0.0, 0.0, 1.0]]}, "intrinsic": [[1387.14196777, 0.0, 949.0501709], [0.0, 1385.58874512, 538.76617432], [0.0, 0.0, 1.0]], "distortion": [0.0, 0.0, 0.0, 0.0, 0.0, 0.0, 0.0, 0.0]}