{"objects": [21, 29], "object_poses": {"21": [[0.29486748256288925, -0.034434399988380146, -0.9549175041983856, 0.02926715048293213], [0.692415104219122, -0.6809866908859775, 0.2383662104523101, 0.05946775002013216], [-0.6584941086875788, -0.7314857475943151, -0.17695793254370193, 0.6122845597180903], [0.0, 0.0, 0.0, 1.0]], "29": [[-0.9403696709157642, 0.20691450416143312, 0.26998383282971244, 0.011628372432517242], [0.2245727273814625, 0.9737963041221712, 0.03588660187957295, -0.06812358456075068], [-0.2554838001483579, 0.0943776776872476, -0.962195864580661, 0.5411745400314845], [0.0, 0.0, 0.0, 1.0]]}, "intrinsic": [[1387.14196777, 0.0, 949.0501709], [0.0, 1385.58874512, 538.76617432], [0.0, 0.0, 1.0]], "distortion": [0.0, 0.0, 0.0, 0.0, 0.0, 0.0, 0.0, 0.0]}