{"objects": [21, 29], "object_poses": {"21": [[0.2823869536620421, -0.02196440077008075, -0.9590490985868725, 0.02682003064718913], [0.6887784916362771, -0.6912175980320874, 0.21863764915954736, 0.061315350239983024], [-0.6677138592696192, -0.7223128112317895, -0.18006222499376262, 0.6083883468898013], [0.0, 0.0, 0.0, 1.0]], "29": [[-0.9442402186430103, 0.18922061556158487, 0.2694549464075801, 0.011508146436107175], [0.20406139995449685, 0.9785602912469548, 0.027905222509374706, -0.06751394280243128], [-0.25839766745392384, 0.08133458699212782, -0.9626086070741323, 0.5389918807897885], [0.0, 0.0, 0.0, 1.0]]}, "intrinsic": [[1387.14196777, 0.0, 949.0501709], [0.0, 1385.58874512, 538.76617432], [0.0, 0.0, 1.0]], "distortion": [0.0, 0.0, 0.0, 0.0, 0.0, 0.0, 0.0, 0.0]}