{"objects": [21, 29], "object_poses": {"21": [[0.3196678051879625, -0.030145456406374695, -0.9470500228522097, 0.031117016542523857], [0.6891221422001547, -0.6785937727019998, 0.25420693298874275, 0.05079663192507622], [-0.6503254319614009, -0.7338949128506931, -0.19615068043750336, 0.6203784106841072], [0.0, 0.0, 0.0, 1.0]], "29": [[-0.9310916119844612, 0.22057797689217706, 0.2905404725719771, 0.012910120050878021], [0.24036720576537413, 0.9700930863113969, 0.033808435092249865, -0.07632263583474574], [-0.27439390752117854, 0.1013151518825919, -0.9562652474676032, 0.5485695620968946], [0.0, 0.0, 0.0, 1.0]]}, "intrinsic": [[1387.14196777, 0.0, 949.0501709], [0.0, 1385.58874512, 538.76617432], [0.0, 0.0, 1.0]], "distortion": [0.0, 0.0, 0.0, 0.0, 0.0, 0.0, 0.0, 0.0]}