{"objects": [21, 29], "object_poses": {"21": [[0.299374704747308, -0.02046815080898179, -0.9539160555100914, 0.10657104091147501], [0.6330260545770117, -0.7437831634893088, 0.2146266990299796, -0.020660283956370873], [-0.7138997131139124, -0.668107521670206, -0.20971299221453207, 0.6110240065903381], [0.0, 0.0, 0.0, 1.0]], "29": [[-0.9382357408300097, 0.199641045593351, 0.28259006978939044, 0.09066914000562123], [0.19398723002321894, 0.979821656743612, -0.04815055102627676, -0.15421426256399995], [-0.2865006967131122, 0.009642296957000144, -0.9580315114297149, 0.5513769245433057], [0.0, 0.0, 0.0, 1.0]]}, "intrinsic": [[1387.14196777, 0.0, 949.0501709], [0.0, 1385.58874512, 538.76617432], [0.0, 0.0, 1.0]], "distortion": [0.0, 0.0, 0.0, 0.0, 0.0, 0.0, 0.0, 0.0]}