{"objects": [21, 29], "object_poses": {"21": [[0.34410717168771787, -0.049787576698550266, -0.9376094344659585, 0.11506270566350552], [0.6183584191765727, -0.7394374465795254, 0.2662050488428208, -0.020328860439135232], [-0.7065572303971782, -0.671381754147702, -0.2236591611605191, 0.6087799543290685], [0.0, 0.0, 0.0, 1.0]], "29": [[-0.9218497919661247, 0.2517188427788264, 0.2946702992195125, 0.0929643485464273], [0.24500317683291528, 0.967655329076943, -0.060138236179528716, -0.15264214180912228], [-0.30027721257832596, 0.016756738915778002, -0.9537047799540007, 0.5483467826689217], [0.0, 0.0, 0.0, 1.0]]}, "intrinsic": [[1387.14196777, 0.0, 949.0501709], [0.0, 1385.58874512, 538.76617432], [0.0, 0.0, 1.0]], "distortion": [0.0, 0.0, 0.0, 0.0, 0.0, 0.0, 0.0, 0.0]}