{"objects": [21, 29], "object_poses": {"21": [[0.4184484127754515, -0.08354422997305565, -0.9043900085051378, 0.12481092252659692], [0.5930538571712106, -0.7290394001925596, 0.3417435814484736, -0.025476905351454138], [-0.6878866537010705, -0.6793540421643854, -0.255519152031423, 0.5986829367427507], [0.0, 0.0, 0.0, 1.0]], "29": [[-0.8875256561693768, 0.3273094482092389, 0.32429421017664795, 0.09449700933121988], [0.3198080258840173, 0.9442816726541458, -0.07781355453691363, -0.15523177951602812], [-0.3316941908163337, 0.03465036511296429, -0.9427503996160624, 0.5362966453928817], [0.0, 0.0, 0.0, 1.0]]}, "intrinsic": [[1387.14196777, 0.0, 949.0501709], [0.0, 1385.58874512, 538.76617432], [0.0, 0.0, 1.0]], "distortion": [0.0, 0.0, 0.0, 0.0, 0.0, 0.0, 0.0, 0.0]}