{"objects": [21, 29], "object_poses": {"21": [[0.39435431535805715, -0.0720860665577266, -0.9161267777806308, 0.12305031152748538], [0.601122551120983, -0.7338121507273523, 0.31649866663021775, -0.02344818122218295], [-0.6950801050902558, -0.6755170808004339, -0.24604942807204966, 0.6011537698934075], [0.0, 0.0, 0.0, 1.0]], "29": [[-0.8995829438810754, 0.302410473521867, 0.3151165380974999, 0.09547223749397937], [0.29470420037898304, 0.9527913228791111, -0.0730625028675462, -0.15422099000968248], [-0.32233516928386713, 0.02714038596931002, -0.946236459925418, 0.5396295277972827], [0.0, 0.0, 0.0, 1.0]]}, "intrinsic": [[1387.14196777, 0.0, 949.0501709], [0.0, 1385.58874512, 538.76617432], [0.0, 0.0, 1.0]], "distortion": [0.0, 0.0, 0.0, 0.0, 0.0, 0.0, 0.0, 0.0]}