{"objects": [21, 29], "object_poses": {"21": [[0.2752851250086082, -0.010688570929944363, -0.9613032062780611, 0.10313912881950132], [0.6393940300691655, -0.7446801742301198, 0.19138106599273855, -0.02080419184019755], [-0.7179090292376247, -0.6673358918566291, -0.19816516641179213, 0.6112311359911263], [0.0, 0.0, 0.0, 1.0]], "29": [[-0.9460688299272062, 0.1760636607776482, 0.27194734121472425, 0.08973438407443923], [0.17105421462205753, 0.9843567975352172, -0.04221552802292698, -0.15475790696137326], [-0.27512583430171783, 0.006578943668631799, -0.9613857148928308, 0.5518676364764692], [0.0, 0.0, 0.0, 1.0]]}, "intrinsic": [[1387.14196777, 0.0, 949.0501709], [0.0, 1385.58874512, 538.76617432], [0.0, 0.0, 1.0]], "distortion": [0.0, 0.0, 0.0, 0.0, 0.0, 0.0, 0.0, 0.0]}