{"objects": [21, 29], "object_poses": {"21": [[0.326737777439157, -0.0289484311504395, -0.9446715900925875, 0.11015540388029665], [0.624960135367528, -0.7431933001339414, 0.23893209880095673, -0.020180218686660145], [-0.7089903059954513, -0.6684502277432165, -0.2247377116429786, 0.6106583038046127], [0.0, 0.0, 0.0, 1.0]], "29": [[-0.9283132043636765, 0.2244944830495445, 0.2963727748703943, 0.09178283849460633], [0.2178772922701766, 0.9743895419343392, -0.05562828490990158, -0.15329902579797172], [-0.3012707754115504, 0.01293242627339383, -0.9534509280679403, 0.5507488547545505], [0.0, 0.0, 0.0, 1.0]]}, "intrinsic": [[1387.14196777, 0.0, 949.0501709], [0.0, 1385.58874512, 538.76617432], [0.0, 0.0, 1.0]], "distortion": [0.0, 0.0, 0.0, 0.0, 0.0, 0.0, 0.0, 0.0]}