{"objects": [21, 29], "object_poses": {"21": [[0.44613691797378113, -0.08202522358436178, -0.8911979090621791, 0.11396516333373316], [0.6047360334005857, -0.7064361967842089, 0.3677529466639205, -0.01928820057074887], [-0.6597394791338352, -0.703007654701573, -0.2655636592292219, 0.6182727830219357], [0.0, 0.0, 0.0, 1.0]], "29": [[-0.8729900539962896, 0.3450598392801161, 0.3447057773515714, 0.08255650089218963], [0.3477739171141623, 0.9358985748295011, -0.05609955621209794, -0.1464611386906352], [-0.3419673496090599, 0.07090532383466998, -0.9370329593206772, 0.5512813672684169], [0.0, 0.0, 0.0, 1.0]]}, "intrinsic": [[1387.14196777, 0.0, 949.0501709], [0.0, 1385.58874512, 538.76617432], [0.0, 0.0, 1.0]], "distortion": [0.0, 0.0, 0.0, 0.0, 0.0, 0.0, 0.0, 0.0]}