{"objects": [21, 29], "object_poses": {"21": [[0.37527018757959013, -0.05769842202270442, -0.9251179267585721, 0.11907592227941255], [0.6077574475283519, -0.7382605502313765, 0.2925786132749553, -0.021668048883182578], [-0.6998593939412432, -0.6720433409149769, -0.24198052947300616, 0.6054226256303523], [0.0, 0.0, 0.0, 1.0]], "29": [[-0.9084766060525855, 0.278767079914703, 0.3113826767998204, 0.09440560047770868], [0.2708758038779928, 0.9601196641251055, -0.0692569811192996, -0.15334785897512565], [-0.3182711974537514, 0.02142768573912326, -0.9477575107353309, 0.5446022927849768], [0.0, 0.0, 0.0, 1.0]]}, "intrinsic": [[1387.14196777, 0.0, 949.0501709], [0.0, 1385.58874512, 538.76617432], [0.0, 0.0, 1.0]], "distortion": [0.0, 0.0, 0.0, 0.0, 0.0, 0.0, 0.0, 0.0]}