{"objects": [21, 29], "object_poses": {"21": [[0.44379170641728155, -0.08402277371298243, -0.8921822094240743, 0.12074614645754689], [0.5914551462515079, -0.7204833663105068, 0.36205597473663553, -0.023697343916945945], [-0.6732233888449263, -0.6883631980048505, -0.2700488406653363, 0.6049945360037425], [0.0, 0.0, 0.0, 1.0]], "29": [[-0.8742125545308492, 0.34494043407026104, 0.34171407118244645, 0.08916934638811719], [0.3405470002580392, 0.9372422489438869, -0.07486459383359981, -0.15220389591436828], [-0.3460926900642598, 0.05092213406795801, -0.9368173707537979, 0.5406806040590924], [0.0, 0.0, 0.0, 1.0]]}, "intrinsic": [[1387.14196777, 0.0, 949.0501709], [0.0, 1385.58874512, 538.76617432], [0.0, 0.0, 1.0]], "distortion": [0.0, 0.0, 0.0, 0.0, 0.0, 0.0, 0.0, 0.0]}