{"objects": [21, 29], "object_poses": {"21": [[0.3795814008913845, -0.037708775784186244, -0.9243895327870174, 0.06141274440243605], [0.6628819434729784, -0.685915347317132, 0.3001793885867451, 0.01874993604495806], [-0.6453723646971748, -0.7267036428584103, -0.23536424184972768, 0.6353721597671309], [0.0, 0.0, 0.0, 1.0]], "29": [[-0.9062243893971786, 0.26690369437040334, 0.3279020798853773, 0.039329059202382805], [0.2844842259515916, 0.9586625405531364, 0.0059041108511189416, -0.10821013406946367], [-0.31277161195743364, 0.09863341863509592, -0.9446932663472903, 0.564373839395462], [0.0, 0.0, 0.0, 1.0]]}, "intrinsic": [[1387.14196777, 0.0, 949.0501709], [0.0, 1385.58874512, 538.76617432], [0.0, 0.0, 1.0]], "distortion": [0.0, 0.0, 0.0, 0.0, 0.0, 0.0, 0.0, 0.0]}