{"objects": [21, 29], "object_poses": {"21": [[-0.0010274630067486062, 0.10962445385770499, -0.9939725466209719, 0.09090942568046845], [0.6644645993479982, -0.742740546742222, -0.08260312608112792, -0.03179181574209389], [-0.7473190353075957, -0.6605444416097017, -0.07207843037591177, 0.5828732489792892], [0.0, 0.0, 0.0, 1.0]], "29": [[-0.9834842635628195, -0.09946282191131309, 0.151214583892414, 0.107231743235909], [-0.10073705351186604, 0.994912786508986, -0.0007702536473622451, -0.16637601263547663], [-0.15036871141984137, -0.015990443970476304, -0.9885006607623351, 0.5257069481784276], [0.0, 0.0, 0.0, 1.0]]}, "intrinsic": [[1387.14196777, 0.0, 949.0501709], [0.0, 1385.58874512, 538.76617432], [0.0, 0.0, 1.0]], "distortion": [0.0, 0.0, 0.0, 0.0, 0.0, 0.0, 0.0, 0.0]}