{"objects": [21, 29], "object_poses": {"21": [[0.0344153476004343, 0.0855505788688852, -0.9957392642176718, 0.09077424562227554], [0.6658083755721682, -0.7449956909568147, -0.04099545674504895, -0.031801863076168335], [-0.7453286462142016, -0.6615606691082724, -0.08259957761105413, 0.5878903390501793], [0.0, 0.0, 0.0, 1.0]], "29": [[-0.9851958296422751, -0.05783858540593263, 0.16138114912754975, 0.10208377734504415], [-0.05935320286047587, 0.998226555195082, -0.0045762226315028435, -0.1668045036681588], [-0.16083026632350608, -0.01408696353409463, -0.9868815445091218, 0.5304996466299481], [0.0, 0.0, 0.0, 1.0]]}, "intrinsic": [[1387.14196777, 0.0, 949.0501709], [0.0, 1385.58874512, 538.76617432], [0.0, 0.0, 1.0]], "distortion": [0.0, 0.0, 0.0, 0.0, 0.0, 0.0, 0.0, 0.0]}