{"objects": [21, 29], "object_poses": {"21": [[0.1608705386101967, 0.031495926991185946, -0.9864728462508439, 0.09665392504842846], [0.6591317119550657, -0.7473632822515334, 0.0836272123020099, -0.028729349626165468], [-0.7346196676528961, -0.6636686906319965, -0.1409886980305993, 0.6051137802312183], [0.0, 0.0, 0.0, 1.0]], "29": [[-0.9736718879200003, 0.06741104349128182, 0.2177585954439844, 0.09450487244295652], [0.06439302764686765, 0.9977050100422425, -0.020934443558137783, -0.1638732788922465], [-0.21867005433938538, -0.0063611439250386235, -0.9757781219023027, 0.5469862479724388], [0.0, 0.0, 0.0, 1.0]]}, "intrinsic": [[1387.14196777, 0.0, 949.0501709], [0.0, 1385.58874512, 538.76617432], [0.0, 0.0, 1.0]], "distortion": [0.0, 0.0, 0.0, 0.0, 0.0, 0.0, 0.0, 0.0]}