{"objects": [21, 29], "object_poses": {"21": [[0.1411668151513427, 0.050231731413255494, -0.988710626755505, 0.09432349663821393], [0.661814324662477, -0.7475345720128986, 0.05651427533860569, -0.030503931585791566], [-0.7362565653164515, -0.6623207959929438, -0.13877115414847244, 0.6018275975836208], [0.0, 0.0, 0.0, 1.0]], "29": [[-0.9755747136245497, 0.040256401441780144, 0.2159476794951831, 0.09571110095497981], [0.03748237146728658, 0.9991539052961423, -0.016927650772198995, -0.16577034977097382], [-0.21644641361220096, -0.00841995691408697, -0.9762581904189029, 0.5439624032377661], [0.0, 0.0, 0.0, 1.0]]}, "intrinsic": [[1387.14196777, 0.0, 949.0501709], [0.0, 1385.58874512, 538.76617432], [0.0, 0.0, 1.0]], "distortion": [0.0, 0.0, 0.0, 0.0, 0.0, 0.0, 0.0, 0.0]}