{"objects": [21, 29], "object_poses": {"21": [[0.10369515441561615, 0.060500976574550086, -0.9927673175443767, 0.09291480058196588], [0.6646694187094017, -0.7467546856159495, 0.023916591377882095, -0.03135917134055033], [-0.7399066689679379, -0.6623421105019354, -0.117647991366687, 0.5971343120443146], [0.0, 0.0, 0.0, 1.0]], "29": [[-0.9806773661883517, 0.007368430564448286, 0.19549324713890434, 0.09748982386005367], [0.0051760863030761075, 0.9999178870789857, -0.011722936069513336, -0.16661802703523393], [-0.1955635742577801, -0.010484528149784591, -0.9806349795377525, 0.5394158473277114], [0.0, 0.0, 0.0, 1.0]]}, "intrinsic": [[1387.14196777, 0.0, 949.0501709], [0.0, 1385.58874512, 538.76617432], [0.0, 0.0, 1.0]], "distortion": [0.0, 0.0, 0.0, 0.0, 0.0, 0.0, 0.0, 0.0]}