{"objects": [21, 29], "object_poses": {"21": [[0.22176530349756224, 0.013761932029667141, -0.9750029535296059, 0.09981015673757729], [0.6499611395536982, -0.7474648021972484, 0.1372839631795827, -0.02556499618575897], [-0.7268910972316929, -0.66415885050419, -0.17470647973747994, 0.609727256740055], [0.0, 0.0, 0.0, 1.0]], "29": [[-0.9605875877726391, 0.12171687337685273, 0.24991296275408154, 0.09233058727556095], [0.11744087809215964, 0.9925638766579307, -0.03200923158611757, -0.16034755071063034], [-0.25195064272611517, -0.0013976727633117044, -0.967739076477102, 0.551203508675829], [0.0, 0.0, 0.0, 1.0]]}, "intrinsic": [[1387.14196777, 0.0, 949.0501709], [0.0, 1385.58874512, 538.76617432], [0.0, 0.0, 1.0]], "distortion": [0.0, 0.0, 0.0, 0.0, 0.0, 0.0, 0.0, 0.0]}