{"objects": [21, 29], "object_poses": {"21": [[0.2463365507137887, -0.00014476071754119493, -0.9691843389297918, 0.10231420431275273], [0.6458626321021437, -0.7455715701055027, 0.1642695781467568, -0.024401273636436127], [-0.7226200690795448, -0.6664255494012501, -0.18356803335199565, 0.6114726106556305], [0.0, 0.0, 0.0, 1.0]], "29": [[-0.9545692741565711, 0.14864170233581042, 0.258269520390864, 0.09174074247883526], [0.1442730866080359, 0.9888865829456837, -0.035897110616469025, -0.15875483009030972], [-0.26073507112930766, 0.002995062058086238, -0.9654057449002843, 0.5524418235685982], [0.0, 0.0, 0.0, 1.0]]}, "intrinsic": [[1387.14196777, 0.0, 949.0501709], [0.0, 1385.58874512, 538.76617432], [0.0, 0.0, 1.0]], "distortion": [0.0, 0.0, 0.0, 0.0, 0.0, 0.0, 0.0, 0.0]}