{"objects": [21, 29], "object_poses": {"21": [[0.013868263794251526, 0.09736418699057667, -0.9951521925570016, 0.09068356222247187], [0.6655579187450538, -0.7436415364001188, -0.06348166771776624, -0.03151855968418854], [-0.7462173463911752, -0.6614510415988037, -0.0751145226489104, 0.5841490480675539], [0.0, 0.0, 0.0, 1.0]], "29": [[-0.9847814209952159, -0.08039294650488982, 0.15408610260151243, 0.10460064275548936], [-0.08168737503523651, 0.9966558367164131, -0.0020774741799490814, -0.16629839810619246], [-0.15340379924406455, -0.014632747225937968, -0.9880552398960891, 0.5268077882675803], [0.0, 0.0, 0.0, 1.0]]}, "intrinsic": [[1387.14196777, 0.0, 949.0501709], [0.0, 1385.58874512, 538.76617432], [0.0, 0.0, 1.0]], "distortion": [0.0, 0.0, 0.0, 0.0, 0.0, 0.0, 0.0, 0.0]}