{"objects": [21, 29], "object_poses": {"21": [[0.06982140699402806, 0.07204255698958889, -0.9949546929924933, 0.09196760628806222], [0.6662895661237571, -0.7456580171074793, -0.007234334659358, -0.032063349438176514], [-0.7424171234555353, -0.66242281928218, -0.10006409592985906, 0.592780965489112], [0.0, 0.0, 0.0, 1.0]], "29": [[-0.9836653301436308, -0.02400495970135295, 0.17839921575830056, 0.09973760906349427], [-0.025724539619914784, 0.9996421831879091, -0.007331688254694393, -0.16721417617359108], [-0.17815938463853861, -0.011801165241499443, -0.9839308746879375, 0.5351511889783899], [0.0, 0.0, 0.0, 1.0]]}, "intrinsic": [[1387.14196777, 0.0, 949.0501709], [0.0, 1385.58874512, 538.76617432], [0.0, 0.0, 1.0]], "distortion": [0.0, 0.0, 0.0, 0.0, 0.0, 0.0, 0.0, 0.0]}