{"objects": [21, 29], "object_poses": {"21": [[0.19260221008692743, 0.02108171030966297, -0.9810504320166528, 0.09817852187820977], [0.6546972273410346, -0.7474772249553825, 0.11246927884968931, -0.026975903446645355], [-0.7309418097096343, -0.6639528293963571, -0.15776790280339184, 0.6073464187581852], [0.0, 0.0, 0.0, 1.0]], "29": [[-0.967484222686975, 0.09656675100630381, 0.23377155826123172, 0.09308866027304763], [0.09292684410237674, 0.9953185746981632, -0.02656193716581611, -0.16195699207342934], [-0.23524217414607101, -0.003974601981818334, -0.971928660983987, 0.5490239610507065], [0.0, 0.0, 0.0, 1.0]]}, "intrinsic": [[1387.14196777, 0.0, 949.0501709], [0.0, 1385.58874512, 538.76617432], [0.0, 0.0, 1.0]], "distortion": [0.0, 0.0, 0.0, 0.0, 0.0, 0.0, 0.0, 0.0]}