{"objects": [21, 29], "object_poses": {"21": [[-0.10276543673779757, 0.1456467730356594, -0.9839848995367761, 0.0991358600882512], [0.7698681955456447, -0.6147565770654518, -0.17139811096411575, -0.037582910244409184], [-0.6298747704896467, -0.7751524807797989, -0.048953090214442836, 0.5734889888171917], [0.0, 0.0, 0.0, 1.0]], "29": [[-0.975865449875857, -0.19439967110961037, 0.09947558298942344, 0.1252272232684305], [-0.17585513970530994, 0.9696613523281982, 0.16979938645438294, -0.15914894289871193], [-0.12946657320650234, 0.14820806210707818, -0.9804451931386274, 0.4948235547106856], [0.0, 0.0, 0.0, 1.0]]}, "intrinsic": [[1387.14196777, 0.0, 949.0501709], [0.0, 1385.58874512, 538.76617432], [0.0, 0.0, 1.0]], "distortion": [0.0, 0.0, 0.0, 0.0, 0.0, 0.0, 0.0, 0.0]}