{"objects": [21, 29], "object_poses": {"21": [[-0.12302286849019213, 0.19974915898251538, -0.9720934354856193, 0.09435211022488432], [0.7222476660236689, -0.653758098140346, -0.22574024461598854, -0.03618962687867833], [-0.6806053796083382, -0.7298634273627527, -0.06384116733339298, 0.5729102846687787], [0.0, 0.0, 0.0, 1.0]], "29": [[-0.9613651875636425, -0.24782169576172094, 0.11983898885808156, 0.12892610285462802], [-0.23481775107811007, 0.965471105010075, 0.1128103238593557, -0.16091829703558766], [-0.14365792675435315, 0.0803115963010355, -0.98636324322241, 0.5029480954120136], [0.0, 0.0, 0.0, 1.0]]}, "intrinsic": [[1387.14196777, 0.0, 949.0501709], [0.0, 1385.58874512, 538.76617432], [0.0, 0.0, 1.0]], "distortion": [0.0, 0.0, 0.0, 0.0, 0.0, 0.0, 0.0, 0.0]}