{"objects": [21, 29], "object_poses": {"21": [[-0.053533220722430844, 0.04789583848075592, -0.9974167548900104, 0.10538746444579278], [0.8173223977988848, -0.5717492382781743, -0.07132255312741824, -0.038966920970973595], [-0.5736883233388725, -0.8190291796905412, -0.008538763381050507, 0.5662099980554136], [0.0, 0.0, 0.0, 1.0]], "29": [[-0.9934505627484946, -0.08923161904243306, 0.07137014458289657, 0.11555449745078564], [-0.07105130601951426, 0.9715936877085316, 0.22573749781076835, -0.15684879958048215], [-0.08948570437582633, 0.21918810225012764, -0.9715703188881185, 0.4787582731642456], [0.0, 0.0, 0.0, 1.0]]}, "intrinsic": [[1387.14196777, 0.0, 949.0501709], [0.0, 1385.58874512, 538.76617432], [0.0, 0.0, 1.0]], "distortion": [0.0, 0.0, 0.0, 0.0, 0.0, 0.0, 0.0, 0.0]}