{"objects": [21, 29], "object_poses": {"21": [[-0.07099168422074546, 0.07855129618605632, -0.9943791402875483, 0.10349797222201246], [0.8045931049339468, -0.5847139071941831, -0.10363195562406545, -0.03853747437660726], [-0.5895677367904858, -0.8074276070343465, -0.021692006235915804, 0.5695306324273556], [0.0, 0.0, 0.0, 1.0]], "29": [[-0.9892003673629778, -0.1235930568337926, 0.07878698821155679, 0.11875448292107282], [-0.10470582984855967, 0.9720337850803964, 0.21020706424383453, -0.15760146661035454], [-0.10256374800431345, 0.19968744819033343, -0.9744770908700479, 0.48445234679745064], [0.0, 0.0, 0.0, 1.0]]}, "intrinsic": [[1387.14196777, 0.0, 949.0501709], [0.0, 1385.58874512, 538.76617432], [0.0, 0.0, 1.0]], "distortion": [0.0, 0.0, 0.0, 0.0, 0.0, 0.0, 0.0, 0.0]}