{"objects": [21, 29], "object_poses": {"21": [[-0.03612744989971174, 0.129738455168957, -0.9908898731010055, 0.09125692078522779], [0.66716475409699, -0.7350877098146935, -0.12057051783125632, -0.0321014956803608], [-0.7440336002187323, -0.665442703866959, -0.06000008013149497, 0.5799557261447142], [0.0, 0.0, 0.0, 1.0]], "29": [[-0.9807078093806207, -0.13790527647621487, 0.13854359364438873, 0.11202226147784139], [-0.13794670639644796, 0.990395520640396, 0.009349806940251667, -0.16570673976516148], [-0.1385023422699175, -0.009942203753064371, -0.990312200152199, 0.5219406468115566], [0.0, 0.0, 0.0, 1.0]]}, "intrinsic": [[1387.14196777, 0.0, 949.0501709], [0.0, 1385.58874512, 538.76617432], [0.0, 0.0, 1.0]], "distortion": [0.0, 0.0, 0.0, 0.0, 0.0, 0.0, 0.0, 0.0]}