{"objects": [21, 29], "object_poses": {"21": [[-0.0642607193057886, 0.14552254934459682, -0.9872657937893742, 0.09189655751061704], [0.676684503358254, -0.7207718297934562, -0.1502865672340397, -0.03283727448577456], [-0.7334634570781954, -0.6777249862654101, -0.052155537792797246, 0.5768342830731749], [0.0, 0.0, 0.0, 1.0]], "29": [[-0.9773553543203869, -0.1684474101420638, 0.1280702205734102, 0.11617481895264281], [-0.1661733826073298, 0.9856899093642917, 0.028316240750873575, -0.16486075811426715], [-0.1310073215287104, 0.006393167748141835, -0.9913607865515095, 0.5166040926117306], [0.0, 0.0, 0.0, 1.0]]}, "intrinsic": [[1387.14196777, 0.0, 949.0501709], [0.0, 1385.58874512, 538.76617432], [0.0, 0.0, 1.0]], "distortion": [0.0, 0.0, 0.0, 0.0, 0.0, 0.0, 0.0, 0.0]}