{"objects": [21, 29], "object_poses": {"21": [[-0.08574138602951352, 0.11248256564358447, -0.9899475173704843, 0.10178852958838136], [0.7889691760151837, -0.5991000019771205, -0.1364068434094886, -0.038190892355387696], [-0.6084209513319395, -0.7927337888959057, -0.03737761259208839, 0.5720245669419959], [0.0, 0.0, 0.0, 1.0]], "29": [[-0.9832176322972012, -0.15852808718736477, 0.09028805631211703, 0.1224635977787798], [-0.13905304655328543, 0.971567961059006, 0.19162449553202784, -0.15849960166129937], [-0.11809884751407679, 0.1758537534895705, -0.9773065637759151, 0.48989256299992684], [0.0, 0.0, 0.0, 1.0]]}, "intrinsic": [[1387.14196777, 0.0, 949.0501709], [0.0, 1385.58874512, 538.76617432], [0.0, 0.0, 1.0]], "distortion": [0.0, 0.0, 0.0, 0.0, 0.0, 0.0, 0.0, 0.0]}