{"objects": [21, 29], "object_poses": {"21": [[-0.11181905389966827, 0.19339818499100028, -0.974727470233183, 0.09189240726875247], [0.7034418150018094, -0.6774207265144419, -0.21510642062851273, -0.034399340279562096], [-0.7019017823684061, -0.7097170572353747, -0.06029582553725256, 0.5733548521709922], [0.0, 0.0, 0.0, 1.0]], "29": [[-0.9638914583714648, -0.23563167652082853, 0.12406034619705758, 0.1250595034639828], [-0.22666194604814435, 0.9704956907748283, 0.08223427753172563, -0.16156106275130958], [-0.13977703206255407, 0.051145158201747455, -0.988861241074961, 0.5071948180184417], [0.0, 0.0, 0.0, 1.0]]}, "intrinsic": [[1387.14196777, 0.0, 949.0501709], [0.0, 1385.58874512, 538.76617432], [0.0, 0.0, 1.0]], "distortion": [0.0, 0.0, 0.0, 0.0, 0.0, 0.0, 0.0, 0.0]}