{"objects": [21, 29], "object_poses": {"21": [[-0.01476801859712925, 0.12299430202490519, -0.9922974893126212, 0.09101000869071563], [0.6634338360014361, -0.7412836551788409, -0.10175503826898614, -0.031999815695596345], [-0.7480891998118516, -0.6598264500867723, -0.07065129079327155, 0.5829231094241383], [0.0, 0.0, 0.0, 1.0]], "29": [[-0.9815660650909641, -0.11856659180713701, 0.1499000439262773, 0.10983790216626271], [-0.11977730569365724, 0.992800321907276, 0.0009580509310672788, -0.16631370912431903], [-0.1489344046975942, -0.017014233102284972, -0.9887006923074972, 0.5258915522793152], [0.0, 0.0, 0.0, 1.0]]}, "intrinsic": [[1387.14196777, 0.0, 949.0501709], [0.0, 1385.58874512, 538.76617432], [0.0, 0.0, 1.0]], "distortion": [0.0, 0.0, 0.0, 0.0, 0.0, 0.0, 0.0, 0.0]}