{"objects": [21, 29], "object_poses": {"21": [[-0.0879864835112541, 0.16859264713856362, -0.9817509348353822, 0.09205520257959443], [0.6894974842032402, -0.701003209738072, -0.18217496868211225, -0.033456428425448215], [-0.7189239166954513, -0.6929437345612851, -0.05456539870224777, 0.5747326084589224], [0.0, 0.0, 0.0, 1.0]], "29": [[-0.9714303097961758, -0.20137553900841612, 0.1255828232617652, 0.12065507356894817], [-0.1960506182012071, 0.9791311246223597, 0.05353873269593176, -0.1632891551849032], [-0.13374344212801084, 0.027388557552982418, -0.9906374506361693, 0.5117022943817334], [0.0, 0.0, 0.0, 1.0]]}, "intrinsic": [[1387.14196777, 0.0, 949.0501709], [0.0, 1385.58874512, 538.76617432], [0.0, 0.0, 1.0]], "distortion": [0.0, 0.0, 0.0, 0.0, 0.0, 0.0, 0.0, 0.0]}