{"objects": [21, 29], "object_poses": {"21": [[-0.023182120546739522, 0.04269410268198826, -0.9988192043023337, 0.11722190270730376], [0.82242680988227, -0.567218069805046, -0.04333363212927857, -0.036406605839620354], [-0.5683983916882871, -0.8224602573272619, -0.021963456999022773, 0.5636512324674656], [0.0, 0.0, 0.0, 1.0]], "29": [[-0.9937837135571981, -0.06498053598564461, 0.0903961316180171, 0.12524656170297865], [-0.04261665043107692, 0.9721788719456144, 0.23033033245449444, -0.15392243039960332], [-0.10284819772129233, 0.2250461527900036, -0.9689047823908761, 0.47548692065671927], [0.0, 0.0, 0.0, 1.0]]}, "intrinsic": [[1387.14196777, 0.0, 949.0501709], [0.0, 1385.58874512, 538.76617432], [0.0, 0.0, 1.0]], "distortion": [0.0, 0.0, 0.0, 0.0, 0.0, 0.0, 0.0, 0.0]}