{"objects": [21, 29], "object_poses": {"21": [[-0.11775891383980215, 0.17914911807495526, -0.976748909241391, 0.0962997993118821], [0.7474851433256647, -0.6315453646916046, -0.20595245287192906, -0.036928447597869174], [-0.6537574463963551, -0.7543580355703267, -0.0595412080142778, 0.5739092537811316], [0.0, 0.0, 0.0, 1.0]], "29": [[-0.9671273318210177, -0.22913168008993925, 0.11028779272403928, 0.12775850352962698], [-0.2124492895770799, 0.966390301425464, 0.14475871189328848, -0.15975684697806647], [-0.13974986011789467, 0.11656954357795676, -0.9833013363700196, 0.49927116507495384], [0.0, 0.0, 0.0, 1.0]]}, "intrinsic": [[1387.14196777, 0.0, 949.0501709], [0.0, 1385.58874512, 538.76617432], [0.0, 0.0, 1.0]], "distortion": [0.0, 0.0, 0.0, 0.0, 0.0, 0.0, 0.0, 0.0]}