{"objects": [21, 29], "object_poses": {"21": [[-0.013249695661948984, 0.045320624227143974, -0.9988846212573995, 0.11581402328689216], [0.8214622802582607, -0.5690796503613189, -0.0367161225831713, 0.0001624494426013534], [-0.5701089086111236, -0.8210325161431239, -0.029689051145660016, 0.5441033332809616], [0.0, 0.0, 0.0, 1.0]], "29": [[-0.9932133530122432, -0.060237620854482796, 0.0994920320025056, 0.12374111619391104], [-0.03618915748099333, 0.9730238942529132, 0.2278482962273819, -0.1175745497572564], [-0.11053316370669475, 0.22270143745988089, -0.9686002733193412, 0.4562257464426316], [0.0, 0.0, 0.0, 1.0]]}, "intrinsic": [[1387.14196777, 0.0, 949.0501709], [0.0, 1385.58874512, 538.76617432], [0.0, 0.0, 1.0]], "distortion": [0.0, 0.0, 0.0, 0.0, 0.0, 0.0, 0.0, 0.0]}