{"objects": [21, 29], "object_poses": {"21": [[-0.011184815238724386, 0.038478537542247025, -0.9991968284861077, 0.102828594316836], [0.8216193466093262, -0.5691866444664582, -0.031116121838717658, 0.032478996294916795], [-0.5699267928298699, -0.8213074734285765, -0.025248463419234847, 0.5435652718564389], [0.0, 0.0, 0.0, 1.0]], "29": [[-0.9938824806655322, -0.053794865334374324, 0.09645582973466629, 0.10970497164689103], [-0.03060734957934352, 0.9733085870997229, 0.22745018010473872, -0.08528579206711703], [-0.10611693916558931, 0.22310649193066412, -0.9690008712485919, 0.45563643638176576], [0.0, 0.0, 0.0, 1.0]]}, "intrinsic": [[1387.14196777, 0.0, 949.0501709], [0.0, 1385.58874512, 538.76617432], [0.0, 0.0, 1.0]], "distortion": [0.0, 0.0, 0.0, 0.0, 0.0, 0.0, 0.0, 0.0]}