{"objects": [21, 29], "object_poses": {"21": [[-0.027367741491221894, 0.0417519208562202, -0.9987531145535898, 0.1121794535562487], [0.8229806218547209, -0.5661860099764334, -0.04622010556660179, -0.03871913523149112], [-0.5674098190702106, -0.8232193991954939, -0.01886578943289825, 0.5646749436849007], [0.0, 0.0, 0.0, 1.0]], "29": [[-0.9939747508154527, -0.06710029351019213, 0.08667032567276589, 0.12026816179949001], [-0.04539946169539209, 0.9717371834227748, 0.23165866103245647, -0.1561140035674971], [-0.09976514230504047, 0.22632807374346817, -0.9689285419557199, 0.4763554795877969], [0.0, 0.0, 0.0, 1.0]]}, "intrinsic": [[1387.14196777, 0.0, 949.0501709], [0.0, 1385.58874512, 538.76617432], [0.0, 0.0, 1.0]], "distortion": [0.0, 0.0, 0.0, 0.0, 0.0, 0.0, 0.0, 0.0]}