{"objects": [21, 29], "object_poses": {"21": [[-0.013824768547459834, 0.04490848151012369, -0.9988954420073578, 0.11716063830366069], [0.8213125923191628, -0.5692798317507143, -0.03696077461119998, -0.009297758357212249], [-0.5703108814257257, -0.8209163790851913, -0.029013739453504606, 0.5490327635596022], [0.0, 0.0, 0.0, 1.0]], "29": [[-0.9932781876061912, -0.06032021792048168, 0.09879227366451439, 0.12505711170453565], [-0.036453237293758815, 0.9730667657135567, 0.2276230018134648, -0.12705545012593272], [-0.10986174728531618, 0.22249166450407543, -0.9687248606852382, 0.46118014955065895], [0.0, 0.0, 0.0, 1.0]]}, "intrinsic": [[1387.14196777, 0.0, 949.0501709], [0.0, 1385.58874512, 538.76617432], [0.0, 0.0, 1.0]], "distortion": [0.0, 0.0, 0.0, 0.0, 0.0, 0.0, 0.0, 0.0]}