{"objects": [21, 29], "object_poses": {"21": [[-0.017420046211980057, 0.0459905737349039, -0.9987899724754534, 0.11724472939893632], [0.8214767548943783, -0.5688006499323557, -0.04051865995730778, -0.028536471250296513], [-0.5699758619083585, -0.8211885823390825, -0.027871653660251988, 0.5590125081545093], [0.0, 0.0, 0.0, 1.0]], "29": [[-0.9932682785917937, -0.06353844392197032, 0.09685552584797649, 0.12546004053788606], [-0.0399600277312729, 0.9727595611907881, 0.22834629906269657, -0.14623147217057145], [-0.10872590734056166, 0.2229387858939982, -0.9687502128087985, 0.47110513945120447], [0.0, 0.0, 0.0, 1.0]]}, "intrinsic": [[1387.14196777, 0.0, 949.0501709], [0.0, 1385.58874512, 538.76617432], [0.0, 0.0, 1.0]], "distortion": [0.0, 0.0, 0.0, 0.0, 0.0, 0.0, 0.0, 0.0]}