{"objects": [21, 29], "object_poses": {"21": [[-0.015091671257334374, 0.04581388291979317, -0.9988359873324961, 0.11752639179546476], [0.8214054102059022, -0.5690430856218341, -0.03851128134014049, -0.019417870609335808], [-0.570145063596218, -0.8210304835009483, -0.029043960113392282, 0.5543179905048881], [0.0, 0.0, 0.0, 1.0]], "29": [[-0.993217715091306, -0.06184132228468373, 0.09845923667643242, 0.12560831222001867], [-0.037978636788194284, 0.9729265674962951, 0.22797262425036072, -0.13714534079544688], [-0.10989173570625461, 0.22268710137313402, -0.968676551437841, 0.46644174014734524], [0.0, 0.0, 0.0, 1.0]]}, "intrinsic": [[1387.14196777, 0.0, 949.0501709], [0.0, 1385.58874512, 538.76617432], [0.0, 0.0, 1.0]], "distortion": [0.0, 0.0, 0.0, 0.0, 0.0, 0.0, 0.0, 0.0]}