{"objects": [21, 29], "object_poses": {"21": [[-0.008765451878219232, 0.047972895740865634, -0.9988101762234991, 0.11349325513391328], [0.8207720308304917, -0.570207679599278, -0.03459010743554718, 0.01328756142157933], [-0.571188620562213, -0.8200986546753091, -0.034376683085929394, 0.539194554734457], [0.0, 0.0, 0.0, 1.0]], "29": [[-0.9927549371495441, -0.05917861807132626, 0.10457306502341615, 0.12158078490720214], [-0.03417701020354867, 0.9734311310077215, 0.22641502856167578, -0.10457665811022268], [-0.11519360545954407, 0.22120064273913584, -0.9684011095166276, 0.4515023220829991], [0.0, 0.0, 0.0, 1.0]]}, "intrinsic": [[1387.14196777, 0.0, 949.0501709], [0.0, 1385.58874512, 538.76617432], [0.0, 0.0, 1.0]], "distortion": [0.0, 0.0, 0.0, 0.0, 0.0, 0.0, 0.0, 0.0]}