{"objects": [21, 29], "object_poses": {"21": [[-0.012039539977573309, 0.04137278510906214, -0.9990712397669439, 0.10553150868528322], [0.8210774807577096, -0.5698333530274861, -0.03349209414221011, 0.026044767938837643], [-0.570689775683518, -0.8207181260516794, -0.027109730734947955, 0.5392073165206085], [0.0, 0.0, 0.0, 1.0]], "29": [[-0.993605020878238, -0.056507698681157466, 0.09775450104897672, 0.11285147673919152], [-0.03304358533484565, 0.9733795804983447, 0.22680457168473214, -0.09178258302427428], [-0.10796843961914396, 0.22212400198680976, -0.9690220553669467, 0.45139818553881667], [0.0, 0.0, 0.0, 1.0]]}, "intrinsic": [[1387.14196777, 0.0, 949.0501709], [0.0, 1385.58874512, 538.76617432], [0.0, 0.0, 1.0]], "distortion": [0.0, 0.0, 0.0, 0.0, 0.0, 0.0, 0.0, 0.0]}