{"objects": [21, 29], "object_poses": {"21": [[0.06853264793366003, -0.007767415056908011, -0.9976186362686621, 0.07839819163962225], [0.8235874111942714, -0.5639030887216152, 0.060967882139249266, 0.04944163004787955], [-0.5630337932038552, -0.8258044404055749, -0.032248626589669815, 0.5499901338938161], [0.0, 0.0, 0.0, 1.0]], "29": [[-0.9916744023800098, 0.03408379329877817, 0.12417799603244804, 0.0750966384686359], [0.06161612581090697, 0.972369345031206, 0.2251695136639241, -0.0677688256670565], [-0.11307224550844777, 0.23094620992334988, -0.9663739004224653, 0.4611187725402944], [0.0, 0.0, 0.0, 1.0]]}, "intrinsic": [[1387.14196777, 0.0, 949.0501709], [0.0, 1385.58874512, 538.76617432], [0.0, 0.0, 1.0]], "distortion": [0.0, 0.0, 0.0, 0.0, 0.0, 0.0, 0.0, 0.0]}