{"objects": [21, 29], "object_poses": {"21": [[0.0736469594863014, -0.0844503356220537, -0.993702302589541, 0.0652938898924689], [0.8208117692479703, -0.5608005297239698, 0.10849334230881137, 0.05445849608892489], [-0.5664310768508755, -0.8236327498798511, 0.02801657550304696, 0.5169140649529486], [0.0, 0.0, 0.0, 1.0]], "29": [[-0.9926199741244376, 0.09428819339749414, 0.07625826876513114, 0.05105138653389327], [0.10906238657197088, 0.9690547475995374, 0.22144591210955614, -0.06223631387102066], [-0.05301870240249783, 0.2281285443355208, -0.9721863938848986, 0.4284449603029906], [0.0, 0.0, 0.0, 1.0]]}, "intrinsic": [[1387.14196777, 0.0, 949.0501709], [0.0, 1385.58874512, 538.76617432], [0.0, 0.0, 1.0]], "distortion": [0.0, 0.0, 0.0, 0.0, 0.0, 0.0, 0.0, 0.0]}