{"objects": [21, 29], "object_poses": {"21": [[0.0695105804923538, -0.09350530346696533, -0.993189326071911, 0.0633113600557759], [0.8202972740525983, -0.5612112866117206, 0.11024642380367287, 0.053535522801596624], [-0.5676976848477499, -0.8223737897107228, 0.037692023232173036, 0.5208272790801239], [0.0, 0.0, 0.0, 1.0]], "29": [[-0.9929014487568814, 0.09820736061961514, 0.06709714879659363, 0.04799833875624851], [0.11075856700090421, 0.9690433586619459, 0.22065246173358682, -0.06319428353903334], [-0.043350350545411434, 0.22651773297760677, -0.9730418612548419, 0.4325834478995178], [0.0, 0.0, 0.0, 1.0]]}, "intrinsic": [[1387.14196777, 0.0, 949.0501709], [0.0, 1385.58874512, 538.76617432], [0.0, 0.0, 1.0]], "distortion": [0.0, 0.0, 0.0, 0.0, 0.0, 0.0, 0.0, 0.0]}