{"objects": [21, 29], "object_poses": {"21": [[0.06176077108337933, -0.08097217497319932, -0.994801042437786, 0.06298620314304743], [0.821825928502305, -0.5614684730868102, 0.09672278413535733, 0.05162634855691933], [-0.566381276523609, -0.8235269641060234, 0.03186830704335339, 0.5271062942082967], [0.0, 0.0, 0.0, 1.0]], "29": [[-0.9940364754830363, 0.08369615714610022, 0.06990306637233777, 0.04978536987063714], [0.09733328296536699, 0.9700213238169088, 0.22267658917741148, -0.06519741985374808], [-0.04917029018080235, 0.22815254681786276, -0.9723829996169565, 0.4386458217569423], [0.0, 0.0, 0.0, 1.0]]}, "intrinsic": [[1387.14196777, 0.0, 949.0501709], [0.0, 1385.58874512, 538.76617432], [0.0, 0.0, 1.0]], "distortion": [0.0, 0.0, 0.0, 0.0, 0.0, 0.0, 0.0, 0.0]}