{"objects": [21, 29], "object_poses": {"21": [[0.07380850478741001, -0.053176420710264315, -0.9958536905095556, 0.0741337264129859], [0.8219612176446266, -0.5622359103030512, 0.09094249751280585, 0.05196316320560668], [-0.564740702720471, -0.8252654418101801, 0.0022111636397367947, 0.5325649020079664], [0.0, 0.0, 0.0, 1.0]], "29": [[-0.992682307365136, 0.07123766361495981, 0.09750400979923363, 0.06424886351911654], [0.09152735703506294, 0.9705766809819919, 0.22271876716650205, -0.0649682906576276], [-0.07876915359722639, 0.23001326400160516, -0.9699944942240213, 0.44381449561976], [0.0, 0.0, 0.0, 1.0]]}, "intrinsic": [[1387.14196777, 0.0, 949.0501709], [0.0, 1385.58874512, 538.76617432], [0.0, 0.0, 1.0]], "distortion": [0.0, 0.0, 0.0, 0.0, 0.0, 0.0, 0.0, 0.0]}