{"objects": [21, 29], "object_poses": {"21": [[-0.0025398868171482955, 0.04178201237963557, -0.9991235221014837, 0.08852174331187573], [0.8215219703934878, -0.5695879541119517, -0.025907811396683977, 0.04134351863682356], [-0.5701712033554123, -0.820867727451918, -0.032878152201266095, 0.5513270921550152], [0.0, 0.0, 0.0, 1.0]], "29": [[-0.9931887493997363, -0.05041661094795452, 0.10504414979582805, 0.09545501445743698], [-0.025447286666331802, 0.9736326087970758, 0.2266979900403402, -0.07647784488098505], [-0.11370375397112617, 0.22248080462712258, -0.9682839190575003, 0.463478551466518], [0.0, 0.0, 0.0, 1.0]]}, "intrinsic": [[1387.14196777, 0.0, 949.0501709], [0.0, 1385.58874512, 538.76617432], [0.0, 0.0, 1.0]], "distortion": [0.0, 0.0, 0.0, 0.0, 0.0, 0.0, 0.0, 0.0]}