{"objects": [21, 29], "object_poses": {"21": [[0.05257320697293403, 0.014860821961038384, -0.9985064916560303, 0.07997926161169056], [0.8245283136478602, -0.5647366684953992, 0.03500793124048742, 0.04860001243107542], [-0.5633729829354612, -0.8251373529463855, -0.04194318622896824, 0.5556540569064018], [0.0, 0.0, 0.0, 1.0]], "29": [[-0.9917996271020032, 0.0065959496096164765, 0.12763225740028802, 0.08058113291445196], [0.0357298392117685, 0.9731560258825743, 0.22735594973157286, -0.06874509074965995], [-0.12270647199820635, 0.23005182619834158, -0.9654114558013966, 0.4669011720997121], [0.0, 0.0, 0.0, 1.0]]}, "intrinsic": [[1387.14196777, 0.0, 949.0501709], [0.0, 1385.58874512, 538.76617432], [0.0, 0.0, 1.0]], "distortion": [0.0, 0.0, 0.0, 0.0, 0.0, 0.0, 0.0, 0.0]}