{"objects": [21, 29], "object_poses": {"21": [[0.0742751116413372, -0.07011870225711718, -0.9947696091982581, 0.06956561368352801], [0.8208949074232731, -0.5620926091340831, 0.10091308004109176, 0.05322429998620282], [-0.5662285393347859, -0.8240966365364103, 0.015810594301793462, 0.5239957485519452], [0.0, 0.0, 0.0, 1.0]], "29": [[-0.9927039422087893, 0.08409656950346768, 0.0864097802386689, 0.05729424023826818], [0.10142517303693677, 0.9699307707931649, 0.2212402181860582, -0.06364717688047725], [-0.06520596136531018, 0.228390163681222, -0.9713836089496781, 0.4354645035599082], [0.0, 0.0, 0.0, 1.0]]}, "intrinsic": [[1387.14196777, 0.0, 949.0501709], [0.0, 1385.58874512, 538.76617432], [0.0, 0.0, 1.0]], "distortion": [0.0, 0.0, 0.0, 0.0, 0.0, 0.0, 0.0, 0.0]}