{"objects": [21, 29], "object_poses": {"21": [[0.019213671246203313, 0.031662119228796796, -0.9993139371805012, 0.07910700504655516], [0.8238314950261635, -0.566830816655499, -0.002119691633418852, 0.04997606176733438], [-0.566509049036466, -0.823225567809704, -0.03697515198339036, 0.5551228435698846], [0.0, 0.0, 0.0, 1.0]], "29": [[-0.9930394173554615, -0.028295223384699433, 0.11433326686469625, 0.08361225999940589], [-0.001447128916811274, 0.9735730863967401, 0.22837108236778314, -0.06759201947013754], [-0.11777360228948287, 0.22661603159870491, -0.9668373973043369, 0.4667782964658269], [0.0, 0.0, 0.0, 1.0]]}, "intrinsic": [[1387.14196777, 0.0, 949.0501709], [0.0, 1385.58874512, 538.76617432], [0.0, 0.0, 1.0]], "distortion": [0.0, 0.0, 0.0, 0.0, 0.0, 0.0, 0.0, 0.0]}