{"objects": [21, 29], "object_poses": {"21": [[0.07221159713707154, -0.031113106286028123, -0.9969039371254172, 0.07532369963350175], [0.8229825888915555, -0.5627994069363911, 0.07717827371355725, 0.05080434766169284], [-0.5634582004197549, -0.8260077494607958, -0.015035099282938322, 0.5414144526797592], [0.0, 0.0, 0.0, 1.0]], "29": [[-0.9923397564265295, 0.05383251827122663, 0.11119293049439909, 0.06859256573328917], [0.07781839843430331, 0.9714353410631039, 0.22418223613556337, -0.06623986354753075], [-0.09594844803577689, 0.23111780137020912, -0.9681830700902269, 0.4525175769759409], [0.0, 0.0, 0.0, 1.0]]}, "intrinsic": [[1387.14196777, 0.0, 949.0501709], [0.0, 1385.58874512, 538.76617432], [0.0, 0.0, 1.0]], "distortion": [0.0, 0.0, 0.0, 0.0, 0.0, 0.0, 0.0, 0.0]}