{"objects": [21, 29], "object_poses": {"21": [[-0.02939582206027145, -0.10536471198460419, -0.9939990760125542, 0.06936500184422598], [0.857659614861146, -0.5133962395679258, 0.02905660396101856, 0.0492929955433703], [-0.513376928466437, -0.8516587219455466, 0.10545876280542452, 0.5265224291482993], [0.0, 0.0, 0.0, 1.0]], "29": [[-0.9990891807362706, 0.040383111320964254, -0.013784529581487534, 0.057019336474990884], [0.03474248272450324, 0.9573956389002048, 0.2866819675337379, -0.06243161686670426], [0.02477435831423898, 0.2859419432942929, -0.9579266340567071, 0.43158821203201647], [0.0, 0.0, 0.0, 1.0]]}, "intrinsic": [[1387.14196777, 0.0, 949.0501709], [0.0, 1385.58874512, 538.76617432], [0.0, 0.0, 1.0]], "distortion": [0.0, 0.0, 0.0, 0.0, 0.0, 0.0, 0.0, 0.0]}