{"objects": [21, 29], "object_poses": {"21": [[0.04744293746725235, -0.07896278951623521, -0.9957479829536702, 0.05927608472734691], [0.8235797554071781, -0.5609869160984415, 0.08372613958506137, 0.05144717820645339], [-0.5652128397054802, -0.8240500942528813, 0.03841728769564623, 0.5313263909019081], [0.0, 0.0, 0.0, 1.0]], "29": [[-0.9955120482825854, 0.07255586905721567, 0.06075695507166652, 0.047025471695887805], [0.08449272499179371, 0.9706141032313929, 0.22532030985197432, -0.0653785294567987], [-0.042623246564400745, 0.22944260387661394, -0.972388477090633, 0.44273188452365775], [0.0, 0.0, 0.0, 1.0]]}, "intrinsic": [[1387.14196777, 0.0, 949.0501709], [0.0, 1385.58874512, 538.76617432], [0.0, 0.0, 1.0]], "distortion": [0.0, 0.0, 0.0, 0.0, 0.0, 0.0, 0.0, 0.0]}