{"objects": [21, 29], "object_poses": {"21": [[-0.06441637235741059, -0.12030928681414604, -0.9906443390433283, 0.07428637264440296], [0.8700814914240647, -0.49289696507448383, 0.0032833065106355, 0.048885064471723], [-0.48868060044735673, -0.8617298052908711, 0.136429518139495, 0.5241445607966502], [0.0, 0.0, 0.0, 1.0]], "29": [[-0.9983633999531306, 0.02791789855524179, -0.04991104661597379, 0.06148868143779296], [0.010990568934429078, 0.9501424629057227, 0.3116223797771182, -0.060534615368013245], [0.056122446744067925, 0.31056382777734554, -0.9488942932949668, 0.4266209082059995], [0.0, 0.0, 0.0, 1.0]]}, "intrinsic": [[1387.14196777, 0.0, 949.0501709], [0.0, 1385.58874512, 538.76617432], [0.0, 0.0, 1.0]], "distortion": [0.0, 0.0, 0.0, 0.0, 0.0, 0.0, 0.0, 0.0]}