{"objects": [21, 29], "object_poses": {"21": [[-0.16806784294485502, -0.17159059862003273, -0.9707264633423217, 0.08816386509357095], [0.8985120670334411, -0.4317356174365456, -0.07924911376149296, 0.04950729647537078], [-0.4054987861426457, -0.8855286687069549, 0.22673709739461825, 0.5161578416914152], [0.0, 0.0, 0.0, 1.0]], "29": [[-0.9867269400988427, -0.0035860536799601933, -0.16234865537538726, 0.07303497901916495], [-0.06589326908040868, 0.9225915404867865, 0.38010909817067595, -0.052626597096622], [0.14841840442845933, 0.38576157097517283, -0.9105822245056677, 0.41133849881499496], [0.0, 0.0, 0.0, 1.0]]}, "intrinsic": [[1387.14196777, 0.0, 949.0501709], [0.0, 1385.58874512, 538.76617432], [0.0, 0.0, 1.0]], "distortion": [0.0, 0.0, 0.0, 0.0, 0.0, 0.0, 0.0, 0.0]}