{"objects": [21, 29], "object_poses": {"21": [[-0.13450240016455653, -0.15492890493336217, -0.978726794752311, 0.0840294468543352], [0.8901153803361361, -0.45291410765981444, -0.05063023574677139, 0.049011779980720094], [-0.435435085907224, -0.877989661384957, 0.19882263568845587, 0.5183717604857238], [0.0, 0.0, 0.0, 1.0]], "29": [[-0.9920367438027339, 0.006547356853126229, -0.12577850000506272, 0.06966471176611086], [-0.039163213421141534, 0.9331071101778747, 0.35745959722748377, -0.05571267522771568], [0.11970522820585859, 0.3595389451140774, -0.9254201236662475, 0.41603040560797394], [0.0, 0.0, 0.0, 1.0]]}, "intrinsic": [[1387.14196777, 0.0, 949.0501709], [0.0, 1385.58874512, 538.76617432], [0.0, 0.0, 1.0]], "distortion": [0.0, 0.0, 0.0, 0.0, 0.0, 0.0, 0.0, 0.0]}