{"objects": [21, 29], "object_poses": {"21": [[-0.19984974091115376, -0.188168978567158, -0.9615885380778755, 0.09217627315170579], [0.9056056446889139, -0.4101516435606504, -0.10795390494130733, 0.05024509579653183], [-0.37408354329657834, -0.8923945678843507, 0.2523755888456473, 0.5142505480891874], [0.0, 0.0, 0.0, 1.0]], "29": [[-0.9801949105532761, -0.012560202563187127, -0.19763648103789594, 0.0762104068596905], [-0.09274258529912287, 0.910897493097933, 0.40207532868847407, -0.049180698301098044], [0.17497642754813306, 0.41244150904035154, -0.8940219524279163, 0.4069802696674677], [0.0, 0.0, 0.0, 1.0]]}, "intrinsic": [[1387.14196777, 0.0, 949.0501709], [0.0, 1385.58874512, 538.76617432], [0.0, 0.0, 1.0]], "distortion": [0.0, 0.0, 0.0, 0.0, 0.0, 0.0, 0.0, 0.0]}