{"objects": [21, 29], "object_poses": {"21": [[0.03540819465555688, -0.08180807110365515, -0.9960189251482842, 0.06093389355701859], [0.8295030804574142, -0.5534507117542445, 0.07494630858411455, 0.05024835222481372], [-0.5573785959856162, -0.8288544800874438, 0.048263356452711965, 0.5312203966963226], [0.0, 0.0, 0.0, 1.0]], "29": [[-0.9965298221086235, 0.06655353875018583, 0.049989400156434625, 0.048848882843782], [0.07651675006503968, 0.9688731987468027, 0.2354355786826461, -0.06579405701985466], [-0.03276431912396731, 0.23844360178032803, -0.9706034968834482, 0.44157988228556133], [0.0, 0.0, 0.0, 1.0]]}, "intrinsic": [[1387.14196777, 0.0, 949.0501709], [0.0, 1385.58874512, 538.76617432], [0.0, 0.0, 1.0]], "distortion": [0.0, 0.0, 0.0, 0.0, 0.0, 0.0, 0.0, 0.0]}