{"objects": [21, 29], "object_poses": {"21": [[-0.10013893697293569, -0.13775329034091885, -0.985391406651281, 0.07924050311476127], [0.880762021739518, -0.47298137521010636, -0.023385460561580432, 0.04889281955446734], [-0.4628503584996444, -0.8702371226881871, 0.16869171862347765, 0.5211612656798821], [0.0, 0.0, 0.0, 1.0]], "29": [[-0.9959440586313509, 0.01686182050787306, -0.08838049041552827, 0.06567301435069112], [-0.01377347259528417, 0.9421326742639002, 0.33495718463264473, -0.05822111632300417], [0.08891413571303854, 0.3348159241934613, -0.9380791935529185, 0.42121208839189334], [0.0, 0.0, 0.0, 1.0]]}, "intrinsic": [[1387.14196777, 0.0, 949.0501709], [0.0, 1385.58874512, 538.76617432], [0.0, 0.0, 1.0]], "distortion": [0.0, 0.0, 0.0, 0.0, 0.0, 0.0, 0.0, 0.0]}