{"objects": [21, 29], "object_poses": {"21": [[-0.22750067948605607, -0.2031568968957777, -0.9523501016312595, 0.09625390749102562], [0.9114332876737051, -0.3887394767573654, -0.13479978238377943, 0.05094295881762524], [-0.3428305747066415, -0.8986706262330465, 0.273602453556663, 0.5130499621883515], [0.0, 0.0, 0.0, 1.0]], "29": [[-0.9732653266519847, -0.01992769295930638, -0.22881759327101905, 0.0794798436684338], [-0.11780928883029534, 0.898511466379975, 0.42284526277234796, -0.04574139180889536], [0.19716890069765922, 0.4384974707304898, -0.8768377231624181, 0.4034229710872742], [0.0, 0.0, 0.0, 1.0]]}, "intrinsic": [[1387.14196777, 0.0, 949.0501709], [0.0, 1385.58874512, 538.76617432], [0.0, 0.0, 1.0]], "distortion": [0.0, 0.0, 0.0, 0.0, 0.0, 0.0, 0.0, 0.0]}