{"objects": [21, 29], "object_poses": {"21": [[0.002345363761797268, -0.09373080599111175, -0.9955948148102675, 0.06447687349953196], [0.8441541689860629, -0.5335511257837631, 0.052220064710156375, 0.04979206021139912], [-0.5360953630206817, -0.8405579885904026, 0.07787187916434331, 0.5286808285953735], [0.0, 0.0, 0.0, 1.0]], "29": [[-0.9984336648680107, 0.053119820533977735, 0.01756421147356364, 0.05227284063198054], [0.055865645737288104, 0.9636182763432166, 0.2613787426775432, -0.06413623810183869], [-0.0030408032830514667, 0.2619505719859679, -0.9650765002587255, 0.43638394632793354], [0.0, 0.0, 0.0, 1.0]]}, "intrinsic": [[1387.14196777, 0.0, 949.0501709], [0.0, 1385.58874512, 538.76617432], [0.0, 0.0, 1.0]], "distortion": [0.0, 0.0, 0.0, 0.0, 0.0, 0.0, 0.0, 0.0]}