{"objects": [21, 29], "object_poses": {"21": [[-0.28367103547541356, -0.23536418492091976, -0.9295883196817969, 0.1037680126663299], [0.919566825727058, -0.34163884695676344, -0.19411272825943066, 0.05290025425010886], [-0.2718962976110046, -0.909882738987048, 0.3133461418924196, 0.5132746868374715], [0.0, 0.0, 0.0, 1.0]], "29": [[-0.9553236791068096, -0.03352114667706751, -0.2936545604333433, 0.08510259119158045], [-0.17342534470866847, 0.868107073811837, 0.4650954291438891, -0.037534530639665], [0.2393330690701286, 0.495243819873923, -0.8351366600300653, 0.39873010261725456], [0.0, 0.0, 0.0, 1.0]]}, "intrinsic": [[1387.14196777, 0.0, 949.0501709], [0.0, 1385.58874512, 538.76617432], [0.0, 0.0, 1.0]], "distortion": [0.0, 0.0, 0.0, 0.0, 0.0, 0.0, 0.0, 0.0]}