{"objects": [21, 29], "object_poses": {"21": [[-0.4929902305879112, -0.24359007370940627, -0.8352391924084569, 0.10516103072565636], [0.8551986681517287, -0.3122040626686656, -0.41371954418989343, 0.05956765275524793], [-0.15998709490577542, -0.9182551384247374, 0.3622314594567758, 0.5228838316180848], [0.0, 0.0, 0.0, 1.0]], "29": [[-0.8715524431612075, -0.16665758196355673, -0.4611090860022226, 0.09503469523632518], [-0.39334820951015037, 0.7991010449233693, 0.45465888980371566, -0.023536632571615854], [0.29270040125511726, 0.5776354995812235, -0.7620129295022876, 0.4018943893475264], [0.0, 0.0, 0.0, 1.0]]}, "intrinsic": [[1387.14196777, 0.0, 949.0501709], [0.0, 1385.58874512, 538.76617432], [0.0, 0.0, 1.0]], "distortion": [0.0, 0.0, 0.0, 0.0, 0.0, 0.0, 0.0, 0.0]}