{"objects": [21, 29], "object_poses": {"21": [[-0.33899368606540886, -0.2685639306558215, -0.9016411126154853, 0.10878047329916274], [0.9199446928744506, -0.29525084879578484, -0.25793157685228263, 0.0564674456586113], [-0.19693918568919255, -0.9168971324178473, 0.3471521362515505, 0.5153859537093577], [0.0, 0.0, 0.0, 1.0]], "29": [[-0.932240094457552, -0.04571778022495657, -0.3589405115852661, 0.08804051386992318], [-0.23394000926853215, 0.8329285534252667, 0.501499847410087, -0.027450390617242817], [0.2760443412737009, 0.551488811727133, -0.7871846112511205, 0.3963273089634825], [0.0, 0.0, 0.0, 1.0]]}, "intrinsic": [[1387.14196777, 0.0, 949.0501709], [0.0, 1385.58874512, 538.76617432], [0.0, 0.0, 1.0]], "distortion": [0.0, 0.0, 0.0, 0.0, 0.0, 0.0, 0.0, 0.0]}