{"objects": [21, 29], "object_poses": {"21": [[-0.36904148210454657, -0.2705151933599861, -0.8891737257968755, 0.10826909833854244], [0.9119655488484194, -0.2899009103686406, -0.29030380617731827, 0.05758394062207911], [-0.17924068232319088, -0.9180299517602086, 0.35368599841027837, 0.5171152386742366], [0.0, 0.0, 0.0, 1.0]], "29": [[-0.9213387352062695, -0.06427914259272709, -0.38340986794300297, 0.08864850307594396], [-0.2662216612445172, 0.8230249806084612, 0.5017528359448111, -0.025182786978737718], [0.2833036570408848, 0.5643563352368751, -0.7753972948013679, 0.3970652028772176], [0.0, 0.0, 0.0, 1.0]]}, "intrinsic": [[1387.14196777, 0.0, 949.0501709], [0.0, 1385.58874512, 538.76617432], [0.0, 0.0, 1.0]], "distortion": [0.0, 0.0, 0.0, 0.0, 0.0, 0.0, 0.0, 0.0]}