{"objects": [21, 29], "object_poses": {"21": [[-0.5639957641655812, -0.27670531077917887, -0.7780378840325752, 0.08370439715691733], [0.8139139308303082, -0.3454064304944507, -0.4671600485630628, 0.0686546067186108], [-0.1394736218918869, -0.8967321611048018, 0.4200220708923286, 0.5406948515108927], [0.0, 0.0, 0.0, 1.0]], "29": [[-0.8200336587281155, -0.1889517261149256, -0.5402240680969194, 0.07221918888532962], [-0.4507331957615202, 0.7949043965164414, 0.4061607891432267, -0.017100177034870392], [0.3526817046454291, 0.5765624385936292, -0.7370151759708733, 0.4216926788188617], [0.0, 0.0, 0.0, 1.0]]}, "intrinsic": [[1387.14196777, 0.0, 949.0501709], [0.0, 1385.58874512, 538.76617432], [0.0, 0.0, 1.0]], "distortion": [0.0, 0.0, 0.0, 0.0, 0.0, 0.0, 0.0, 0.0]}