{"objects": [21, 29], "object_poses": {"21": [[-0.25455851337725316, -0.21789780075830126, -0.9421892122561514, 0.10053595245160608], [0.916846018045199, -0.3642380170473373, -0.16347490979379545, 0.05168144089196065], [-0.3075603070323405, -0.905456357513783, 0.29249861910110536, 0.5130872357155638], [0.0, 0.0, 0.0, 1.0]], "29": [[-0.9653723857561973, -0.02706211146656901, -0.25946830045763714, 0.08295953162616136], [-0.1445135852067568, 0.8835296016661528, 0.445523587108862, -0.041809285030716854], [0.2171911151730079, 0.467592862544576, -0.8568459221979693, 0.40084703058170934], [0.0, 0.0, 0.0, 1.0]]}, "intrinsic": [[1387.14196777, 0.0, 949.0501709], [0.0, 1385.58874512, 538.76617432], [0.0, 0.0, 1.0]], "distortion": [0.0, 0.0, 0.0, 0.0, 0.0, 0.0, 0.0, 0.0]}