{"objects": [21, 29], "object_poses": {"21": [[-0.31290760465085726, -0.25291641773549944, -0.9154900963918253, 0.1064282790345806], [0.9203610050940942, -0.3188001568426753, -0.22649962538440932, 0.05452575815943426], [-0.2345729124469698, -0.9134548405022198, 0.332529401871803, 0.5140113398856907], [0.0, 0.0, 0.0, 1.0]], "29": [[-0.9437940154144004, -0.03997351245571407, -0.3281081754085548, 0.08666619877334217], [-0.20415403811145935, 0.8511793929479565, 0.48354396878002937, -0.0327279292121794], [0.25994996670660514, 0.5233505128713558, -0.8114987710936707, 0.39720567103833926], [0.0, 0.0, 0.0, 1.0]]}, "intrinsic": [[1387.14196777, 0.0, 949.0501709], [0.0, 1385.58874512, 538.76617432], [0.0, 0.0, 1.0]], "distortion": [0.0, 0.0, 0.0, 0.0, 0.0, 0.0, 0.0, 0.0]}