{"objects": [21, 29], "object_poses": {"21": [[-0.5185957661598968, -0.2581724312087368, -0.81511068394716, 0.10377115860123882], [0.8412196920922506, -0.3246490025652218, -0.4323799888635343, 0.060496296393079727], [-0.1529962775927942, -0.9099175901680243, 0.3855413313064806, 0.5246173660876782], [0.0, 0.0, 0.0, 1.0]], "29": [[-0.8536466451731093, -0.17275386703132273, -0.4913690126681111, 0.09278689913224943], [-0.413422169958909, 0.7985590991154936, 0.43747625604863105, -0.023672670460602667], [0.316811481122734, 0.5765929817866199, -0.753107574509279, 0.40444149033146126], [0.0, 0.0, 0.0, 1.0]]}, "intrinsic": [[1387.14196777, 0.0, 949.0501709], [0.0, 1385.58874512, 538.76617432], [0.0, 0.0, 1.0]], "distortion": [0.0, 0.0, 0.0, 0.0, 0.0, 0.0, 0.0, 0.0]}