{"objects": [21, 29], "object_poses": {"21": [[-0.40165997703945805, -0.2542212904094615, -0.8797958844795866, 0.10852516824071015], [0.8968336406561022, -0.3036428833200167, -0.321699270121385, 0.05810252506397358], [-0.18536095552242357, -0.9182442675626474, 0.3499553989527242, 0.5191637564162502], [0.0, 0.0, 0.0, 1.0]], "29": [[-0.9124259254238843, -0.09811474178187767, -0.39730646616869797, 0.09269249985115281], [-0.29912840466113716, 0.8224387515706425, 0.4838560709961332, -0.025843406036726746], [0.2792868205613519, 0.5603284727372049, -0.7797633451892549, 0.39937345082195413], [0.0, 0.0, 0.0, 1.0]]}, "intrinsic": [[1387.14196777, 0.0, 949.0501709], [0.0, 1385.58874512, 538.76617432], [0.0, 0.0, 1.0]], "distortion": [0.0, 0.0, 0.0, 0.0, 0.0, 0.0, 0.0, 0.0]}