{"objects": [21, 29], "object_poses": {"21": [[-0.44655154604992064, -0.2476070009025658, -0.8598153812444098, 0.10667639280102556], [0.8777237384843768, -0.30783649727355733, -0.36720257331255235, 0.05891139760175257], [-0.17376062736257974, -0.9186552476584411, 0.3547954062952056, 0.5211729997624415], [0.0, 0.0, 0.0, 1.0]], "29": [[-0.8941574056258361, -0.1328665484593829, -0.42758509593410676, 0.09384419625352716], [-0.3456480550638025, 0.8118640723142807, 0.47053602424882596, -0.024681857754332934], [0.2846224797782182, 0.5685272274797158, -0.7718593366793847, 0.4007785960643846], [0.0, 0.0, 0.0, 1.0]]}, "intrinsic": [[1387.14196777, 0.0, 949.0501709], [0.0, 1385.58874512, 538.76617432], [0.0, 0.0, 1.0]], "distortion": [0.0, 0.0, 0.0, 0.0, 0.0, 0.0, 0.0, 0.0]}