{"objects": [21, 29], "object_poses": {"21": [[-0.833573941507345, -0.3282702980072548, -0.4442894276101341, 0.05554489563347706], [0.5406811532374621, -0.3199985701912581, -0.7779876641755735, 0.08006574745332623], [0.1132182607785479, -0.8887291637623839, 0.44423203273121165, 0.5841843864519539], [0.0, 0.0, 0.0, 1.0]], "29": [[-0.5033229998818645, -0.32634074348355874, -0.800104791219581, 0.04913173764735233], [-0.7715456773138868, 0.5866543514886974, 0.2460771011241053, 0.010928160665765352], [0.38907997328080723, 0.7411736578036106, -0.5470634180511782, 0.4544686374123345], [0.0, 0.0, 0.0, 1.0]]}, "intrinsic": [[1387.14196777, 0.0, 949.0501709], [0.0, 1385.58874512, 538.76617432], [0.0, 0.0, 1.0]], "distortion": [0.0, 0.0, 0.0, 0.0, 0.0, 0.0, 0.0, 0.0]}