{"objects": [21, 29], "object_poses": {"21": [[-0.8153811139687006, -0.31238905127452343, -0.4874081653265235, 0.05711016964013408], [0.574598617871115, -0.3339627346745796, -0.7471983138292586, 0.08037697595433095], [0.07064040857588041, -0.889315451621351, 0.4518052237234042, 0.5827900716008817], [0.0, 0.0, 0.0, 1.0]], "29": [[-0.544401668991111, -0.32660447979934526, -0.7726294950198982, 0.05210515766971371], [-0.7402083365566067, 0.6203582518999556, 0.25932076236148915, 0.007676176085845213], [0.3946117602046494, 0.7130814491168874, -0.5794794264109503, 0.45497436988653683], [0.0, 0.0, 0.0, 1.0]]}, "intrinsic": [[1387.14196777, 0.0, 949.0501709], [0.0, 1385.58874512, 538.76617432], [0.0, 0.0, 1.0]], "distortion": [0.0, 0.0, 0.0, 0.0, 0.0, 0.0, 0.0, 0.0]}