{"objects": [21, 29], "object_poses": {"21": [[-0.7126529650740618, -0.28697695828117586, -0.6401327805907442, 0.059434524765542354], [0.6992495835541873, -0.36389285737421057, -0.6153308120444916, 0.08121961741131009], [-0.05635398185084937, -0.8861299079523978, 0.4599978423447652, 0.5749728468769869], [0.0, 0.0, 0.0, 1.0]], "29": [[-0.6901675805301762, -0.27896519132156566, -0.6677178541989558, 0.053325798244351824], [-0.6049695008186516, 0.7287443906244903, 0.3208481201637028, -0.0016107587363236447], [0.39709018354068176, 0.6253879077534779, -0.6717211854418255, 0.4535268823552999], [0.0, 0.0, 0.0, 1.0]]}, "intrinsic": [[1387.14196777, 0.0, 949.0501709], [0.0, 1385.58874512, 538.76617432], [0.0, 0.0, 1.0]], "distortion": [0.0, 0.0, 0.0, 0.0, 0.0, 0.0, 0.0, 0.0]}