{"objects": [21, 29], "object_poses": {"21": [[-0.6163967738282317, -0.2822274312493511, -0.7351208705135137, 0.06573311725000526], [0.7786509452548441, -0.35751998520951894, -0.5156376301527341, 0.078474463171202], [-0.11729331893968946, -0.8902399323924904, 0.44013082158142036, 0.568473374115498], [0.0, 0.0, 0.0, 1.0]], "29": [[-0.780057792608431, -0.2193768980279763, -0.5859894340365687, 0.055883443407131986], [-0.5014929818299055, 0.779258685020536, 0.3758466322789453, -0.007274932440005299], [0.3741852874796518, 0.5870516829306411, -0.7178827844447087, 0.4493208033141355], [0.0, 0.0, 0.0, 1.0]]}, "intrinsic": [[1387.14196777, 0.0, 949.0501709], [0.0, 1385.58874512, 538.76617432], [0.0, 0.0, 1.0]], "distortion": [0.0, 0.0, 0.0, 0.0, 0.0, 0.0, 0.0, 0.0]}