{"objects": [21, 29], "object_poses": {"21": [[-0.7726071412867856, -0.2868895372487935, -0.5663679004409042, 0.05757231298750891], [0.6348171452102699, -0.3620709534866826, -0.6825773339251265, 0.08150651048979937], [-0.009241070270593362, -0.8869041763676756, 0.46186100134330293, 0.5785935376905472], [0.0, 0.0, 0.0, 1.0]], "29": [[-0.6194238860476016, -0.31807171812539003, -0.7177356278759345, 0.05420418424797649], [-0.6748670638533665, 0.6828264207403676, 0.27982588383644047, 0.002007038424356365], [0.401084150172556, 0.6577069721902531, -0.6376151215370474, 0.45483651889491766], [0.0, 0.0, 0.0, 1.0]]}, "intrinsic": [[1387.14196777, 0.0, 949.0501709], [0.0, 1385.58874512, 538.76617432], [0.0, 0.0, 1.0]], "distortion": [0.0, 0.0, 0.0, 0.0, 0.0, 0.0, 0.0, 0.0]}