{"objects": [21, 29], "object_poses": {"21": [[-0.5882852241459295, -0.27551610986536373, -0.7602705888407344, 0.0736556261966735], [0.7979053509539654, -0.3505476358214441, -0.4903706821772996, 0.07434824107171568], [-0.1314060347571808, -0.8951017976882077, 0.42605777284864016, 0.5540840647661252], [0.0, 0.0, 0.0, 1.0]], "29": [[-0.8033740194662471, -0.2058641841504946, -0.5587576599302343, 0.06345364507552055], [-0.4749521951961481, 0.787515432403779, 0.3927338233514636, -0.011352955415827436], [0.35918045203633225, 0.5808953274127366, -0.7304450844964606, 0.4349264609261719], [0.0, 0.0, 0.0, 1.0]]}, "intrinsic": [[1387.14196777, 0.0, 949.0501709], [0.0, 1385.58874512, 538.76617432], [0.0, 0.0, 1.0]], "distortion": [0.0, 0.0, 0.0, 0.0, 0.0, 0.0, 0.0, 0.0]}