{"objects": [21, 29], "object_poses": {"21": [[-0.5383896686989036, -0.2636883764918189, -0.8003780386426155, 0.09385349329789243], [0.8291095546614956, -0.3356147868850849, -0.44714657685495046, 0.06355545652658628], [-0.15071134996178567, -0.9043401765526042, 0.3993180863240606, 0.531637628114197], [0.0, 0.0, 0.0, 1.0]], "29": [[-0.840247652461358, -0.18173718196007743, -0.5108380166220999, 0.08300997011944108], [-0.4294301418192251, 0.7982510313270317, 0.4223565369240306, -0.021562989171112802], [0.33101908680665953, 0.5742533305768022, -0.7487719789703339, 0.4121195196194661], [0.0, 0.0, 0.0, 1.0]]}, "intrinsic": [[1387.14196777, 0.0, 949.0501709], [0.0, 1385.58874512, 538.76617432], [0.0, 0.0, 1.0]], "distortion": [0.0, 0.0, 0.0, 0.0, 0.0, 0.0, 0.0, 0.0]}