{"objects": [21, 29], "object_poses": {"21": [[-0.6786448967843964, -0.2882407316231452, -0.6755430294969043, 0.06085057469163831], [0.7302321272681287, -0.36342147282109977, -0.5785204174426439, 0.08090775278741848], [-0.07875369435119622, -0.8859131524737087, 0.4571167705304016, 0.5736688339479212], [0.0, 0.0, 0.0, 1.0]], "29": [[-0.7239657718893382, -0.2557702781639194, -0.6406677188220419, 0.053011550088040926], [-0.5668096596664559, 0.7499078138479356, 0.3411232628224234, -0.0033407281077565618], [0.3931925366045099, 0.6100982179434483, -0.6878806536171489, 0.45330250472254535], [0.0, 0.0, 0.0, 1.0]]}, "intrinsic": [[1387.14196777, 0.0, 949.0501709], [0.0, 1385.58874512, 538.76617432], [0.0, 0.0, 1.0]], "distortion": [0.0, 0.0, 0.0, 0.0, 0.0, 0.0, 0.0, 0.0]}