{"objects": [21, 29], "object_poses": {"21": [[-0.7431346195488532, -0.28690774086708026, -0.6045121053035534, 0.05830514153538734], [0.6683055077731789, -0.3633919913754679, -0.6490870580162655, 0.08139211111345972], [-0.03344675631532765, -0.8863578334029253, 0.4617911927021399, 0.5765933171887908], [0.0, 0.0, 0.0, 1.0]], "29": [[-0.6560750983053648, -0.29889945510520616, -0.6929823815375317, 0.05359509123402316], [-0.640018944654054, 0.7069425381545801, 0.3010116247447618, 0.00011066978790902349], [0.39992651308400967, 0.6410080837909774, -0.6551087090301123, 0.454043520072387], [0.0, 0.0, 0.0, 1.0]]}, "intrinsic": [[1387.14196777, 0.0, 949.0501709], [0.0, 1385.58874512, 538.76617432], [0.0, 0.0, 1.0]], "distortion": [0.0, 0.0, 0.0, 0.0, 0.0, 0.0, 0.0, 0.0]}