{"objects": [21, 29], "object_poses": {"21": [[-0.6430368924329593, -0.2895381121313343, -0.7089931146305944, 0.06262901816232355], [0.7591469638921657, -0.3630730218177169, -0.5402535220074586, 0.08050076090309435], [-0.10099228774253982, -0.8856329163099024, 0.45327132643148244, 0.5727241050913788], [0.0, 0.0, 0.0, 1.0]], "29": [[-0.7557381527868373, -0.23143858823538593, -0.6126140908418313, 0.05297832158684901], [-0.527302295722581, 0.7697962469033184, 0.35967489094913296, -0.005087805187846472], [0.38834537894515014, 0.594852854182601, -0.7038024925522621, 0.45343969093270997], [0.0, 0.0, 0.0, 1.0]]}, "intrinsic": [[1387.14196777, 0.0, 949.0501709], [0.0, 1385.58874512, 538.76617432], [0.0, 0.0, 1.0]], "distortion": [0.0, 0.0, 0.0, 0.0, 0.0, 0.0, 0.0, 0.0]}