{"objects": [21, 29], "object_poses": {"21": [[-0.8282805798819471, -0.4014879434336199, -0.39084359054213913, 0.04363510953391647], [0.5223616315222342, -0.30094588185388005, -0.7978533086405213, 0.08066862949769586], [0.2027057150251502, -0.8650080967671003, 0.45898952670350973, 0.5816439421113577], [0.0, 0.0, 0.0, 1.0]], "29": [[-0.45466355055031965, -0.26769444898288275, -0.8494826294779301, 0.02670722498553524], [-0.790933162445529, 0.5598828355904665, 0.24689257371396386, 0.015064624396672291], [0.40951897189862746, 0.7841370367448153, -0.46628673502488555, 0.45104198465859363], [0.0, 0.0, 0.0, 1.0]]}, "intrinsic": [[1387.14196777, 0.0, 949.0501709], [0.0, 1385.58874512, 538.76617432], [0.0, 0.0, 1.0]], "distortion": [0.0, 0.0, 0.0, 0.0, 0.0, 0.0, 0.0, 0.0]}