{"objects": [21, 29], "object_poses": {"21": [[-0.8253864550681359, -0.411447167598362, -0.38658560250654, 0.027200485890472276], [0.5277368640076244, -0.3190117916435659, -0.7872263201645174, 0.08309642099494555], [0.2005766740113522, -0.8537814152742232, 0.4804438497627985, 0.5783123538470184], [0.0, 0.0, 0.0, 1.0]], "29": [[-0.45094574387069075, -0.2583074888419696, -0.8543565867324225, 0.008743757920321754], [-0.7812897691193775, 0.5770467968770101, 0.23791446127418273, 0.014710393768957206], [0.43154864471379933, 0.7747865741106699, -0.4620297953850496, 0.4493549557499945], [0.0, 0.0, 0.0, 1.0]]}, "intrinsic": [[1387.14196777, 0.0, 949.0501709], [0.0, 1385.58874512, 538.76617432], [0.0, 0.0, 1.0]], "distortion": [0.0, 0.0, 0.0, 0.0, 0.0, 0.0, 0.0, 0.0]}