{"objects": [21, 29], "object_poses": {"21": [[-0.821922713218041, -0.5168472959279435, -0.23939909395874748, 0.0030290113295980414], [0.42747795224866314, -0.28195190744598086, -0.8589328973958734, 0.08320987963886217], [0.37643811422010026, -0.8083142919555198, 0.4526835004535405, 0.5835435311924444], [0.0, 0.0, 0.0, 1.0]], "29": [[-0.31107321268061106, -0.17542848977196507, -0.9340547635598784, -0.030439247807555136], [-0.8549593636885978, 0.4808816320975365, 0.19441538609999562, 0.024749129204458917], [0.4150637815972007, 0.8590562850521185, -0.299573624203967, 0.45274014308629934], [0.0, 0.0, 0.0, 1.0]]}, "intrinsic": [[1387.14196777, 0.0, 949.0501709], [0.0, 1385.58874512, 538.76617432], [0.0, 0.0, 1.0]], "distortion": [0.0, 0.0, 0.0, 0.0, 0.0, 0.0, 0.0, 0.0]}