{"objects": [21, 29], "object_poses": {"21": [[-0.8274600448748254, -0.4628107328050027, -0.3179875779590312, 0.004263395116824331], [0.4843056984918641, -0.3016174633709487, -0.821264206085952, 0.08418367355686696], [0.28417928239768164, -0.8335665128771541, 0.4737182749966165, 0.5819449610079727], [0.0, 0.0, 0.0, 1.0]], "29": [[-0.386076404294052, -0.22050674155585545, -0.8957241690251551, -0.02132991660922523], [-0.8160793340104772, 0.5343450151029909, 0.2202042811473301, 0.02028710721046678], [0.4300692161134169, 0.8159976603906492, -0.38624899687713593, 0.45190834595242235], [0.0, 0.0, 0.0, 1.0]]}, "intrinsic": [[1387.14196777, 0.0, 949.0501709], [0.0, 1385.58874512, 538.76617432], [0.0, 0.0, 1.0]], "distortion": [0.0, 0.0, 0.0, 0.0, 0.0, 0.0, 0.0, 0.0]}