{"objects": [21, 29], "object_poses": {"21": [[-0.7933644461662255, -0.30408863814969855, -0.5273546773354953, 0.058207922250954405], [0.6076132237537928, -0.3427265087915477, -0.7164807816620675, 0.080274281901232], [0.03713523769796238, -0.8888580540895307, 0.45667530456693095, 0.581600620763199], [0.0, 0.0, 0.0, 1.0]], "29": [[-0.5826437795867744, -0.31863314476751553, -0.7476624540288309, 0.053371658420985485], [-0.7086395574432297, 0.6496084590421212, 0.27538850296916173, 0.004778036392427944], [0.39793994991144077, 0.6902765887646013, -0.6042863785226352, 0.4554093472245212], [0.0, 0.0, 0.0, 1.0]]}, "intrinsic": [[1387.14196777, 0.0, 949.0501709], [0.0, 1385.58874512, 538.76617432], [0.0, 0.0, 1.0]], "distortion": [0.0, 0.0, 0.0, 0.0, 0.0, 0.0, 0.0, 0.0]}