{"objects": [21, 29], "object_poses": {"21": [[-0.8267738522367973, -0.4883558598514985, -0.27920163216971533, 0.003723332458456352], [0.458527652479145, -0.29752088566175855, -0.8373969874002504, 0.08409188039635926], [0.32587940893755935, -0.8203596020915184, 0.4699071547516195, 0.582682734989907], [0.0, 0.0, 0.0, 1.0]], "29": [[-0.3490804430226052, -0.20046757666247955, -0.9153991451854346, -0.025504133045464422], [-0.8330847267970024, 0.5136765632690683, 0.2051980173531307, 0.02198714171923921], [0.4290835376435728, 0.8342356615820027, -0.346320918611814, 0.45254409067110446], [0.0, 0.0, 0.0, 1.0]]}, "intrinsic": [[1387.14196777, 0.0, 949.0501709], [0.0, 1385.58874512, 538.76617432], [0.0, 0.0, 1.0]], "distortion": [0.0, 0.0, 0.0, 0.0, 0.0, 0.0, 0.0, 0.0]}