{"objects": [21, 29], "object_poses": {"21": [[-0.8364499728673641, -0.3816685199873234, -0.3932945254397467, 0.053924216417960885], [0.5136645293685639, -0.29580897687041635, -0.8053854980513722, 0.07911787554310634], [0.19105023988145228, -0.8756861253060777, 0.4434789913712689, 0.5854801395004018], [0.0, 0.0, 0.0, 1.0]], "29": [[-0.4561712081730825, -0.2878898365935208, -0.8420375709076626, 0.04014547220538092], [-0.79850383042232, 0.5500964470659562, 0.24451080083772828, 0.01464430049935686], [0.3928097015538323, 0.7839090131587836, -0.4808192981293773, 0.4539483396188737], [0.0, 0.0, 0.0, 1.0]]}, "intrinsic": [[1387.14196777, 0.0, 949.0501709], [0.0, 1385.58874512, 538.76617432], [0.0, 0.0, 1.0]], "distortion": [0.0, 0.0, 0.0, 0.0, 0.0, 0.0, 0.0, 0.0]}