{"objects": [21, 29], "object_poses": {"21": [[-0.8447119846774492, -0.35012975356859716, -0.4048096078507556, 0.05509245570916467], [0.5122505154004359, -0.3096750192292579, -0.801062289673752, 0.07972552257964953], [0.15511631898119507, -0.8840308468211732, 0.4409403468207167, 0.5847698114703344], [0.0, 0.0, 0.0, 1.0]], "29": [[-0.46594017095748075, -0.316973358084526, -0.8260917911181204, 0.04611110137513329], [-0.795180270810917, 0.5594729281819462, 0.23383408550638649, 0.013379278051648014], [0.38805681800634334, 0.7658445879525089, -0.512731872524675, 0.45375522769269044], [0.0, 0.0, 0.0, 1.0]]}, "intrinsic": [[1387.14196777, 0.0, 949.0501709], [0.0, 1385.58874512, 538.76617432], [0.0, 0.0, 1.0]], "distortion": [0.0, 0.0, 0.0, 0.0, 0.0, 0.0, 0.0, 0.0]}