{"objects": [21, 29], "object_poses": {"21": [[-0.8260745248615333, -0.41493558631273947, -0.3813519877830703, 0.01026611632374591], [0.5260245466716544, -0.3248777430106707, -0.7859724094363493, 0.08441670818087321], [0.20223514945151028, -0.8498722911753296, 0.4866395308837247, 0.5798000292241889], [0.0, 0.0, 0.0, 1.0]], "29": [[-0.44599267267279935, -0.25609832359911616, -0.8576154059786394, -0.008650300276168088], [-0.7805086144418019, 0.5802532513315227, 0.23262086557604378, 0.01529107976066614], [0.4380603140029125, 0.7731234138020457, -0.45867564610163997, 0.45130440000046007], [0.0, 0.0, 0.0, 1.0]]}, "intrinsic": [[1387.14196777, 0.0, 949.0501709], [0.0, 1385.58874512, 538.76617432], [0.0, 0.0, 1.0]], "distortion": [0.0, 0.0, 0.0, 0.0, 0.0, 0.0, 0.0, 0.0]}