{"objects": [21, 29], "object_poses": {"21": [[-0.8272535183135145, -0.4328744961689243, -0.35814981083956354, 0.004112615064632702], [0.5129378558529089, -0.3218194085572184, -0.795818461905044, 0.08520120717155545], [0.22922995543980504, -0.842052218595967, 0.48826395390883126, 0.5807694749031515], [0.0, 0.0, 0.0, 1.0]], "29": [[-0.4241113935110723, -0.24321588936246383, -0.8723391296140124, -0.01727428508919507], [-0.7907273101239135, 0.5690075013660333, 0.22578924778074852, 0.017123396256210954], [0.4414519757780164, 0.7855421659916288, -0.4336400102975767, 0.4521019878916424], [0.0, 0.0, 0.0, 1.0]]}, "intrinsic": [[1387.14196777, 0.0, 949.0501709], [0.0, 1385.58874512, 538.76617432], [0.0, 0.0, 1.0]], "distortion": [0.0, 0.0, 0.0, 0.0, 0.0, 0.0, 0.0, 0.0]}