{"objects": [21, 29], "object_poses": {"21": [[-0.8135285341183467, -0.5467278957961277, -0.1981411924199414, 0.0025268480207196187], [0.3978594520476257, -0.27478218754057643, -0.8753299982445403, 0.08312720079216257], [0.4241216577724129, -0.7909382765859558, 0.4410640112723181, 0.5853825195686914], [0.0, 0.0, 0.0, 1.0]], "29": [[-0.27154297966081203, -0.1469514866112883, -0.9511412464926913, -0.03554298143508133], [-0.8722027380927377, 0.4553513328938425, 0.17865482723773846, 0.027066709664201036], [0.4068498419078924, 0.8781004636227814, -0.2518189467156801, 0.4547868861395065], [0.0, 0.0, 0.0, 1.0]]}, "intrinsic": [[1387.14196777, 0.0, 949.0501709], [0.0, 1385.58874512, 538.76617432], [0.0, 0.0, 1.0]], "distortion": [0.0, 0.0, 0.0, 0.0, 0.0, 0.0, 0.0, 0.0]}