{"objects": [21, 29], "object_poses": {"21": [[-0.6734690545585734, -0.7383788718849341, 0.03515784558129465, -0.0034772225709335247], [0.2755520163189328, -0.29489326573734237, -0.914936636125882, 0.08236341570731812], [0.6859376931285773, -0.6064936960733438, 0.40206327582701196, 0.5912704944249324], [0.0, 0.0, 0.0, 1.0]], "29": [[-0.04521742442182155, 0.09317625949206532, -0.994622324903144, -0.07505848740845605], [-0.9186942250557729, 0.3871836165214955, 0.07803696525700533, 0.029250685312901245], [0.3923726613537799, 0.9172824165786748, 0.06809304559022746, 0.47421294257379154], [0.0, 0.0, 0.0, 1.0]]}, "intrinsic": [[1387.14196777, 0.0, 949.0501709], [0.0, 1385.58874512, 538.76617432], [0.0, 0.0, 1.0]], "distortion": [0.0, 0.0, 0.0, 0.0, 0.0, 0.0, 0.0, 0.0]}