{"objects": [21, 29], "object_poses": {"21": [[-0.8012241513422783, -0.5778855930819992, -0.15520341688930456, 0.0019202096892762532], [0.36569800775561295, -0.2676192616084788, -0.8914285714176525, 0.08286372506781853], [0.4736083048568974, -0.7709916809696499, 0.42575462586586, 0.5857490567155422], [0.0, 0.0, 0.0, 1.0]], "29": [[-0.23024148304105022, -0.1148682633078667, -0.9663302445705103, -0.0411137082198712], [-0.8892671297550903, 0.42811963168944356, 0.16098929436224338, 0.029321061714715144], [0.3952123877413502, 0.8963921368724402, -0.20071946973090468, 0.45563919866659564], [0.0, 0.0, 0.0, 1.0]]}, "intrinsic": [[1387.14196777, 0.0, 949.0501709], [0.0, 1385.58874512, 538.76617432], [0.0, 0.0, 1.0]], "distortion": [0.0, 0.0, 0.0, 0.0, 0.0, 0.0, 0.0, 0.0]}