{"objects": [21, 29], "object_poses": {"21": [[-0.7460845741972133, -0.6645543067108026, -0.04153771270895195, -0.0003853633427770564], [0.2979435094800843, -0.2774055443643309, -0.9133870094952244, 0.08257980122949807], [0.5954724790480718, -0.6938398499567906, 0.4049676398285302, 0.5886597816676014], [0.0, 0.0, 0.0, 1.0]], "29": [[-0.12013694035630447, -0.0116503451271638, -0.9926889669076886, -0.05819888745147078], [-0.9149496452012709, 0.38935505312181423, 0.1061592641015963, 0.03085910832213945], [0.38527167337855556, 0.9210140672470413, -0.057435403934893714, 0.4636402775636886], [0.0, 0.0, 0.0, 1.0]]}, "intrinsic": [[1387.14196777, 0.0, 949.0501709], [0.0, 1385.58874512, 538.76617432], [0.0, 0.0, 1.0]], "distortion": [0.0, 0.0, 0.0, 0.0, 0.0, 0.0, 0.0, 0.0]}