{"objects": [21, 29], "object_poses": {"21": [[-0.6174785459171305, -0.7808172302684507, 0.09510361847993493, -0.005463524433179323], [0.25657027296686274, -0.3142262870999856, -0.9140205334263971, 0.0822107334977153], [0.743567038243209, -0.5399873085649987, 0.3943624807546453, 0.5931739012908581], [0.0, 0.0, 0.0, 1.0]], "29": [[0.014317055382481968, 0.16330934025731889, -0.9864710240599598, -0.08564052651792609], [-0.9199452021885027, 0.3887156144396842, 0.050999961383788664, 0.027286783680748924], [0.3917854602911495, 0.9067691164102957, 0.15580090702225488, 0.48270979796186747], [0.0, 0.0, 0.0, 1.0]]}, "intrinsic": [[1387.14196777, 0.0, 949.0501709], [0.0, 1385.58874512, 538.76617432], [0.0, 0.0, 1.0]], "distortion": [0.0, 0.0, 0.0, 0.0, 0.0, 0.0, 0.0, 0.0]}