{"objects": [21, 29], "object_poses": {"21": [[-0.6993397821503767, -0.71478380798928, 0.002824347395922144, -0.002183306271897445], [0.28689027260530703, -0.28430624619597117, -0.9148026726340592, 0.08236652975129513], [0.6546891175102264, -0.6389476239961366, 0.40389118980658706, 0.5905510214968555], [0.0, 0.0, 0.0, 1.0]], "29": [[-0.07708124515612952, 0.05774121960762047, -0.9953514119161214, -0.06923217268127341], [-0.9173317992261856, 0.3869911817587544, 0.09348901202508712, 0.03020093351035394], [0.3905903887369073, 0.9202737510106423, 0.023138094717763638, 0.4704239632080718], [0.0, 0.0, 0.0, 1.0]]}, "intrinsic": [[1387.14196777, 0.0, 949.0501709], [0.0, 1385.58874512, 538.76617432], [0.0, 0.0, 1.0]], "distortion": [0.0, 0.0, 0.0, 0.0, 0.0, 0.0, 0.0, 0.0]}