{"objects": [21, 29], "object_poses": {"21": [[-0.7855368332317072, -0.608155954596243, -0.11436003902341471, 0.001229671152869538], [0.3346740421155147, -0.2620793056835559, -0.9051561871116477, 0.08261166882060735], [0.520504725406375, -0.749306861320224, 0.40940695940357064, 0.5870151611457642], [0.0, 0.0, 0.0, 1.0]], "29": [[-0.19081151688377754, -0.08120122234672995, -0.9782624016663009, -0.04680053250663485], [-0.9040231732810025, 0.40289575704985653, 0.14288845692421617, 0.03130492680836318], [0.3825350535512737, 0.9116366438667489, -0.15028493724890907, 0.4577556245088584], [0.0, 0.0, 0.0, 1.0]]}, "intrinsic": [[1387.14196777, 0.0, 949.0501709], [0.0, 1385.58874512, 538.76617432], [0.0, 0.0, 1.0]], "distortion": [0.0, 0.0, 0.0, 0.0, 0.0, 0.0, 0.0, 0.0]}