{"objects": [21, 29], "object_poses": {"21": [[-0.7671104774043742, -0.6367412730548826, -0.07811572597681231, 0.00027560354101724416], [0.31434437731867765, -0.26694213387020904, -0.91100467046715, 0.0824420685021308], [0.5592218950511222, -0.7233964669206469, 0.40493014674405897, 0.5881485727913586], [0.0, 0.0, 0.0, 1.0]], "29": [[-0.15572651616134722, -0.04701820793887934, -0.9866805664887073, -0.05263923931957443], [-0.9111192804682504, 0.3927019266873627, 0.12508738359668775, 0.031412513057228184], [0.38158997487261737, 0.9184631102544398, -0.10399329871905119, 0.4606993125847707], [0.0, 0.0, 0.0, 1.0]]}, "intrinsic": [[1387.14196777, 0.0, 949.0501709], [0.0, 1385.58874512, 538.76617432], [0.0, 0.0, 1.0]], "distortion": [0.0, 0.0, 0.0, 0.0, 0.0, 0.0, 0.0, 0.0]}