{"objects": [21, 29], "object_poses": {"21": [[-0.6464919529981503, -0.7607507452588028, 0.057501811248154164, -0.0041774334094975], [0.2710050109224694, -0.29944904021152935, -0.9148150394321873, 0.08197764043193569], [0.7131650852106767, -0.5758372824892269, 0.39975865885791306, 0.5922300394366969], [0.0, 0.0, 0.0, 1.0]], "29": [[-0.023177803377258083, 0.12827358828579427, -0.9914679399652329, -0.08016228573043876], [-0.9190864227979435, 0.3874931284928237, 0.07161859255345512, 0.028441651864141604], [0.39337378771227566, 0.912904683917845, 0.1089132738547985, 0.4781795672899065], [0.0, 0.0, 0.0, 1.0]]}, "intrinsic": [[1387.14196777, 0.0, 949.0501709], [0.0, 1385.58874512, 538.76617432], [0.0, 0.0, 1.0]], "distortion": [0.0, 0.0, 0.0, 0.0, 0.0, 0.0, 0.0, 0.0]}