{"objects": [21, 29], "object_poses": {"21": [[-0.7226962331592414, -0.690911216517085, -0.018757544304345404, -0.0016474844129270028], [0.2919294804463085, -0.28053525216077707, -0.9143725448313975, 0.08258217645592095], [0.6264880948779427, -0.6662894740170964, 0.4044391224773324, 0.589498360379901], [0.0, 0.0, 0.0, 1.0]], "29": [[-0.09809357730621981, 0.02398518710898001, -0.9948881147599596, -0.06425331094166242], [-0.916418883916086, 0.38760301880882764, 0.09970119865023346, 0.03070681183448329], [0.3880129885626019, 0.9215143029870132, -0.016040888288720023, 0.4668738641276479], [0.0, 0.0, 0.0, 1.0]]}, "intrinsic": [[1387.14196777, 0.0, 949.0501709], [0.0, 1385.58874512, 538.76617432], [0.0, 0.0, 1.0]], "distortion": [0.0, 0.0, 0.0, 0.0, 0.0, 0.0, 0.0, 0.0]}