{"objects": [21, 29], "object_poses": {"21": [[-0.586044355207708, -0.8011293173361148, 0.1214241764796372, -0.0063198059303207765], [0.25252543816845774, -0.3229712107307754, -0.9120967602820073, 0.08239379369486914], [0.7699239681988165, -0.5038664643967442, 0.3915809868332709, 0.5939421239936614], [0.0, 0.0, 0.0, 1.0]], "29": [[0.040663862060122895, 0.19995500617584536, -0.97896090107194, -0.09082519741955575], [-0.9187956952869256, 0.3924923454118629, 0.04200272747481289, 0.02643691190495287], [0.39263331575986715, 0.8977570686429165, 0.1996780535189154, 0.4872885903406572], [0.0, 0.0, 0.0, 1.0]]}, "intrinsic": [[1387.14196777, 0.0, 949.0501709], [0.0, 1385.58874512, 538.76617432], [0.0, 0.0, 1.0]], "distortion": [0.0, 0.0, 0.0, 0.0, 0.0, 0.0, 0.0, 0.0]}