{"objects": [21, 29], "object_poses": {"21": [[-0.4526115649109986, -0.8509572524278013, 0.2664855077660911, -0.010352151044850433], [0.2364069974744927, -0.4026659102837151, -0.8842917483729509, 0.08157240096125618], [0.8597991061020672, -0.3372416333075179, 0.3834234968154253, 0.5900884173542043], [0.0, 0.0, 0.0, 1.0]], "29": [[0.1881412154990809, 0.3291983135458919, -0.9253277005413175, -0.10818640599067025], [-0.8971170336915613, 0.4410568294279736, -0.02549315742333189, 0.01522285891281587], [0.3997297973519116, 0.8349235555267883, 0.37831038253729926, 0.5024898621136602], [0.0, 0.0, 0.0, 1.0]]}, "intrinsic": [[1387.14196777, 0.0, 949.0501709], [0.0, 1385.58874512, 538.76617432], [0.0, 0.0, 1.0]], "distortion": [0.0, 0.0, 0.0, 0.0, 0.0, 0.0, 0.0, 0.0]}