{"objects": [21, 29], "object_poses": {"21": [[-0.4232206714808079, -0.8549717660412766, 0.29984586457645673, -0.011006276034534968], [0.2513563916891198, -0.42875189619110726, -0.8677509872478187, 0.07964208271910381], [0.8704620770535397, -0.29188198091831397, 0.3963592835128801, 0.5855841728365998], [0.0, 0.0, 0.0, 1.0]], "29": [[0.22249085855208536, 0.35254525344399745, -0.9089607594032195, -0.1108067016267329], [-0.8816665854811485, 0.47070023657304066, -0.03324634319905183, 0.008938472060119527], [0.41612720399751124, 0.8087973365214561, 0.41555386958735513, 0.5038028513599264], [0.0, 0.0, 0.0, 1.0]]}, "intrinsic": [[1387.14196777, 0.0, 949.0501709], [0.0, 1385.58874512, 538.76617432], [0.0, 0.0, 1.0]], "distortion": [0.0, 0.0, 0.0, 0.0, 0.0, 0.0, 0.0, 0.0]}