{"objects": [21, 29], "object_poses": {"21": [[-0.5194575220279217, -0.832338564811912, 0.19332976060468451, -0.008532461361771881], [0.2322740079359636, -0.3552712876270317, -0.9054452481653449, 0.08314431794291856], [0.8223215113603543, -0.42543486659497665, 0.37787895712693836, 0.5952011342805714], [0.0, 0.0, 0.0, 1.0]], "29": [[0.11335590878836532, 0.2691324206690316, -0.9564090014672614, -0.10057387762152781], [-0.915249213626493, 0.4028585361592606, 0.004886389231061774, 0.023620829897507606], [0.38661261606272956, 0.8747986854062225, 0.2919896318582045, 0.4970551098329239], [0.0, 0.0, 0.0, 1.0]]}, "intrinsic": [[1387.14196777, 0.0, 949.0501709], [0.0, 1385.58874512, 538.76617432], [0.0, 0.0, 1.0]], "distortion": [0.0, 0.0, 0.0, 0.0, 0.0, 0.0, 0.0, 0.0]}