{"objects": [21, 29], "object_poses": {"21": [[-0.39268925537410515, -0.8549756410153255, 0.33883890270181855, -0.011349222466920716], [0.263100387275917, -0.4574743831304981, -0.8494088385428072, 0.07748786762286182], [0.8812339842113419, -0.24440507779056417, 0.40458969712685133, 0.581889517728869], [0.0, 0.0, 0.0, 1.0]], "29": [[0.26277369607296824, 0.37379529014323254, -0.889509452293174, -0.1126151324027162], [-0.8647444354513574, 0.5001672707727697, -0.04527430401060213, 0.0022103514501997466], [0.42798019347638294, 0.7810952453538977, 0.4546681995449695, 0.5062203622239869], [0.0, 0.0, 0.0, 1.0]]}, "intrinsic": [[1387.14196777, 0.0, 949.0501709], [0.0, 1385.58874512, 538.76617432], [0.0, 0.0, 1.0]], "distortion": [0.0, 0.0, 0.0, 0.0, 0.0, 0.0, 0.0, 0.0]}