{"objects": [21, 29], "object_poses": {"21": [[-0.35186848616549843, -0.8105937655061862, 0.4681092989528315, -0.0157673735942222], [0.2701885427144526, -0.5667576633115609, -0.7783212077693036, 0.0791278725917831], [0.8962068510279552, -0.14738893581313903, 0.41843730924767153, 0.5804431243788346], [0.0, 0.0, 0.0, 1.0]], "29": [[0.39645955845621145, 0.3707668510961008, -0.8398522254760079, -0.11287623835345262], [-0.8008100999196006, 0.5869997522303207, -0.11888849712361783, -0.011797193249014189], [0.448913134554429, 0.7196966256762876, 0.529635501656276, 0.5175956038383054], [0.0, 0.0, 0.0, 1.0]]}, "intrinsic": [[1387.14196777, 0.0, 949.0501709], [0.0, 1385.58874512, 538.76617432], [0.0, 0.0, 1.0]], "distortion": [0.0, 0.0, 0.0, 0.0, 0.0, 0.0, 0.0, 0.0]}