{"objects": [21, 29], "object_poses": {"21": [[-0.3530065683289543, -0.8332853629935706, 0.4254666456225413, -0.013547971807649883], [0.2695480685231075, -0.5260382506735461, -0.8066149004226149, 0.07710034323607198], [0.8959521200778978, -0.17005664541262805, 0.4103054178035285, 0.5794701374217441], [0.0, 0.0, 0.0, 1.0]], "29": [[0.3523988899560396, 0.3860162923539015, -0.8525294390196232, -0.11372733588890682], [-0.8263395895772693, 0.555960071885412, -0.08984030925174524, -0.008086069433200213], [0.4392925051204935, 0.7361384519956317, 0.514900256786155, 0.5134801369679824], [0.0, 0.0, 0.0, 1.0]]}, "intrinsic": [[1387.14196777, 0.0, 949.0501709], [0.0, 1385.58874512, 538.76617432], [0.0, 0.0, 1.0]], "distortion": [0.0, 0.0, 0.0, 0.0, 0.0, 0.0, 0.0, 0.0]}