{"objects": [21, 29], "object_poses": {"21": [[-0.35237498733007117, -0.787196159373363, 0.5061166614249806, -0.017363976099428635], [0.27117538401807784, -0.6034884765539393, -0.7498436968923997, 0.08096319140168613], [0.8957096512859414, -0.1269797831721276, 0.42612246509516627, 0.5810968419249043], [0.0, 0.0, 0.0, 1.0]], "29": [[0.43587060331006755, 0.3538057653089154, -0.8275495741067762, -0.11122243525964542], [-0.7748167328572411, 0.6153270785417964, -0.1450228150935563, -0.015160436927917034], [0.4579037537022017, 0.7044104391953606, 0.542337612099737, 0.5211122791450166], [0.0, 0.0, 0.0, 1.0]]}, "intrinsic": [[1387.14196777, 0.0, 949.0501709], [0.0, 1385.58874512, 538.76617432], [0.0, 0.0, 1.0]], "distortion": [0.0, 0.0, 0.0, 0.0, 0.0, 0.0, 0.0, 0.0]}