{"objects": [21, 29], "object_poses": {"21": [[-0.5545749649462569, -0.8174196021187635, 0.1557941023494358, -0.00730462800194176], [0.24277465284070665, -0.3380132952682041, -0.9092895469321157, 0.08279002059367102], [0.7959315775824793, -0.4664463595033624, 0.3859024715043054, 0.5945544599291995], [0.0, 0.0, 0.0, 1.0]], "29": [[0.075302013918427, 0.2337945789639048, -0.9693656180961503, -0.09558690634440165], [-0.9174483859251096, 0.39709945864621216, 0.024504675192907405, 0.025187401938762413], [0.39066362239560704, 0.8874976703011593, 0.24439684807044762, 0.49191193606197553], [0.0, 0.0, 0.0, 1.0]]}, "intrinsic": [[1387.14196777, 0.0, 949.0501709], [0.0, 1385.58874512, 538.76617432], [0.0, 0.0, 1.0]], "distortion": [0.0, 0.0, 0.0, 0.0, 0.0, 0.0, 0.0, 0.0]}