{"objects": [21, 29], "object_poses": {"21": [[-0.48513652776402744, -0.8439976662646177, 0.22871486346311093, -0.009284428096143715], [0.23379843574156725, -0.3772294608869366, -0.8961228851467613, 0.08216445585474107], [0.8426036083911946, -0.38126876764146145, 0.38033312496718613, 0.5924941127725005], [0.0, 0.0, 0.0, 1.0]], "29": [[0.1494455533903709, 0.30148576699847635, -0.9416859130671965, -0.10459086185797001], [-0.907343206882398, 0.42028467791119567, -0.009438984980474484, 0.019497133945791827], [0.3929304410404331, 0.8558429305722128, 0.33636073892972423, 0.4995597246299253], [0.0, 0.0, 0.0, 1.0]]}, "intrinsic": [[1387.14196777, 0.0, 949.0501709], [0.0, 1385.58874512, 538.76617432], [0.0, 0.0, 1.0]], "distortion": [0.0, 0.0, 0.0, 0.0, 0.0, 0.0, 0.0, 0.0]}