{"objects": [21, 29], "object_poses": {"21": [[-0.3530458400874254, -0.7612110452914813, 0.5439819659908077, -0.01858119339795028], [0.2720802133756703, -0.6398249897377113, -0.718746366944971, 0.08266167919228276], [0.8951709290891973, -0.10574368554857781, 0.432998014637702, 0.5816149301546262], [0.0, 0.0, 0.0, 1.0]], "29": [[0.4753040596489009, 0.33481856218035894, -0.8136231199399192, -0.10882044132007579], [-0.7461898047313481, 0.6433544114808568, -0.17116038251629234, -0.018604254750047816], [0.4661403503198202, 0.6884705016539255, 0.5556271611036666, 0.5246114319434745], [0.0, 0.0, 0.0, 1.0]]}, "intrinsic": [[1387.14196777, 0.0, 949.0501709], [0.0, 1385.58874512, 538.76617432], [0.0, 0.0, 1.0]], "distortion": [0.0, 0.0, 0.0, 0.0, 0.0, 0.0, 0.0, 0.0]}