{"objects": [21, 29], "object_poses": {"21": [[-0.3496091512772452, -0.6469646362203577, 0.677650500496734, -0.03044744102370356], [0.24341163443618846, -0.7611784033101284, -0.6011307799101234, 0.09816776766673127], [0.9047232823158197, -0.04521280586859706, 0.42359365507663416, 0.6191616415567496], [0.0, 0.0, 0.0, 1.0]], "29": [[0.6162715213430455, 0.2550528915751675, -0.7450888769003946, -0.10504043760002585], [-0.6383417788837046, 0.7158709508854944, -0.282928533396501, -0.01880491497173825], [0.4612257422489917, 0.6499821568146731, 0.6039817965050143, 0.5701658618487307], [0.0, 0.0, 0.0, 1.0]]}, "intrinsic": [[1387.14196777, 0.0, 949.0501709], [0.0, 1385.58874512, 538.76617432], [0.0, 0.0, 1.0]], "distortion": [0.0, 0.0, 0.0, 0.0, 0.0, 0.0, 0.0, 0.0]}