{"objects": [21, 29], "object_poses": {"21": [[-0.37680334953327016, -0.6138817435167462, 0.6936630599630905, -0.02786999621827968], [0.25035898651413707, -0.7884817629511798, -0.5617979061593421, 0.10395059664314554], [0.8918181505509543, -0.038022552126964884, 0.45079338047228656, 0.6212740833567458], [0.0, 0.0, 0.0, 1.0]], "29": [[0.6331628666542954, 0.21257474685567856, -0.7442558439739503, -0.09659278842613306], [-0.600626497904368, 0.7414343510083686, -0.2992037987057368, -0.017194604927992435], [0.488213676892882, 0.6364645160133073, 0.597126724867252, 0.5738575459619021], [0.0, 0.0, 0.0, 1.0]]}, "intrinsic": [[1387.14196777, 0.0, 949.0501709], [0.0, 1385.58874512, 538.76617432], [0.0, 0.0, 1.0]], "distortion": [0.0, 0.0, 0.0, 0.0, 0.0, 0.0, 0.0, 0.0]}