{"objects": [21, 29], "object_poses": {"21": [[-0.370051478094639, -0.846736224333981, 0.3822298653436375, -0.012171110026736764], [0.2672482277738473, -0.4910706125232073, -0.8291128018959949, 0.07677317130069926], [0.8897416975233388, -0.20466416373347807, 0.4080101613582283, 0.5801515220292602], [0.0, 0.0, 0.0, 1.0]], "29": [[0.3076201740832246, 0.3837159665227621, -0.8707076923586489, -0.1133880051629968], [-0.8465509270096591, 0.5281590729969814, -0.06632888955853058, -0.003405214497666951], [0.4344207136821525, 0.7575025086733914, 0.4873074931472113, 0.5096258058626325], [0.0, 0.0, 0.0, 1.0]]}, "intrinsic": [[1387.14196777, 0.0, 949.0501709], [0.0, 1385.58874512, 538.76617432], [0.0, 0.0, 1.0]], "distortion": [0.0, 0.0, 0.0, 0.0, 0.0, 0.0, 0.0, 0.0]}