{"objects": [21, 29], "object_poses": {"21": [[-0.35781519292186925, -0.7172588177702122, 0.5979197906451771, -0.021562810248678344], [0.2702647670592726, -0.6924549563193645, -0.6689268189833255, 0.08703929550158346], [0.8938261818724516, -0.07775552584628449, 0.4416206910909936, 0.5901226590273113], [0.0, 0.0, 0.0, 1.0]], "29": [[0.5317586950480279, 0.3000759850355425, -0.7919514463941487, -0.10550059565317521], [-0.7001092849999017, 0.6819303031023249, -0.21170274152147228, -0.021533437327558108], [0.47652878118510583, 0.6670273344591884, 0.5727083514202664, 0.5370781501835815], [0.0, 0.0, 0.0, 1.0]]}, "intrinsic": [[1387.14196777, 0.0, 949.0501709], [0.0, 1385.58874512, 538.76617432], [0.0, 0.0, 1.0]], "distortion": [0.0, 0.0, 0.0, 0.0, 0.0, 0.0, 0.0, 0.0]}