{"objects": [21, 29], "object_poses": {"21": [[-0.3584655993171658, -0.7391360740882301, 0.5702458049715338, -0.019354336683866213], [0.2763392175088022, -0.6674781863814236, -0.6914546316075953, 0.08392709656283742], [0.8917056975105687, -0.09028141938633753, 0.44352025245842175, 0.5822209406824234], [0.0, 0.0, 0.0, 1.0]], "29": [[0.5026942044469691, 0.3153185894551119, -0.804905413051424, -0.10628656177485551], [-0.7206241910032846, 0.6671520928359317, -0.18870310110199034, -0.021422680835088456], [0.477492735186943, 0.674894267399483, 0.562599693987669, 0.5275261265405956], [0.0, 0.0, 0.0, 1.0]]}, "intrinsic": [[1387.14196777, 0.0, 949.0501709], [0.0, 1385.58874512, 538.76617432], [0.0, 0.0, 1.0]], "distortion": [0.0, 0.0, 0.0, 0.0, 0.0, 0.0, 0.0, 0.0]}