{"objects": [21, 29], "object_poses": {"21": [[-0.35763375128784486, -0.6265462297158232, 0.6924867666379486, -0.0310825419124664], [0.2480899058187357, -0.7786279679775268, -0.5763591641624556, 0.10383484914184282], [0.9003052252267768, -0.03432651325261796, 0.43390343616671734, 0.6200422953260555], [0.0, 0.0, 0.0, 1.0]], "29": [[0.6320407492763056, 0.23482042150059382, -0.7385010906563019, -0.10246665034501112], [-0.6145916990809253, 0.7323623370615011, -0.29312531564954625, -0.01581525754929808], [0.47201857450219553, 0.6391437842145613, 0.6072015220870395, 0.5727615266863502], [0.0, 0.0, 0.0, 1.0]]}, "intrinsic": [[1387.14196777, 0.0, 949.0501709], [0.0, 1385.58874512, 538.76617432], [0.0, 0.0, 1.0]], "distortion": [0.0, 0.0, 0.0, 0.0, 0.0, 0.0, 0.0, 0.0]}