{"objects": [21, 29], "object_poses": {"21": [[-0.39970815555640504, -0.6048142055903761, 0.6887910910412449, -0.021754946917159734], [0.2514446125950119, -0.7949492238315427, -0.5521153306389694, 0.10319762461010551], [0.8814811382999883, -0.04749219141835733, 0.4698249616353338, 0.6202049469091496], [0.0, 0.0, 0.0, 1.0]], "29": [[0.627844497554042, 0.19036614453799172, -0.7546999522359004, -0.0881377565689952], [-0.5913543008593316, 0.7471192093405833, -0.3035011991565786, -0.018910134403191114], [0.5060744784577669, 0.6368466205045387, 0.5816485229119553, 0.5719314777718387], [0.0, 0.0, 0.0, 1.0]]}, "intrinsic": [[1387.14196777, 0.0, 949.0501709], [0.0, 1385.58874512, 538.76617432], [0.0, 0.0, 1.0]], "distortion": [0.0, 0.0, 0.0, 0.0, 0.0, 0.0, 0.0, 0.0]}