{"objects": [21, 29], "object_poses": {"21": [[-0.3505095385415744, -0.6687282247849363, 0.6557023903932104, -0.028582537391625085], [0.24685102655801164, -0.7413271262813418, -0.6240982795415398, 0.09522176274653563], [0.9034421033351451, -0.056891591781590825, 0.4249184777177029, 0.6119366986339958], [0.0, 0.0, 0.0, 1.0]], "29": [[0.5929100307964418, 0.27014529920583263, -0.7586034620920017, -0.10614808419221039], [-0.6597573085045614, 0.7031004392360959, -0.26527356864345797, -0.019119480663065347], [0.46171201983032345, 0.6577775381259308, 0.595105638589658, 0.5613701478702287], [0.0, 0.0, 0.0, 1.0]]}, "intrinsic": [[1387.14196777, 0.0, 949.0501709], [0.0, 1385.58874512, 538.76617432], [0.0, 0.0, 1.0]], "distortion": [0.0, 0.0, 0.0, 0.0, 0.0, 0.0, 0.0, 0.0]}