{"objects": [21, 29], "object_poses": {"21": [[-0.3526435680698782, -0.6944256565155653, 0.6272284444059286, -0.024859211151920912], [0.2572875069442253, -0.7164090065406064, -0.648506957648053, 0.09101888128151248], [0.8996919765505151, -0.06731376471744628, 0.43130407418687283, 0.6015523691514394], [0.0, 0.0, 0.0, 1.0]], "29": [[0.5627258932953572, 0.28719922510019114, -0.7751491302432129, -0.10588204892012265], [-0.6819481872537534, 0.6912682893171256, -0.23894522821329592, -0.02030953540347219], [0.4672111288446366, 0.6630722112156673, 0.5848495565504838, 0.5497007206774116], [0.0, 0.0, 0.0, 1.0]]}, "intrinsic": [[1387.14196777, 0.0, 949.0501709], [0.0, 1385.58874512, 538.76617432], [0.0, 0.0, 1.0]], "distortion": [0.0, 0.0, 0.0, 0.0, 0.0, 0.0, 0.0, 0.0]}