{"objects": [21, 29], "object_poses": {"21": [[-0.45082825664872117, -0.5253456199768398, 0.721641089862706, -0.03298245830762203], [0.2081757264238778, -0.8480484889626826, -0.487315736762121, 0.10064333112136059], [0.8679958236852113, -0.06946754594246793, 0.49168842789490963, 0.6187093110076699], [0.0, 0.0, 0.0, 1.0]], "29": [[0.663483575630957, 0.09778977094413124, -0.7417726778243267, -0.08592248175560196], [-0.5322994775950559, 0.7584053709278311, -0.3761363575883868, -0.026914698762367684], [0.5257820946171607, 0.6444055043577172, 0.5552429512686139, 0.5679785217315184], [0.0, 0.0, 0.0, 1.0]]}, "intrinsic": [[1387.14196777, 0.0, 949.0501709], [0.0, 1385.58874512, 538.76617432], [0.0, 0.0, 1.0]], "distortion": [0.0, 0.0, 0.0, 0.0, 0.0, 0.0, 0.0, 0.0]}