{"objects": [21, 29], "object_poses": {"21": [[-0.4697469913501497, -0.5697213924605183, 0.6743554693856496, -0.005293395022474612], [0.23731221549665182, -0.8172570908428135, -0.5251416569300317, 0.10004823014514647], [0.8503062251292502, -0.08665092290332332, 0.5191059054436308, 0.6215605299891134], [0.0, 0.0, 0.0, 1.0]], "29": [[0.6125309460471168, 0.11701878888373922, -0.7817368119660377, -0.06349378339661965], [-0.566605371677153, 0.7545794761178245, -0.3310108261195605, -0.02453804617596067], [0.551148068055434, 0.6456906513725769, 0.5285067547428632, 0.569231908789893], [0.0, 0.0, 0.0, 1.0]]}, "intrinsic": [[1387.14196777, 0.0, 949.0501709], [0.0, 1385.58874512, 538.76617432], [0.0, 0.0, 1.0]], "distortion": [0.0, 0.0, 0.0, 0.0, 0.0, 0.0, 0.0, 0.0]}