{"objects": [21, 29], "object_poses": {"21": [[-0.4163157381319425, -0.46349095935657403, 0.7822131018964004, -0.05392598467092019], [0.17836116904738492, -0.8852282075900397, -0.4296025068164557, 0.09365199883024439], [0.8915539801715368, -0.039333841430203895, 0.45120322401179624, 0.5994258208024904], [0.0, 0.0, 0.0, 1.0]], "29": [[0.7295626814009866, 0.07637223530491997, -0.6796363554001144, -0.09990881441117078], [-0.4786268355624548, 0.7668523890631035, -0.4276140382023146, -0.03775696418702362], [0.48852292288744387, 0.6372634424339363, 0.5960206865124483, 0.5518382818991444], [0.0, 0.0, 0.0, 1.0]]}, "intrinsic": [[1387.14196777, 0.0, 949.0501709], [0.0, 1385.58874512, 538.76617432], [0.0, 0.0, 1.0]], "distortion": [0.0, 0.0, 0.0, 0.0, 0.0, 0.0, 0.0, 0.0]}