{"objects": [21, 29], "object_poses": {"21": [[-0.4242487152982177, -0.4444245012095278, 0.7889866223786586, -0.050763600742690984], [0.1633974169217542, -0.8945518215448913, -0.4160268293199639, 0.09117607794559945], [0.8906819363336794, -0.04758047178609467, 0.45213027657247645, 0.5975905906347055], [0.0, 0.0, 0.0, 1.0]], "29": [[0.7372102197536773, 0.057057156956312034, -0.6732500075980805, -0.09372248213888396], [-0.4664092350030492, 0.7639148141531706, -0.4459782306584104, -0.04084789356455926], [0.4888594045271329, 0.6427897304386558, 0.5897777929423837, 0.5488923821774666], [0.0, 0.0, 0.0, 1.0]]}, "intrinsic": [[1387.14196777, 0.0, 949.0501709], [0.0, 1385.58874512, 538.76617432], [0.0, 0.0, 1.0]], "distortion": [0.0, 0.0, 0.0, 0.0, 0.0, 0.0, 0.0, 0.0]}