{"objects": [21, 29], "object_poses": {"21": [[-0.46087006433272726, -0.5376058075577402, 0.7061011113729727, -0.022076088458814536], [0.2144879468129196, -0.8395236169373108, -0.49919436823393837, 0.10074234083190059], [0.8611583504059684, -0.07861356298180205, 0.5022212692045036, 0.6212287689513462], [0.0, 0.0, 0.0, 1.0]], "29": [[0.6467149609297883, 0.09981713602176072, -0.7561721356053879, -0.07624204778438509], [-0.543280431833617, 0.7561400600496103, -0.3648267835217964, -0.025909573474088426], [0.5353560793493233, 0.6467524634236776, 0.5432357861547218, 0.5695310755401204], [0.0, 0.0, 0.0, 1.0]]}, "intrinsic": [[1387.14196777, 0.0, 949.0501709], [0.0, 1385.58874512, 538.76617432], [0.0, 0.0, 1.0]], "distortion": [0.0, 0.0, 0.0, 0.0, 0.0, 0.0, 0.0, 0.0]}