{"objects": [21, 29], "object_poses": {"21": [[-0.47226294625102494, -0.553261067514389, 0.6861996070904947, -0.01096560482376674], [0.2260276680341682, -0.8284638386644889, -0.5124052705704168, 0.10066302577203112], [0.8519854475760368, -0.08688992575751302, 0.5163050822144972, 0.6218033275339815], [0.0, 0.0, 0.0, 1.0]], "29": [[0.6253111852656293, 0.10336725272226102, -0.7734992777284042, -0.06676372438720041], [-0.5551783288976812, 0.7554957479822558, -0.34785513925069267, -0.02497204855047494], [0.5484185853014916, 0.6469477458384053, 0.5298072002630101, 0.5693656692697608], [0.0, 0.0, 0.0, 1.0]]}, "intrinsic": [[1387.14196777, 0.0, 949.0501709], [0.0, 1385.58874512, 538.76617432], [0.0, 0.0, 1.0]], "distortion": [0.0, 0.0, 0.0, 0.0, 0.0, 0.0, 0.0, 0.0]}