{"objects": [21, 29], "object_poses": {"21": [[-0.4373035847483359, -0.5063562331288194, 0.7432152715989204, -0.045847605789038015], [0.19614633801496617, -0.8602312702105015, -0.47066843513810497, 0.09912838365826943], [0.877662912996542, -0.060046040032857725, 0.4755021390349374, 0.6150452909621037], [0.0, 0.0, 0.0, 1.0]], "29": [[0.6868747141392569, 0.0932395379041993, -0.7207700851502807, -0.09679157133604177], [-0.517073702566369, 0.7596115910878429, -0.3944933672437483, -0.02958366943825058], [0.510722931921446, 0.6436587754831103, 0.5699697075750226, 0.5651932116363989], [0.0, 0.0, 0.0, 1.0]]}, "intrinsic": [[1387.14196777, 0.0, 949.0501709], [0.0, 1385.58874512, 538.76617432], [0.0, 0.0, 1.0]], "distortion": [0.0, 0.0, 0.0, 0.0, 0.0, 0.0, 0.0, 0.0]}