{"objects": [21, 29], "object_poses": {"21": [[-0.44488003559738293, -0.5835019216114347, 0.6794168539288996, -0.010652406073797471], [0.24622337300569858, -0.809079390496882, -0.5336333858173576, 0.10134387876421128], [0.8610782801305408, -0.07011453022708579, 0.5036150793398363, 0.6200270548913471], [0.0, 0.0, 0.0, 1.0]], "29": [[0.617816620190863, 0.14403589322943372, -0.7730176487490794, -0.07194215465003079], [-0.574112860521135, 0.7543806683223764, -0.3182832553649865, -0.022509484083680614], [0.5373053575018549, 0.6404400586495927, 0.5487617735199153, 0.5695174391553054], [0.0, 0.0, 0.0, 1.0]]}, "intrinsic": [[1387.14196777, 0.0, 949.0501709], [0.0, 1385.58874512, 538.76617432], [0.0, 0.0, 1.0]], "distortion": [0.0, 0.0, 0.0, 0.0, 0.0, 0.0, 0.0, 0.0]}