{"objects": [21, 29], "object_poses": {"21": [[-0.42144487528309155, -0.5942040588821563, 0.6850589416288206, -0.01636719124375441], [0.25175365852470366, -0.8023918821950141, -0.5410982931103892, 0.10273957541445777], [0.8712085356084667, -0.05557700779568616, 0.487756992453654, 0.6190537446164118], [0.0, 0.0, 0.0, 1.0]], "29": [[0.6238187851207987, 0.1678236944459364, -0.7633382807857505, -0.08025050625581698], [-0.580852782238561, 0.7530260873120038, -0.30913064745072866, -0.02043182529692733], [0.5229341915539197, 0.6362286691199178, 0.5672326787957119, 0.5701146175202219], [0.0, 0.0, 0.0, 1.0]]}, "intrinsic": [[1387.14196777, 0.0, 949.0501709], [0.0, 1385.58874512, 538.76617432], [0.0, 0.0, 1.0]], "distortion": [0.0, 0.0, 0.0, 0.0, 0.0, 0.0, 0.0, 0.0]}