{"objects": [21, 29], "object_poses": {"21": [[-0.4229988576843005, -0.4855370332116777, 0.7650658506153496, -0.05071511063396983], [0.1824044454982469, -0.8726648810554276, -0.45297309372080885, 0.09730081392051632], [0.8875813115767232, -0.0520556889544896, 0.45770036113949186, 0.6087753757279174], [0.0, 0.0, 0.0, 1.0]], "29": [[0.7106989505665905, 0.0878665307353419, -0.6979874457610966, -0.09944445676713026], [-0.5008995097005345, 0.7598691910513358, -0.41436516947345076, -0.032521278581222], [0.4939703258752785, 0.6441104604549857, 0.5840505388124811, 0.5595921959305844], [0.0, 0.0, 0.0, 1.0]]}, "intrinsic": [[1387.14196777, 0.0, 949.0501709], [0.0, 1385.58874512, 538.76617432], [0.0, 0.0, 1.0]], "distortion": [0.0, 0.0, 0.0, 0.0, 0.0, 0.0, 0.0, 0.0]}