{"objects": [21, 29], "object_poses": {"21": [[-0.4760798662512662, -0.4020114417980362, 0.7821347464559094, -0.05128483059244676], [0.12595281376781559, -0.9113952699303426, -0.39178380601114066, 0.08850534245123781], [0.8703354810957374, -0.08800830990349856, 0.4845314104717935, 0.6006650722421714], [0.0, 0.0, 0.0, 1.0]], "29": [[0.7307867853501674, -0.009310582696705582, -0.6825422971563253, -0.0858982086403105], [-0.4451023164450589, 0.7515942265866407, -0.4868162347918167, -0.044142917603437526], [0.5175273927560057, 0.6595600288157913, 0.5451109668092325, 0.5472453828415866], [0.0, 0.0, 0.0, 1.0]]}, "intrinsic": [[1387.14196777, 0.0, 949.0501709], [0.0, 1385.58874512, 538.76617432], [0.0, 0.0, 1.0]], "distortion": [0.0, 0.0, 0.0, 0.0, 0.0, 0.0, 0.0, 0.0]}