{"objects": [21, 29], "object_poses": {"21": [[-0.5841072059862421, -0.27152190711342544, 0.7649147834056041, -0.04877354145689311], [0.03303229275597365, -0.9495598781904632, -0.3118411540611714, 0.08420215518357149], [0.8110040934238444, -0.15688177615137144, 0.5636137584918992, 0.60325016737314], [0.0, 0.0, 0.0, 1.0]], "29": [[0.7172614885992992, -0.1788061433623545, -0.6734718405903951, -0.060117937570826674], [-0.37226971277332754, 0.7186868670561876, -0.5872856613885913, -0.04950794800836017], [0.5890256513293792, 0.671950556378111, 0.4489223004698713, 0.5429159065233937], [0.0, 0.0, 0.0, 1.0]]}, "intrinsic": [[1387.14196777, 0.0, 949.0501709], [0.0, 1385.58874512, 538.76617432], [0.0, 0.0, 1.0]], "distortion": [0.0, 0.0, 0.0, 0.0, 0.0, 0.0, 0.0, 0.0]}