{"objects": [21, 29], "object_poses": {"21": [[-0.4522290436213891, -0.4243204155012925, 0.7845005271471164, -0.047532178081678034], [0.14507816705267762, -0.9028635029249034, -0.4047095508272757, 0.089803788796886], [0.880023418750843, -0.06920751458469943, 0.4698607265723445, 0.5992481037780217], [0.0, 0.0, 0.0, 1.0]], "29": [[0.7327727957728474, 0.023279561305372898, -0.6800750633574882, -0.08637459666272379], [-0.456531347432697, 0.7579301323036861, -0.4659624913632125, -0.042535012743727785], [0.5046019803632846, 0.6519202225514686, 0.5660184315390333, 0.5480131725626789], [0.0, 0.0, 0.0, 1.0]]}, "intrinsic": [[1387.14196777, 0.0, 949.0501709], [0.0, 1385.58874512, 538.76617432], [0.0, 0.0, 1.0]], "distortion": [0.0, 0.0, 0.0, 0.0, 0.0, 0.0, 0.0, 0.0]}