{"objects": [21, 29], "object_poses": {"21": [[-0.5353765915089952, -0.1032395739781613, 0.838280081851541, -0.0626875139415553], [-0.09543592608965089, -0.9787508041697809, -0.18149062606213245, 0.0805947683089438], [0.8392043191473835, -0.17716786870598972, 0.5141475051213988, 0.5997380944822487], [0.0, 0.0, 0.0, 1.0]], "29": [[0.8038119079304961, -0.26910713912714085, -0.5305353563523896, -0.05290376187939266], [-0.25025063689059207, 0.6561157052998002, -0.7119598303238803, -0.05131411968534333], [0.5396860526315335, 0.7050486004026683, 0.460049383941817, 0.5353049235625369], [0.0, 0.0, 0.0, 1.0]]}, "intrinsic": [[1387.14196777, 0.0, 949.0501709], [0.0, 1385.58874512, 538.76617432], [0.0, 0.0, 1.0]], "distortion": [0.0, 0.0, 0.0, 0.0, 0.0, 0.0, 0.0, 0.0]}