{"objects": [21, 29], "object_poses": {"21": [[-0.5304827413030768, -0.347155492546785, 0.7733505836127497, -0.048178646957435234], [0.08404011635943645, -0.9293408013103341, -0.3595315477981945, 0.08621732344572336], [0.8435196026304709, -0.12573280802747244, 0.5221742438723537, 0.6026303457791906], [0.0, 0.0, 0.0, 1.0]], "29": [[0.7231433307640286, -0.08664297068413487, -0.6852420877343653, -0.07258853589132591], [-0.4160931030408028, 0.7372236037570552, -0.5323231045759197, -0.047008121430440974], [0.5512986965097962, 0.6700704095052242, 0.49706678981009544, 0.5451634143241765], [0.0, 0.0, 0.0, 1.0]]}, "intrinsic": [[1387.14196777, 0.0, 949.0501709], [0.0, 1385.58874512, 538.76617432], [0.0, 0.0, 1.0]], "distortion": [0.0, 0.0, 0.0, 0.0, 0.0, 0.0, 0.0, 0.0]}