{"objects": [21, 29], "object_poses": {"21": [[-0.5699426738308159, -0.16550633097682713, 0.8048434648757341, -0.05519966246325425], [-0.04715137683026193, -0.9713026286891162, -0.23312647032164935, 0.08147794009142612], [0.8203304798735649, -0.170818201337592, 0.5457829659142925, 0.59825383222391], [0.0, 0.0, 0.0, 1.0]], "29": [[0.7647492582956925, -0.24693709025890784, -0.5951307800733109, -0.05245486006884231], [-0.2989801396638507, 0.6821905161668447, -0.6672533070271052, -0.05159684732792663], [0.5707621641478959, 0.6882137553888968, 0.4478754055211506, 0.5355571252594946], [0.0, 0.0, 0.0, 1.0]]}, "intrinsic": [[1387.14196777, 0.0, 949.0501709], [0.0, 1385.58874512, 538.76617432], [0.0, 0.0, 1.0]], "distortion": [0.0, 0.0, 0.0, 0.0, 0.0, 0.0, 0.0, 0.0]}