{"objects": [21, 29], "object_poses": {"21": [[-0.5538989860723248, -0.13476661941215948, 0.8216044495499503, -0.05986213987459266], [-0.07227895101875119, -0.9753038643567494, -0.20870583463436612, 0.0814044827224557], [0.8294405744040267, -0.1749866579571636, 0.5304790316961701, 0.599313584397702], [0.0, 0.0, 0.0, 1.0]], "29": [[0.7842394410216303, -0.25856456840631314, -0.5640149493683242, -0.053594920998911055], [-0.2760722347638957, 0.6686698482366492, -0.6904091216457491, -0.05107860706759937], [0.5556551271594342, 0.6971549311480507, 0.45301476977842925, 0.5356247868088281], [0.0, 0.0, 0.0, 1.0]]}, "intrinsic": [[1387.14196777, 0.0, 949.0501709], [0.0, 1385.58874512, 538.76617432], [0.0, 0.0, 1.0]], "distortion": [0.0, 0.0, 0.0, 0.0, 0.0, 0.0, 0.0, 0.0]}