{"objects": [21, 29], "object_poses": {"21": [[-0.5016338157960248, -0.3775182563430419, 0.7783594805600036, -0.04983954071490149], [0.10680446315855212, -0.9198977589332116, -0.37733396316668316, 0.08749235998475874], [0.858461601645255, -0.10615120930716063, 0.50177245765715, 0.6015657807735515], [0.0, 0.0, 0.0, 1.0]], "29": [[0.7274616971629397, -0.044687093668204364, -0.6846915676567968, -0.07983819253143665], [-0.432153318809295, 0.7452483744105124, -0.5077877208840424, -0.04546170287013518], [0.5329568352155223, 0.6652878505564255, 0.5228279714199303, 0.5461527127242252], [0.0, 0.0, 0.0, 1.0]]}, "intrinsic": [[1387.14196777, 0.0, 949.0501709], [0.0, 1385.58874512, 538.76617432], [0.0, 0.0, 1.0]], "distortion": [0.0, 0.0, 0.0, 0.0, 0.0, 0.0, 0.0, 0.0]}