{"objects": [21, 29], "object_poses": {"21": [[-0.5864343694604864, -0.19581575636746634, 0.7859713225517372, -0.05173830875245228], [-0.023309898524048123, -0.9658571629351336, -0.2580243969815661, 0.08246406092653996], [0.8096612742043938, -0.16963528632080116, 0.5618473909244244, 0.599076655233888], [0.0, 0.0, 0.0, 1.0]], "29": [[0.7431625843355356, -0.23596694273074326, -0.6261221727283339, -0.052432878875922795], [-0.3223277044384258, 0.6937692305582553, -0.644041229799825, -0.05094037819784908], [0.5863567379976125, 0.6804438673901931, 0.4395246513403888, 0.537027616197632], [0.0, 0.0, 0.0, 1.0]]}, "intrinsic": [[1387.14196777, 0.0, 949.0501709], [0.0, 1385.58874512, 538.76617432], [0.0, 0.0, 1.0]], "distortion": [0.0, 0.0, 0.0, 0.0, 0.0, 0.0, 0.0, 0.0]}