{"objects": [21, 29], "object_poses": {"21": [[-0.557439061172883, -0.3101386397440975, 0.7701140936357314, -0.047699810992424874], [0.05863757598998347, -0.9399959804638814, -0.3361088981175185, 0.0850419314999526], [0.8281445089842207, -0.14220260493196066, 0.5421762549114947, 0.603182930409379], [0.0, 0.0, 0.0, 1.0]], "29": [[0.7211208419783051, -0.13221264797516036, -0.6800768684346739, -0.06568279025730922], [-0.39463405280495617, 0.7284193308825356, -0.5600618204835816, -0.04850628505316079], [0.5694283937697988, 0.6722537423562962, 0.4731027480967689, 0.5441168964870515], [0.0, 0.0, 0.0, 1.0]]}, "intrinsic": [[1387.14196777, 0.0, 949.0501709], [0.0, 1385.58874512, 538.76617432], [0.0, 0.0, 1.0]], "distortion": [0.0, 0.0, 0.0, 0.0, 0.0, 0.0, 0.0, 0.0]}