{"objects": [21, 29], "object_poses": {"21": [[-0.3717067313120236, 0.12669825286949954, 0.9196638835015524, -0.07198745663291573], [-0.19039437347852603, -0.9799895268706744, 0.05805609159700091, 0.009049676040578047], [0.9086165794464974, -0.15351898886983478, 0.3883913382290272, 0.5458860821411136], [0.0, 0.0, 0.0, 1.0]], "29": [[0.9077829397316954, -0.32747744682071106, -0.2620852078158654, -0.03785198645526999], [-0.015983384264943095, 0.5973833320474728, -0.80179653654734, -0.11883169349494649], [0.4191356173836082, 0.7320462256003084, 0.5370601994421258, 0.4816331829649539], [0.0, 0.0, 0.0, 1.0]]}, "intrinsic": [[1387.14196777, 0.0, 949.0501709], [0.0, 1385.58874512, 538.76617432], [0.0, 0.0, 1.0]], "distortion": [0.0, 0.0, 0.0, 0.0, 0.0, 0.0, 0.0, 0.0]}