{"objects": [21, 29], "object_poses": {"21": [[-0.4391478754797558, 0.014992141547951672, 0.8982896966755389, -0.07141818078219586], [-0.13239371898991348, -0.9900245624933637, -0.04820029908466485, 0.03941168134828332], [0.8886062382369591, -0.1400949726137165, 0.43675204866689216, 0.5564325111158083], [0.0, 0.0, 0.0, 1.0]], "29": [[0.8759366852464756, -0.29067101835128556, -0.3850263400470922, -0.04969492952237203], [-0.1198624732748211, 0.6419497553941758, -0.7573199449702955, -0.09247476942770266], [0.4672985244358013, 0.7095145316623154, 0.5274667936658577, 0.4949396293530542], [0.0, 0.0, 0.0, 1.0]]}, "intrinsic": [[1387.14196777, 0.0, 949.0501709], [0.0, 1385.58874512, 538.76617432], [0.0, 0.0, 1.0]], "distortion": [0.0, 0.0, 0.0, 0.0, 0.0, 0.0, 0.0, 0.0]}