{"objects": [21, 29], "object_poses": {"21": [[-0.49256139922706965, -0.05200339638814869, 0.8687225764049055, -0.06523223880420773], [-0.11403625716579698, -0.9857495839241989, -0.12366685022629294, 0.0666391937524014], [0.8627740144690783, -0.15997938791411212, 0.4796119216611915, 0.5918328207863084], [0.0, 0.0, 0.0, 1.0]], "29": [[0.8395417311872009, -0.27762286229398675, -0.46700666796835716, -0.05033088743184555], [-0.19394495138309475, 0.6498005341930383, -0.734945318779201, -0.06543410113970882], [0.507498805346598, 0.7075908507705183, 0.4916911128723419, 0.528730486798641], [0.0, 0.0, 0.0, 1.0]]}, "intrinsic": [[1387.14196777, 0.0, 949.0501709], [0.0, 1385.58874512, 538.76617432], [0.0, 0.0, 1.0]], "distortion": [0.0, 0.0, 0.0, 0.0, 0.0, 0.0, 0.0, 0.0]}