{"objects": [21, 29], "object_poses": {"21": [[-0.3996240718725391, 0.05884079504924386, 0.9147886980161011, -0.07332444999063192], [-0.13955175202405745, -0.9902110181342919, 0.002729115694321451, 0.015450996418833518], [0.9059944313774948, -0.12656974521357847, 0.403923495119489, 0.5439754317222815], [0.0, 0.0, 0.0, 1.0]], "29": [[0.8971258947515303, -0.29618932888236943, -0.3277758539345049, -0.04734670955058945], [-0.0694451582882537, 0.6381774924019415, -0.7667508449176308, -0.11617726819851643], [0.43628259070997044, 0.7106344838577647, 0.5519566390538451, 0.4835894481952515], [0.0, 0.0, 0.0, 1.0]]}, "intrinsic": [[1387.14196777, 0.0, 949.0501709], [0.0, 1385.58874512, 538.76617432], [0.0, 0.0, 1.0]], "distortion": [0.0, 0.0, 0.0, 0.0, 0.0, 0.0, 0.0, 0.0]}