{"objects": [21, 29], "object_poses": {"21": [[-0.47803993739638756, -0.03183331266351918, 0.8777610486111431, -0.06764742276736113], [-0.11953097015222772, -0.9876881529547017, -0.10091808404544847, 0.056900547395513534], [0.8701667457611371, -0.15316250428157752, 0.46834931605978986, 0.5804305929462281], [0.0, 0.0, 0.0, 1.0]], "29": [[0.8505629462617837, -0.2825985616587232, -0.44348700927412854, -0.050619499381544864], [-0.17165470195508625, 0.6479407109115444, -0.7420966907621697, -0.07520891677059222], [0.4970687454902012, 0.7073265781036886, 0.502604988201407, 0.5179449997748159], [0.0, 0.0, 0.0, 1.0]]}, "intrinsic": [[1387.14196777, 0.0, 949.0501709], [0.0, 1385.58874512, 538.76617432], [0.0, 0.0, 1.0]], "distortion": [0.0, 0.0, 0.0, 0.0, 0.0, 0.0, 0.0, 0.0]}