{"objects": [21, 29], "object_poses": {"21": [[-0.4184063932455925, 0.03929915179190301, 0.9074093159978357, -0.0727933306299984], [-0.13802608937728666, -0.9902110276509318, -0.02075859748889531, 0.028336341325980507], [0.897710916020536, -0.13393168925586676, 0.4197349328691192, 0.549107625550782], [0.0, 0.0, 0.0, 1.0]], "29": [[0.8876021003686694, -0.29451679107929496, -0.35415020993004753, -0.04865704938559828], [-0.09278487246583286, 0.6387856228448493, -0.7637695303481461, -0.10334003788386392], [0.4511690136330762, 0.7107832213967087, 0.5396607576230517, 0.48806599109569443], [0.0, 0.0, 0.0, 1.0]]}, "intrinsic": [[1387.14196777, 0.0, 949.0501709], [0.0, 1385.58874512, 538.76617432], [0.0, 0.0, 1.0]], "distortion": [0.0, 0.0, 0.0, 0.0, 0.0, 0.0, 0.0, 0.0]}