{"objects": [21, 29], "object_poses": {"21": [[-0.602560422050302, -0.23046601288604815, 0.764072218237895, -0.04879725178808991], [0.004912930283082934, -0.9584491216354766, -0.2852212200244297, 0.08392521647369311], [0.798058143805699, -0.1681091851761802, 0.578655770700344, 0.6027347232585085], [0.0, 0.0, 0.0, 1.0]], "29": [[0.7182879331028242, -0.22159545681245355, -0.659513380212235, -0.053550887303783545], [-0.3476329290727308, 0.7068052572280147, -0.6160987542425023, -0.04973750947907696], [0.6026722092341779, 0.6718048688979039, 0.43065580959959154, 0.541424131258996], [0.0, 0.0, 0.0, 1.0]]}, "intrinsic": [[1387.14196777, 0.0, 949.0501709], [0.0, 1385.58874512, 538.76617432], [0.0, 0.0, 1.0]], "distortion": [0.0, 0.0, 0.0, 0.0, 0.0, 0.0, 0.0, 0.0]}