{"objects": [21, 29], "object_poses": {"21": [[-0.3949045051110612, 0.08915070990186576, 0.91438645154387, -0.07103792597347064], [-0.16016627176540624, -0.986719875746862, 0.02703057888530782, 0.010890646907558255], [0.9046530811486577, -0.1357793715190141, 0.4039390610452839, 0.5451970306668711], [0.0, 0.0, 0.0, 1.0]], "29": [[0.898954723343418, -0.315427807379371, -0.30395016649183987, -0.04105171806894772], [-0.04594942325786901, 0.6221534616085984, -0.7815457252846559, -0.11931138852864864], [0.43562490273266774, 0.7165405561029262, 0.5447940671289242, 0.483588854627911], [0.0, 0.0, 0.0, 1.0]]}, "intrinsic": [[1387.14196777, 0.0, 949.0501709], [0.0, 1385.58874512, 538.76617432], [0.0, 0.0, 1.0]], "distortion": [0.0, 0.0, 0.0, 0.0, 0.0, 0.0, 0.0, 0.0]}