{"objects": [21, 29], "object_poses": {"21": [[-0.45876514983457595, -0.007586420303464111, 0.8885251732642395, -0.07023900282437681], [-0.12798191656569746, -0.9889726032669113, -0.07452394930253606, 0.04889942304830952], [0.8792924236733946, -0.14790414535926918, 0.4527352399097251, 0.5695810080963726], [0.0, 0.0, 0.0, 1.0]], "29": [[0.8637953536218993, -0.2873578483144685, -0.41386356939613883, -0.05073953219829666], [-0.1458249764326208, 0.6436723547411828, -0.7512795591458464, -0.08302042883991434], [0.48227861585359666, 0.7093034377147979, 0.5140972378221083, 0.5074180498803758], [0.0, 0.0, 0.0, 1.0]]}, "intrinsic": [[1387.14196777, 0.0, 949.0501709], [0.0, 1385.58874512, 538.76617432], [0.0, 0.0, 1.0]], "distortion": [0.0, 0.0, 0.0, 0.0, 0.0, 0.0, 0.0, 0.0]}