{"objects": [21, 29], "object_poses": {"21": [[-0.5129051476279753, -0.07588345278100422, 0.8550847976258061, -0.06295969945585861], [-0.10800912620316587, -0.9824651188376614, -0.15197473120270813, 0.0749452925895363], [0.8516233546548353, -0.17030558376442234, 0.49571531138861225, 0.5993875263991565], [0.0, 0.0, 0.0, 1.0]], "29": [[0.8234197895769411, -0.2739055809921598, -0.49694625749111826, -0.050425939252168206], [-0.22166205226732377, 0.650924586592776, -0.726059995560747, -0.05692345722365466], [0.5223464221354656, 0.7080062960669071, 0.4752697129124788, 0.5353496647161295], [0.0, 0.0, 0.0, 1.0]]}, "intrinsic": [[1387.14196777, 0.0, 949.0501709], [0.0, 1385.58874512, 538.76617432], [0.0, 0.0, 1.0]], "distortion": [0.0, 0.0, 0.0, 0.0, 0.0, 0.0, 0.0, 0.0]}