{"objects": [21, 29], "object_poses": {"21": [[-0.3323680750256751, 0.1382969039816569, 0.9329552127797052, -0.07438089576229806], [-0.19911924085836735, -0.9771836617011317, 0.07391629877343393, 0.007457976025404434], [0.921890986301372, -0.16120191578720355, 0.3523222271200362, 0.5475213819554748], [0.0, 0.0, 0.0, 1.0]], "29": [[0.9236271793542868, -0.3093350583074437, -0.22632864436476074, -0.04047836322834819], [-0.0003943927531475026, 0.5897187549934255, -0.8076085898895408, -0.11963994704692915], [0.38329189661721064, 0.7460185062791301, 0.5445582707816014, 0.4816120025807932], [0.0, 0.0, 0.0, 1.0]]}, "intrinsic": [[1387.14196777, 0.0, 949.0501709], [0.0, 1385.58874512, 538.76617432], [0.0, 0.0, 1.0]], "distortion": [0.0, 0.0, 0.0, 0.0, 0.0, 0.0, 0.0, 0.0]}