{"objects": [21, 29], "object_poses": {"21": [[-0.07478407137782009, -0.028505586380945188, 0.9967922422517375, -0.08416426166185326], [0.011883601276608344, -0.9995458421823, -0.0276927679509102, -0.009266701077623729], [0.9971289398512402, 0.009774503627445039, 0.0750888566298715, 0.559161326485405], [0.0, 0.0, 0.0, 1.0]], "29": [[0.9881542689396802, -0.011489844589274115, -0.15303308219995893, -0.08563031125470116], [-0.09335251606521472, 0.7464729064814846, -0.6588349623641642, -0.14924259458606343], [0.12180496098516802, 0.6653166038514363, 0.7365577832858752, 0.513863313436516], [0.0, 0.0, 0.0, 1.0]]}, "intrinsic": [[1387.14196777, 0.0, 949.0501709], [0.0, 1385.58874512, 538.76617432], [0.0, 0.0, 1.0]], "distortion": [0.0, 0.0, 0.0, 0.0, 0.0, 0.0, 0.0, 0.0]}