{"objects": [21, 29], "object_poses": {"21": [[-0.07034769277250814, -0.035755456410202335, 0.9968815122463119, -0.08459687164511931], [0.04725919422531244, -0.9983546724945861, -0.03247331934696663, -0.010253150164158842], [0.9964024140289712, 0.0448273939141467, 0.07192172183775147, 0.5579197493432281], [0.0, 0.0, 0.0, 1.0]], "29": [[0.9879684012189455, -0.003142112047197182, -0.15462394809596086, -0.0872817237591823], [-0.09639523951196856, 0.7693196216825618, -0.6315499010320887, -0.15171095570054555], [0.1209396378046879, 0.6388563585236458, 0.7597605920167139, 0.5175490808693537], [0.0, 0.0, 0.0, 1.0]]}, "intrinsic": [[1387.14196777, 0.0, 949.0501709], [0.0, 1385.58874512, 538.76617432], [0.0, 0.0, 1.0]], "distortion": [0.0, 0.0, 0.0, 0.0, 0.0, 0.0, 0.0, 0.0]}