{"objects": [21, 29], "object_poses": {"21": [[-0.15280584021019766, 0.02613066979378372, 0.9879107061338054, -0.08121066590971848], [-0.074923286460977, -0.9970796975840946, 0.01478437727822377, -0.0033562059230891617], [0.98541203379274, -0.07175837764154637, 0.15431739660424437, 0.556592650385746], [0.0, 0.0, 0.0, 1.0]], "29": [[0.9793021449962815, -0.10456028833778398, -0.1733045149683624, -0.07140026419554962], [-0.05488326328411614, 0.6869742884933693, -0.7246062064047801, -0.13897417499312503], [0.1948207797361114, 0.7191199295331472, 0.667016784444938, 0.5003891581935567], [0.0, 0.0, 0.0, 1.0]]}, "intrinsic": [[1387.14196777, 0.0, 949.0501709], [0.0, 1385.58874512, 538.76617432], [0.0, 0.0, 1.0]], "distortion": [0.0, 0.0, 0.0, 0.0, 0.0, 0.0, 0.0, 0.0]}