{"objects": [21, 29], "object_poses": {"21": [[-0.11791439975321362, 0.010768015295254748, 0.9929653791434276, -0.0823245160459416], [-0.0473953149541339, -0.9988626555954491, 0.00520378489312366, -0.005537821280801158], [0.9918920699608602, -0.04644830571093703, 0.11829064394678808, 0.558085856102773], [0.0, 0.0, 0.0, 1.0]], "29": [[0.9849417970060104, -0.06962578692204652, -0.15824634689646058, -0.07629255372331561], [-0.06327204992574152, 0.70665166658698, -0.7047269469858873, -0.14268123763603174], [0.16089221301474954, 0.7041275963242313, 0.691605396079214, 0.505146184475284], [0.0, 0.0, 0.0, 1.0]]}, "intrinsic": [[1387.14196777, 0.0, 949.0501709], [0.0, 1385.58874512, 538.76617432], [0.0, 0.0, 1.0]], "distortion": [0.0, 0.0, 0.0, 0.0, 0.0, 0.0, 0.0, 0.0]}