{"objects": [21, 29], "object_poses": {"21": [[-0.22025063033457593, 0.10402962695442552, 0.9698801454576514, -0.07812233178164738], [-0.15753012750294942, -0.985038465235251, 0.06988190707109748, 0.0038166043040422926], [0.9626390386672095, -0.13739380889513225, 0.23334314327008254, 0.5511953597080502], [0.0, 0.0, 0.0, 1.0]], "29": [[0.9633653988210726, -0.20787232602649255, -0.16945856256521283, -0.05427521822987802], [-0.003004847916255138, 0.6234490409005576, -0.7818582123947965, -0.1263162892094768], [0.26817546353709165, 0.753724345813853, 0.5999846092060664, 0.486821022801794], [0.0, 0.0, 0.0, 1.0]]}, "intrinsic": [[1387.14196777, 0.0, 949.0501709], [0.0, 1385.58874512, 538.76617432], [0.0, 0.0, 1.0]], "distortion": [0.0, 0.0, 0.0, 0.0, 0.0, 0.0, 0.0, 0.0]}