{"objects": [21, 29], "object_poses": {"21": [[-0.28621274404612446, 0.13625311187738154, 0.948428887502551, -0.07545991849046219], [-0.19863940564035665, -0.9767709059806822, 0.08038024481507165, 0.008185499411312191], [0.937349802193629, -0.16538950007003148, 0.3066295184651225, 0.5475446514166394], [0.0, 0.0, 0.0, 1.0]], "29": [[0.9410582748898256, -0.2764792973756168, -0.194855129221908, -0.044014238811305534], [0.006097991479311217, 0.5898518693319039, -0.807488443722626, -0.1188836343460773], [0.3381894997798148, 0.7587054569253826, 0.5567709509936161, 0.48037386515702674], [0.0, 0.0, 0.0, 1.0]]}, "intrinsic": [[1387.14196777, 0.0, 949.0501709], [0.0, 1385.58874512, 538.76617432], [0.0, 0.0, 1.0]], "distortion": [0.0, 0.0, 0.0, 0.0, 0.0, 0.0, 0.0, 0.0]}