{"objects": [21, 29], "object_poses": {"21": [[-0.17631353148945583, 0.051382973131383354, 0.9829920288007966, -0.07999723724032654], [-0.10303042614675353, -0.9941144432621042, 0.03348439913904037, -0.0011020297090462705], [0.9789271014236645, -0.09537433496420193, 0.18056983781462968, 0.5552696769748011], [0.0, 0.0, 0.0, 1.0]], "29": [[0.9749827988254751, -0.1391409969417586, -0.17334452677980336, -0.0655606806190425], [-0.03735347235305515, 0.6661956022423203, -0.7448410150201, -0.1350115434293247], [0.21911928280648982, 0.732682197492921, 0.6443318534569932, 0.4960485825979569], [0.0, 0.0, 0.0, 1.0]]}, "intrinsic": [[1387.14196777, 0.0, 949.0501709], [0.0, 1385.58874512, 538.76617432], [0.0, 0.0, 1.0]], "distortion": [0.0, 0.0, 0.0, 0.0, 0.0, 0.0, 0.0, 0.0]}