{"objects": [21, 29], "object_poses": {"21": [[-0.20088232689992422, 0.07535236828911565, 0.9767130138031862, -0.07895200365386132], [-0.1297666395487227, -0.9902976465856408, 0.04971106946325604, 0.0014984056598824624], [0.9709824457730973, -0.11675869029828291, 0.20871151918455888, 0.5530407979430256], [0.0, 0.0, 0.0, 1.0]], "29": [[0.9691731977759837, -0.17351177416015962, -0.17491991579144056, -0.06001735390150503], [-0.022168748677759788, 0.6456660812657775, -0.7632980139401438, -0.13064546522998938], [0.24538104917608053, 0.7436457326783352, 0.6219157217618462, 0.49117977244175764], [0.0, 0.0, 0.0, 1.0]]}, "intrinsic": [[1387.14196777, 0.0, 949.0501709], [0.0, 1385.58874512, 538.76617432], [0.0, 0.0, 1.0]], "distortion": [0.0, 0.0, 0.0, 0.0, 0.0, 0.0, 0.0, 0.0]}