{"objects": [21, 29], "object_poses": {"21": [[-0.2549212900195323, 0.11474538637373113, 0.9601294872051006, -0.07609889081750543], [-0.18058408099504777, -0.9811146393937575, 0.06930695533955424, 0.005969885698197119], [0.9499497489793625, -0.15571628262069534, 0.270828199678027, 0.5493015304691827], [0.0, 0.0, 0.0, 1.0]], "29": [[0.9527471969427213, -0.23930649071176194, -0.18709671889433271, -0.0491273155960775], [-0.0043884359903753915, 0.6050194335127581, -0.7961986100851165, -0.12253790162380329], [0.3037326461665973, 0.7593970559431559, 0.5753803881585768, 0.482926890893887], [0.0, 0.0, 0.0, 1.0]]}, "intrinsic": [[1387.14196777, 0.0, 949.0501709], [0.0, 1385.58874512, 538.76617432], [0.0, 0.0, 1.0]], "distortion": [0.0, 0.0, 0.0, 0.0, 0.0, 0.0, 0.0, 0.0]}