{"objects": [21, 29], "object_poses": {"21": [[-0.05829412779346846, -0.028721017173778708, 0.9978862148748787, -0.06757717921474132], [0.06160642856878496, -0.9977843827485989, -0.025119185934343997, -0.0345600288928779], [0.9963967295328703, 0.06001190478153916, 0.05993436961121295, 0.5278968229245921], [0.0, 0.0, 0.0, 1.0]], "29": [[0.9899962784737879, -0.0002110844844850596, -0.14109331682049436, -0.06984480180691485], [-0.08836103307716217, 0.7786867975802586, -0.6211595601033187, -0.1766158544338664], [0.109998620180455, 0.6274128040752366, 0.7708783800580049, 0.48965665596993885], [0.0, 0.0, 0.0, 1.0]]}, "intrinsic": [[1387.14196777, 0.0, 949.0501709], [0.0, 1385.58874512, 538.76617432], [0.0, 0.0, 1.0]], "distortion": [0.0, 0.0, 0.0, 0.0, 0.0, 0.0, 0.0, 0.0]}