{"objects": [21, 29], "object_poses": {"21": [[-0.09241212861194104, -0.012706445815948125, 0.9956397665421701, -0.085621300235244], [-0.019564989491355256, -0.999702356867738, -0.01457425330164881, -0.005132516100145312], [0.9955286081633292, -0.020826519340108752, 0.0921360212976605, 0.5593850297375197], [0.0, 0.0, 0.0, 1.0]], "29": [[0.9872347965784457, -0.03505684070055215, -0.15536561506597665, -0.0840584401234214], [-0.08174818039740492, 0.7256533666219774, -0.683186963072272, -0.14367385243455427], [0.13669195816303922, 0.6871667988416611, 0.7135244208457533, 0.5098757816517419], [0.0, 0.0, 0.0, 1.0]]}, "intrinsic": [[1387.14196777, 0.0, 949.0501709], [0.0, 1385.58874512, 538.76617432], [0.0, 0.0, 1.0]], "distortion": [0.0, 0.0, 0.0, 0.0, 0.0, 0.0, 0.0, 0.0]}