{"objects": [21, 29], "object_poses": {"21": [[-0.06443625633358084, -0.0361027658626434, 0.9972685491715813, -0.050854269426123366], [0.040784219266453446, -0.9986056908096811, -0.033515992322379284, -0.04378118213665472], [0.9970880684917162, 0.038513174104391604, 0.0658188353882525, 0.5211863556776213], [0.0, 0.0, 0.0, 1.0]], "29": [[0.988605701626896, 0.0011007605083378925, -0.15052426726981502, -0.05386414952217966], [-0.09775188660080808, 0.765128064497152, -0.636414655381879, -0.18497045698238113], [0.11446980115643378, 0.6438771880142637, 0.7565175684530139, 0.47990876682583206], [0.0, 0.0, 0.0, 1.0]]}, "intrinsic": [[1387.14196777, 0.0, 949.0501709], [0.0, 1385.58874512, 538.76617432], [0.0, 0.0, 1.0]], "distortion": [0.0, 0.0, 0.0, 0.0, 0.0, 0.0, 0.0, 0.0]}