{"objects": [21, 29], "object_poses": {"21": [[-0.06848245977077047, -0.035681677573144166, 0.9970140272781128, -0.09539653630337158], [0.06453118400496678, -0.9974258334439624, -0.031263926009733836, -0.016609345744710957], [0.9955630964407349, 0.06219746509457816, 0.07060875541423171, 0.5575340841240475], [0.0, 0.0, 0.0, 1.0]], "29": [[0.98819201077394, -0.0019387374583876998, -0.1532083259475241, -0.09815837307755021], [-0.094325961473772, 0.7802809015215915, -0.6182752847338407, -0.15874573806335784], [0.12074420414505678, 0.6254262194837452, 0.7708844797683091, 0.5196272471768089], [0.0, 0.0, 0.0, 1.0]]}, "intrinsic": [[1387.14196777, 0.0, 949.0501709], [0.0, 1385.58874512, 538.76617432], [0.0, 0.0, 1.0]], "distortion": [0.0, 0.0, 0.0, 0.0, 0.0, 0.0, 0.0, 0.0]}