{"objects": [21, 29], "object_poses": {"21": [[-0.06880859037384433, -0.0356953478477597, 0.996991083226326, -0.09103416655688523], [0.06301311940492489, -0.9975197050374833, -0.03136534464661337, -0.016495594825403748], [0.995637848152443, 0.0606653130212616, 0.07088719998989336, 0.5582574469314856], [0.0, 0.0, 0.0, 1.0]], "29": [[0.9881530872729031, -0.002148570548300594, -0.15345637737692214, -0.09378265046808093], [-0.0945037843965389, 0.7793266278307907, -0.6194505968102958, -0.15857405663693352], [0.12092357440871981, 0.6266142280530321, 0.7698909652371113, 0.5201330901955138], [0.0, 0.0, 0.0, 1.0]]}, "intrinsic": [[1387.14196777, 0.0, 949.0501709], [0.0, 1385.58874512, 538.76617432], [0.0, 0.0, 1.0]], "distortion": [0.0, 0.0, 0.0, 0.0, 0.0, 0.0, 0.0, 0.0]}