{"objects": [21, 29], "object_poses": {"21": [[-0.059348296503895226, -0.02961756465535567, 0.9977978650838968, -0.07668058050271792], [0.062041865205015465, -0.997736775420673, -0.025925545993254716, -0.02664758877493434], [0.9963074759651115, 0.06036660365675332, 0.06105150693455466, 0.5375976619480503], [0.0, 0.0, 0.0, 1.0]], "29": [[0.9897997846415943, -0.00025943899780057363, -0.14246515017673095, -0.079023941896839], [-0.08914136201260157, 0.7789303298172189, -0.6207425866407008, -0.1687163215149593], [0.11113147124919083, 0.6271104161009091, 0.7709619459582586, 0.49941004764587177], [0.0, 0.0, 0.0, 1.0]]}, "intrinsic": [[1387.14196777, 0.0, 949.0501709], [0.0, 1385.58874512, 538.76617432], [0.0, 0.0, 1.0]], "distortion": [0.0, 0.0, 0.0, 0.0, 0.0, 0.0, 0.0, 0.0]}