{"objects": [21, 29], "object_poses": {"21": [[-0.05999930457553861, -0.028513083729266146, 0.9977911041429013, -0.056751855998249834], [0.060796088057621586, -0.9978406088679779, -0.024858700104415564, -0.04224929626998042], [0.9963452810784745, 0.05917029111166562, 0.061603226558509305, 0.5214119005032448], [0.0, 0.0, 0.0, 1.0]], "29": [[0.9898360713806519, -0.0015143231609698838, -0.14220498802468126, -0.05891070687117056], [-0.0881427707887233, 0.7781875412065448, -0.6218158912962983, -0.18427536241772757], [0.11160378018428191, 0.6280301406272525, 0.7701446219459704, 0.4830550764874807], [0.0, 0.0, 0.0, 1.0]]}, "intrinsic": [[1387.14196777, 0.0, 949.0501709], [0.0, 1385.58874512, 538.76617432], [0.0, 0.0, 1.0]], "distortion": [0.0, 0.0, 0.0, 0.0, 0.0, 0.0, 0.0, 0.0]}