{"objects": [21, 29], "object_poses": {"21": [[-0.059973268904145574, -0.031366008589886835, 0.9977070614775164, -0.08728029410235616], [0.0622003222560487, -0.9976812663550617, -0.027626267851663076, -0.02248030562824377], [0.9962601703010099, 0.06040086315035029, 0.06178518270991729, 0.5493734613072957], [0.0, 0.0, 0.0, 1.0]], "29": [[0.9895642715643228, 0.0006108802206636292, -0.14409087156633343, -0.08983829389848008], [-0.09082545648593346, 0.7789656260791603, -0.6204540997053967, -0.16454702001589216], [0.111862812844621, 0.6270663283995305, 0.7708920358195636, 0.511192113096246], [0.0, 0.0, 0.0, 1.0]]}, "intrinsic": [[1387.14196777, 0.0, 949.0501709], [0.0, 1385.58874512, 538.76617432], [0.0, 0.0, 1.0]], "distortion": [0.0, 0.0, 0.0, 0.0, 0.0, 0.0, 0.0, 0.0]}