{"objects": [21, 29], "object_poses": {"21": [[-0.059633473508152984, -0.034996488191134274, 0.9976066833435163, -0.05039429607374385], [0.02775520373810193, -0.9990569918918887, -0.03338825568063461, -0.04521064657628726], [0.9978344038480589, 0.02569771908607603, 0.060548573318982814, 0.5216313533419472], [0.0, 0.0, 0.0, 1.0]], "29": [[0.9892391859688419, 0.003521844137894457, -0.14626492934941737, -0.05347456578960008], [-0.09825967316780462, 0.7566936850695981, -0.6463433326064092, -0.18585427076426464], [0.10840142790884809, 0.6537600963577316, 0.7488971002999423, 0.47853619160863153], [0.0, 0.0, 0.0, 1.0]]}, "intrinsic": [[1387.14196777, 0.0, 949.0501709], [0.0, 1385.58874512, 538.76617432], [0.0, 0.0, 1.0]], "distortion": [0.0, 0.0, 0.0, 0.0, 0.0, 0.0, 0.0, 0.0]}