{"objects": [21, 29], "object_poses": {"21": [[-0.06870846552710548, -0.035415565587026646, 0.9970079661061252, -0.09358857482699873], [0.06341886775198242, -0.9975034623117665, -0.031062676785859136, -0.019150972513056863], [0.9956190004102822, 0.06109484749303551, 0.07078294732374145, 0.5588707762615621], [0.0, 0.0, 0.0, 1.0]], "29": [[0.988193124011872, -0.002287715716928563, -0.15319633158948098, -0.09630272059843548], [-0.09418218703111421, 0.7795931410149782, -0.6191641544279249, -0.16124642410139123], [0.12084728090325905, 0.6262821255945349, 0.7701731194082858, 0.5208073278929399], [0.0, 0.0, 0.0, 1.0]]}, "intrinsic": [[1387.14196777, 0.0, 949.0501709], [0.0, 1385.58874512, 538.76617432], [0.0, 0.0, 1.0]], "distortion": [0.0, 0.0, 0.0, 0.0, 0.0, 0.0, 0.0, 0.0]}