{"objects": [21, 29], "object_poses": {"21": [[-0.05986182496831805, -0.2048870018846302, 0.9769533655043119, -0.012231242101431394], [-0.10292626552928257, -0.972224912970857, -0.2102020515195138, -0.045759028039255245], [0.992886068879839, -0.11313723992366603, 0.03711090361062394, 0.5295665686250289], [0.0, 0.0, 0.0, 1.0]], "29": [[0.9573737784170094, 0.12860042713853082, -0.25864527550169214, -0.03898212481762392], [-0.27878279940006434, 0.6457370620267862, -0.7108472392038165, -0.17637919743146396], [0.07560158171771611, 0.7526523612298125, 0.6540633180181998, 0.46735666850513424], [0.0, 0.0, 0.0, 1.0]]}, "intrinsic": [[1387.14196777, 0.0, 949.0501709], [0.0, 1385.58874512, 538.76617432], [0.0, 0.0, 1.0]], "distortion": [0.0, 0.0, 0.0, 0.0, 0.0, 0.0, 0.0, 0.0]}