{"objects": [21, 29], "object_poses": {"21": [[-0.023265560919828537, -0.16621915254970676, 0.9858143369827577, -0.04029028277350066], [-0.10634062280100225, -0.9800754340476269, -0.167761185971779, -0.0477785010038807], [0.9940575363717046, -0.10873516865311295, 0.0051261565132719985, 0.528810752224072], [0.0, 0.0, 0.0, 1.0]], "29": [[0.9704704075420544, 0.12480545936590474, -0.20642380046313447, -0.06336514336124022], [-0.2371606500752377, 0.6499994959924248, -0.7219802499137317, -0.17937624624957776], [0.04406828951828508, 0.7496160700799236, 0.6604042196540485, 0.4671918078467376], [0.0, 0.0, 0.0, 1.0]]}, "intrinsic": [[1387.14196777, 0.0, 949.0501709], [0.0, 1385.58874512, 538.76617432], [0.0, 0.0, 1.0]], "distortion": [0.0, 0.0, 0.0, 0.0, 0.0, 0.0, 0.0, 0.0]}