{"objects": [21, 29], "object_poses": {"21": [[-0.05191034746959023, -0.0505305290061006, 0.9973725389562119, -0.05046066458172577], [0.004118252018808021, -0.9987214024510004, -0.05038452427704583, -0.04612661420928921], [0.9986432575378947, 0.0014919533097479203, 0.052052072479638736, 0.5234891223530074], [0.0, 0.0, 0.0, 1.0]], "29": [[0.9883341156897101, 0.020200753033174076, -0.1509556403078401, -0.05606871619001802], [-0.11627574540072566, 0.7402315941314672, -0.6622213663731358, -0.1856022951738524], [0.09836476399281441, 0.6720484481244559, 0.7339449956080891, 0.4769875715433607], [0.0, 0.0, 0.0, 1.0]]}, "intrinsic": [[1387.14196777, 0.0, 949.0501709], [0.0, 1385.58874512, 538.76617432], [0.0, 0.0, 1.0]], "distortion": [0.0, 0.0, 0.0, 0.0, 0.0, 0.0, 0.0, 0.0]}