{"objects": [21, 29], "object_poses": {"21": [[-0.039009877390630145, -0.07805643107111317, 0.9961854360682147, -0.049002856300391695], [-0.022202108364113647, -0.9966304587201145, -0.07896071894005095, -0.04672343146535052], [0.9989921400342239, -0.025197664966866443, 0.037145414657282425, 0.5249928867283036], [0.0, 0.0, 0.0, 1.0]], "29": [[0.9859242386283745, 0.04921334870974656, -0.15978561259966972, -0.059052645044147034], [-0.14584191458768617, 0.7204589593104712, -0.6779889555875382, -0.18464948136873421], [0.08175286927365834, 0.6917491845011857, 0.7174953199202613, 0.4747662348856091], [0.0, 0.0, 0.0, 1.0]]}, "intrinsic": [[1387.14196777, 0.0, 949.0501709], [0.0, 1385.58874512, 538.76617432], [0.0, 0.0, 1.0]], "distortion": [0.0, 0.0, 0.0, 0.0, 0.0, 0.0, 0.0, 0.0]}