{"objects": [21, 29], "object_poses": {"21": [[-0.06120422537877544, -0.20796138813245163, 0.9762203152167127, -0.021192953321564956], [-0.10145778182912361, -0.971691750921051, -0.21335758645593822, -0.04655313018350493], [0.9929553672255869, -0.11210353356613698, 0.038372339776045115, 0.529392330773454], [0.0, 0.0, 0.0, 1.0]], "29": [[0.9563768515450597, 0.12995663964975573, -0.2616382801497541, -0.04830930543925588], [-0.28182439742921334, 0.6462751109847786, -0.7091568866867772, -0.17716441490490964], [0.07693066256335358, 0.7519572811886096, 0.6547075075367679, 0.4673221623966436], [0.0, 0.0, 0.0, 1.0]]}, "intrinsic": [[1387.14196777, 0.0, 949.0501709], [0.0, 1385.58874512, 538.76617432], [0.0, 0.0, 1.0]], "distortion": [0.0, 0.0, 0.0, 0.0, 0.0, 0.0, 0.0, 0.0]}