{"objects": [21, 29], "object_poses": {"21": [[-0.0466905079228575, -0.19057050005487086, 0.9805625329262551, -0.031070112296513852], [-0.10237633675158431, -0.9755511261379105, -0.19447129856199272, -0.048126073455463936], [0.9936493758581211, -0.1094663637831224, 0.026039067895559605, 0.529043556199958], [0.0, 0.0, 0.0, 1.0]], "29": [[0.9625325236224807, 0.1269466473853946, -0.2396157125202071, -0.05644262750021717], [-0.26329880196287747, 0.6488468453848951, -0.7139128182901558, -0.17925149781859917], [0.06484506036599745, 0.7502548366733053, 0.6579610917025802, 0.46732104321727413], [0.0, 0.0, 0.0, 1.0]]}, "intrinsic": [[1387.14196777, 0.0, 949.0501709], [0.0, 1385.58874512, 538.76617432], [0.0, 0.0, 1.0]], "distortion": [0.0, 0.0, 0.0, 0.0, 0.0, 0.0, 0.0, 0.0]}