{"objects": [21, 29], "object_poses": {"21": [[-0.025540355753724816, -0.10643775433299538, 0.9939912950728157, -0.04837368982138329], [-0.05907517651416768, -0.9924172803782372, -0.10778712876077418, -0.04699186549579348], [0.9979267577070956, -0.061473132824195933, 0.01905886127201099, 0.5267254065991401], [0.0, 0.0, 0.0, 1.0]], "29": [[0.9824803193378668, 0.07922345091663328, -0.16868926147992613, -0.06301015039810282], [-0.17600685234576402, 0.6920094749166324, -0.7001031885036336, -0.18257892084348498], [0.061269976669802696, 0.7175280701481144, 0.6938295601287211, 0.4715055325047503], [0.0, 0.0, 0.0, 1.0]]}, "intrinsic": [[1387.14196777, 0.0, 949.0501709], [0.0, 1385.58874512, 538.76617432], [0.0, 0.0, 1.0]], "distortion": [0.0, 0.0, 0.0, 0.0, 0.0, 0.0, 0.0, 0.0]}