{"objects": [21, 29], "object_poses": {"21": [[-0.061040679925602505, -0.20545636649213145, 0.9767608288941987, 0.00114023894463966], [-0.10395712918217874, -0.9719549183523252, -0.2109420583547334, -0.045980480319666395], [0.9927068805475373, -0.11441729833632568, 0.037970135040536, 0.5305682075204419], [0.0, 0.0, 0.0, 1.0]], "29": [[0.9570893514896953, 0.1282243964484144, -0.25988166041583993, -0.0256348085212752], [-0.2795503477129539, 0.644830345677245, -0.7113687007363629, -0.17651408871009655], [0.07636475861691042, 0.753493416991293, 0.6530054319775418, 0.4681872491690035], [0.0, 0.0, 0.0, 1.0]]}, "intrinsic": [[1387.14196777, 0.0, 949.0501709], [0.0, 1385.58874512, 538.76617432], [0.0, 0.0, 1.0]], "distortion": [0.0, 0.0, 0.0, 0.0, 0.0, 0.0, 0.0, 0.0]}