{"objects": [21, 29], "object_poses": {"21": [[-0.013337280263233591, -0.13650747906142677, 0.9905492542602237, -0.04672942220767701], [-0.0947474944444661, -0.9860074971646211, -0.13715731052941782, -0.04707963503409551], [0.9954119897066128, -0.09568136545567327, 0.00021691671733371431, 0.5281899645835648], [0.0, 0.0, 0.0, 1.0]], "29": [[0.9776217785972252, 0.1096070489030961, -0.17956044342552682, -0.06612770428089876], [-0.20651229725573744, 0.6627346051651424, -0.7198163058716934, -0.18007680928245667], [0.04010397853797064, 0.7407895368776257, 0.6705389869038696, 0.46833373395023103], [0.0, 0.0, 0.0, 1.0]]}, "intrinsic": [[1387.14196777, 0.0, 949.0501709], [0.0, 1385.58874512, 538.76617432], [0.0, 0.0, 1.0]], "distortion": [0.0, 0.0, 0.0, 0.0, 0.0, 0.0, 0.0, 0.0]}