{"objects": [21, 29], "object_poses": {"21": [[-0.06135075919508793, -0.20744307460166894, 0.9763213892699492, 0.020945764621623675], [-0.10443904635692226, -0.9714602305862149, -0.21297301703605898, -0.05140918166267572], [0.9926371794075846, -0.11503213111644994, 0.03793466578955349, 0.5314581037371743], [0.0, 0.0, 0.0, 1.0]], "29": [[0.9565051686836461, 0.1294766139776812, -0.26140709384858646, -0.006091530261860989], [-0.2815642064323787, 0.6441040073500092, -0.7112324692895942, -0.18184925614365777], [0.07628538482299355, 0.7539004139463934, 0.6525447922663037, 0.46899466078170304], [0.0, 0.0, 0.0, 1.0]]}, "intrinsic": [[1387.14196777, 0.0, 949.0501709], [0.0, 1385.58874512, 538.76617432], [0.0, 0.0, 1.0]], "distortion": [0.0, 0.0, 0.0, 0.0, 0.0, 0.0, 0.0, 0.0]}