{"objects": [21, 29], "object_poses": {"21": [[-0.060429562786297526, -0.20671967669432037, 0.976532254054552, 0.028284619984764447], [-0.10439169799495258, -0.9716463991687198, -0.21214534727916773, -0.05338748729794629], [0.9926986659259647, -0.11476171073082096, 0.037136349025558645, 0.5324528454988309], [0.0, 0.0, 0.0, 1.0]], "29": [[0.9568061134077068, 0.129565654828919, -0.2602591063429136, 0.001304999421022246], [-0.2807494046891897, 0.6442882741068301, -0.7113876521384931, -0.18385656302245634], [0.0755104834597316, 0.7537276437395711, 0.6528344399236926, 0.470025043960569], [0.0, 0.0, 0.0, 1.0]]}, "intrinsic": [[1387.14196777, 0.0, 949.0501709], [0.0, 1385.58874512, 538.76617432], [0.0, 0.0, 1.0]], "distortion": [0.0, 0.0, 0.0, 0.0, 0.0, 0.0, 0.0, 0.0]}