{"objects": [21, 29], "object_poses": {"21": [[-0.08707194116398953, -0.2002004424552667, 0.9758781993172412, 0.03394747837578094], [-0.1616940221737841, -0.9637687968320847, -0.2121432286124326, -0.05903942090424874], [0.9829921262427288, -0.1762653939193953, 0.05154600519188931, 0.5385834766687525], [0.0, 0.0, 0.0, 1.0]], "29": [[0.9553491687387946, 0.10680034328986783, -0.2755025452936503, 0.0091227884090323], [-0.2828863101587778, 0.5998920900708213, -0.748401507077066, -0.185732219494948], [0.08534225984155504, 0.7929206561464004, 0.6033187646190923, 0.4680145061194851], [0.0, 0.0, 0.0, 1.0]]}, "intrinsic": [[1387.14196777, 0.0, 949.0501709], [0.0, 1385.58874512, 538.76617432], [0.0, 0.0, 1.0]], "distortion": [0.0, 0.0, 0.0, 0.0, 0.0, 0.0, 0.0, 0.0]}