{"objects": [21, 29], "object_poses": {"21": [[-0.09374996285647125, -0.18163738439212976, 0.9788865128581592, 0.0598040764416069], [-0.1585693544879889, -0.9679418497568157, -0.19479305764483432, -0.06386449782947035], [0.9828869234462707, -0.17348324437981874, 0.06194238966797914, 0.5411945881409047], [0.0, 0.0, 0.0, 1.0]], "29": [[0.9592687633386666, 0.08863504172375655, -0.2682298810001463, 0.0378781851023966], [-0.2657247956215936, 0.6053899745277072, -0.7502621620028659, -0.19130258882791784], [0.0958841627933698, 0.7909783866326437, 0.6042842205497707, 0.47100841925611225], [0.0, 0.0, 0.0, 1.0]]}, "intrinsic": [[1387.14196777, 0.0, 949.0501709], [0.0, 1385.58874512, 538.76617432], [0.0, 0.0, 1.0]], "distortion": [0.0, 0.0, 0.0, 0.0, 0.0, 0.0, 0.0, 0.0]}