{"objects": [21, 29], "object_poses": {"21": [[-0.07671678154599114, -0.20476314302584273, 0.9758004871321871, 0.030864700464190764], [-0.13264617704858753, -0.9678890772582264, -0.21353155700884288, -0.056825354664469585], [0.9881900258268254, -0.14581765799245747, 0.04709228677793953, 0.5358425221637523], [0.0, 0.0, 0.0, 1.0]], "29": [[0.9554500283554862, 0.11714261243246829, -0.2709111508742608, 0.004919727570499133], [-0.2831941835634423, 0.6224666329799996, -0.7296138329434192, -0.1854487755533546], [0.08316428146358035, 0.7738300195644062, 0.6279098686193797, 0.46928289452463146], [0.0, 0.0, 0.0, 1.0]]}, "intrinsic": [[1387.14196777, 0.0, 949.0501709], [0.0, 1385.58874512, 538.76617432], [0.0, 0.0, 1.0]], "distortion": [0.0, 0.0, 0.0, 0.0, 0.0, 0.0, 0.0, 0.0]}