{"objects": [21, 29], "object_poses": {"21": [[-0.06939743349190508, -0.2064762487058937, 0.975987476838248, 0.030316487182741547], [-0.1165149658736484, -0.969972629766051, -0.2134885482460386, -0.05536116266757751], [0.9907614541110296, -0.12853270488510496, 0.04325603799147187, 0.5338231018441895], [0.0, 0.0, 0.0, 1.0]], "29": [[0.9558627356919667, 0.12333937178163748, -0.26667176431711026, 0.0037903594814516217], [-0.28254026642121155, 0.6348662838106279, -0.7191076411297019, -0.18502898345700858], [0.08060662730891566, 0.762713708444397, 0.6416933618052213, 0.4695585637849542], [0.0, 0.0, 0.0, 1.0]]}, "intrinsic": [[1387.14196777, 0.0, 949.0501709], [0.0, 1385.58874512, 538.76617432], [0.0, 0.0, 1.0]], "distortion": [0.0, 0.0, 0.0, 0.0, 0.0, 0.0, 0.0, 0.0]}