{"objects": [21, 29], "object_poses": {"21": [[-0.08538678168272791, -0.20060050350272074, 0.9759449449166344, 0.03071831390526325], [-0.1550463433404658, -0.9649143396450048, -0.21189843926796997, -0.05784757965897558], [0.9842102056627025, -0.1694100207836217, 0.0512885555214487, 0.537744188706738], [0.0, 0.0, 0.0, 1.0]], "29": [[0.9554674297370308, 0.10823164231279199, -0.2745321516944923, 0.00575901146108726], [-0.282409542460635, 0.605218154043599, -0.7442820946007255, -0.1850110270558083], [0.08559696863151764, 0.7886677992782161, 0.6088318826595404, 0.46807496365919515], [0.0, 0.0, 0.0, 1.0]]}, "intrinsic": [[1387.14196777, 0.0, 949.0501709], [0.0, 1385.58874512, 538.76617432], [0.0, 0.0, 1.0]], "distortion": [0.0, 0.0, 0.0, 0.0, 0.0, 0.0, 0.0, 0.0]}