{"objects": [21, 29], "object_poses": {"21": [[-0.06293036646309084, -0.20780920050908158, 0.9761429737290581, 0.010501909532420362], [-0.10387812723531419, -0.9714052565134915, -0.21349745267812562, -0.05115132612267104], [0.992597150740877, -0.11483537696085645, 0.03954405820541574, 0.5311701802789427], [0.0, 0.0, 0.0, 1.0]], "29": [[0.9562296838212018, 0.12868081908043866, -0.2628041829576001, -0.016512486079585775], [-0.28205721979252213, 0.6444315877185766, -0.7107402152076644, -0.1816094209093594], [0.07790068383612092, 0.7537567084618964, 0.6525199674389758, 0.46873446946039343], [0.0, 0.0, 0.0, 1.0]]}, "intrinsic": [[1387.14196777, 0.0, 949.0501709], [0.0, 1385.58874512, 538.76617432], [0.0, 0.0, 1.0]], "distortion": [0.0, 0.0, 0.0, 0.0, 0.0, 0.0, 0.0, 0.0]}