{"objects": [21, 29], "object_poses": {"21": [[-0.08028378344136956, -0.19689693855293533, 0.9771315723610776, 0.04221372774813964], [-0.16398847002756378, -0.9643291520359097, -0.2077909243247371, -0.0610129586826853], [0.9831898574610908, -0.17692055313669033, 0.04513116510184372, 0.5397509743762247], [0.0, 0.0, 0.0, 1.0]], "29": [[0.9571328504216519, 0.10894976018755012, -0.26837782396990034, 0.017531523188928255], [-0.2786920410185592, 0.5988395004502602, -0.750814224008444, -0.187681025711876], [0.07891421238694264, 0.7934237218886058, 0.6035323890461802, 0.4690876909522445], [0.0, 0.0, 0.0, 1.0]]}, "intrinsic": [[1387.14196777, 0.0, 949.0501709], [0.0, 1385.58874512, 538.76617432], [0.0, 0.0, 1.0]], "distortion": [0.0, 0.0, 0.0, 0.0, 0.0, 0.0, 0.0, 0.0]}