{"objects": [21, 29], "object_poses": {"21": [[-0.06278534439269169, -0.20878343956282347, 0.9759444020505564, 0.0302394787572578], [-0.103807962577195, -0.9712034720637768, -0.21444748251458456, -0.054906218326621015], [0.9926136748176829, -0.1147749590093117, 0.03930396098802663, 0.5330537126869442], [0.0, 0.0, 0.0, 1.0]], "29": [[0.9559738762228631, 0.12949515567833864, -0.26333429825090393, 0.003082585930378967], [-0.2829874857197566, 0.6443126963577408, -0.710478171542404, -0.18533850299556925], [0.0776661503195692, 0.7537188825869167, 0.652591614355009, 0.4706258956571945], [0.0, 0.0, 0.0, 1.0]]}, "intrinsic": [[1387.14196777, 0.0, 949.0501709], [0.0, 1385.58874512, 538.76617432], [0.0, 0.0, 1.0]], "distortion": [0.0, 0.0, 0.0, 0.0, 0.0, 0.0, 0.0, 0.0]}