{"objects": [21, 29], "object_poses": {"21": [[-0.07737194636645031, -0.1964681710457462, 0.9774527301519075, 0.056308473594337494], [-0.16526971212751448, -0.9643005264648158, -0.2069067831487761, -0.06340582981438148], [0.9832087795421469, -0.177552111859101, 0.042139570543826235, 0.5413024977243295], [0.0, 0.0, 0.0, 1.0]], "29": [[0.9576166429398125, 0.11059856195445325, -0.26596677096643173, 0.0315497240812308], [-0.27786841537536827, 0.5979716535381393, -0.751810511566349, -0.19001091351039923], [0.07589142837951798, 0.793850023403968, 0.6033594545874338, 0.4705531715371237], [0.0, 0.0, 0.0, 1.0]]}, "intrinsic": [[1387.14196777, 0.0, 949.0501709], [0.0, 1385.58874512, 538.76617432], [0.0, 0.0, 1.0]], "distortion": [0.0, 0.0, 0.0, 0.0, 0.0, 0.0, 0.0, 0.0]}