{"objects": [21, 29], "object_poses": {"21": [[-0.20435794399070556, -0.054108831001103606, 0.9773996445342076, 0.08334081402429322], [-0.17851015728016809, -0.9796689568343019, -0.09155795302979977, -0.04896019515631722], [0.9624821839783337, -0.19318635930854988, 0.19054415787792486, 0.5638453608994889], [0.0, 0.0, 0.0, 1.0]], "29": [[0.9611086172033748, -0.08012801192584856, -0.26429099046741156, 0.08437586701566041], [-0.16453282187523888, 0.6024779696977068, -0.7809924753508896, -0.17720451306467566], [0.2218088737251175, 0.7941031404885323, 0.565863080438241, 0.4917368756803624], [0.0, 0.0, 0.0, 1.0]]}, "intrinsic": [[1387.14196777, 0.0, 949.0501709], [0.0, 1385.58874512, 538.76617432], [0.0, 0.0, 1.0]], "distortion": [0.0, 0.0, 0.0, 0.0, 0.0, 0.0, 0.0, 0.0]}