{"objects": [21, 29], "object_poses": {"21": [[-0.20306337632239221, -0.05186164098712513, 0.9777912023487852, 0.06878041337137125], [-0.1774518134240854, -0.9801116357896061, -0.08883712794959644, -0.07374882036696973], [0.9629517740307956, -0.1915503891511388, 0.18982183569598635, 0.5489642866225763], [0.0, 0.0, 0.0, 1.0]], "29": [[0.9617080811491022, -0.08091096338343058, -0.26186061684967976, 0.07006810418124343], [-0.16180113877511915, 0.6035661739423412, -0.7807229118987661, -0.20210702850943812], [0.22121925355539, 0.7931968795179282, 0.567362980973757, 0.47706281024062036], [0.0, 0.0, 0.0, 1.0]]}, "intrinsic": [[1387.14196777, 0.0, 949.0501709], [0.0, 1385.58874512, 538.76617432], [0.0, 0.0, 1.0]], "distortion": [0.0, 0.0, 0.0, 0.0, 0.0, 0.0, 0.0, 0.0]}