{"objects": [21, 29], "object_poses": {"21": [[-0.20326261036582347, -0.05242546044672674, 0.9777197360819871, 0.07686008577399983], [-0.17806704321036995, -0.9799339434318438, -0.08956335541078861, -0.06468319454678217], [0.96279615669652, -0.19230454390646198, 0.1898486845973412, 0.5544901630387377], [0.0, 0.0, 0.0, 1.0]], "29": [[0.9615901959091152, -0.0806295159977554, -0.26237983207833476, 0.07807849642715492], [-0.1625417704007397, 0.603007720998582, -0.7810005514025581, -0.1929871516298191], [0.2211887610311166, 0.7936501556517668, 0.5667406482928995, 0.48249071773957897], [0.0, 0.0, 0.0, 1.0]]}, "intrinsic": [[1387.14196777, 0.0, 949.0501709], [0.0, 1385.58874512, 538.76617432], [0.0, 0.0, 1.0]], "distortion": [0.0, 0.0, 0.0, 0.0, 0.0, 0.0, 0.0, 0.0]}