{"objects": [21, 29], "object_poses": {"21": [[-0.13551914836363144, -0.1374999417209948, 0.9811872025528715, 0.06160074629404211], [-0.15903177059676477, -0.9744636559365586, -0.15852280340576066, -0.06889076618581358], [0.9779281447875687, -0.17752281342263418, 0.11019162557499178, 0.543843346568999], [0.0, 0.0, 0.0, 1.0]], "29": [[0.9625495747372604, 0.027928753469065516, -0.26966331026448914, 0.047781788681300896], [-0.2300277444625299, 0.6105471042262827, -0.7578386835589696, -0.19725289535144375], [0.14347666343561896, 0.7914873456035635, 0.5941062436962068, 0.4732777015451251], [0.0, 0.0, 0.0, 1.0]]}, "intrinsic": [[1387.14196777, 0.0, 949.0501709], [0.0, 1385.58874512, 538.76617432], [0.0, 0.0, 1.0]], "distortion": [0.0, 0.0, 0.0, 0.0, 0.0, 0.0, 0.0, 0.0]}