{"objects": [21, 29], "object_poses": {"21": [[-0.20747721542653635, -0.058045612286570104, 0.9765162118332384, 0.09363735087073602], [-0.1781949167337045, -0.979294078008101, -0.0960712258094949, -0.03177099541435702], [0.9618730564524204, -0.19394281547030515, 0.1928377753406562, 0.5729524522072071], [0.0, 0.0, 0.0, 1.0]], "29": [[0.959822065173517, -0.07933298646103076, -0.2691614394099518, 0.09426978741114414], [-0.16899176363847565, 0.6023325354083984, -0.780152100946257, -0.1599732901540109], [0.22401648829588536, 0.7942932670290456, 0.564725436760126, 0.5007646298368007], [0.0, 0.0, 0.0, 1.0]]}, "intrinsic": [[1387.14196777, 0.0, 949.0501709], [0.0, 1385.58874512, 538.76617432], [0.0, 0.0, 1.0]], "distortion": [0.0, 0.0, 0.0, 0.0, 0.0, 0.0, 0.0, 0.0]}