{"objects": [21, 29], "object_poses": {"21": [[-0.18800264030434377, -0.07929178354232105, 0.9789626245681108, 0.06318771317501484], [-0.15487326717540945, -0.98187289657013, -0.1092697858303208, -0.07391597834830299], [0.9698810640243537, -0.17215814835106819, 0.1723145194210939, 0.5452396740642816], [0.0, 0.0, 0.0, 1.0]], "29": [[0.9617556749029018, -0.05047294968619493, -0.26921831873417756, 0.059943768547446236], [-0.18123480170479803, 0.6197023478856215, -0.7636248730077361, -0.20355465649541116], [0.20537762400783682, 0.7832122837232784, 0.5868547948018086, 0.4757371561056075], [0.0, 0.0, 0.0, 1.0]]}, "intrinsic": [[1387.14196777, 0.0, 949.0501709], [0.0, 1385.58874512, 538.76617432], [0.0, 0.0, 1.0]], "distortion": [0.0, 0.0, 0.0, 0.0, 0.0, 0.0, 0.0, 0.0]}