{"objects": [21, 29], "object_poses": {"21": [[-0.10434677859623194, -0.1754890664448775, 0.9789358188129115, 0.060970054197571066], [-0.15758536428244718, -0.9689569326631776, -0.19049754751161957, -0.06527349202853394], [0.98197688504392, -0.17414376303008888, 0.07345302605858636, 0.5420217388475352], [0.0, 0.0, 0.0, 1.0]], "29": [[0.9592335448298097, 0.07695734642030107, -0.2719348696015332, 0.04039697601648756], [-0.26146502160435975, 0.6068793900227121, -0.7505554266295745, -0.1929034094495467], [0.10727091381491631, 0.7910593990324727, 0.6022607228200306, 0.47177458456828686], [0.0, 0.0, 0.0, 1.0]]}, "intrinsic": [[1387.14196777, 0.0, 949.0501709], [0.0, 1385.58874512, 538.76617432], [0.0, 0.0, 1.0]], "distortion": [0.0, 0.0, 0.0, 0.0, 0.0, 0.0, 0.0, 0.0]}