{"objects": [21, 29], "object_poses": {"21": [[-0.15182556739797318, -0.11925590656484412, 0.9811865397740082, 0.06221998807396151], [-0.15833914700395013, -0.9769395311314457, -0.14324059144927764, -0.07068784183739141], [0.9756422047094656, -0.1771078238307823, 0.12944152010688184, 0.5447821574418815], [0.0, 0.0, 0.0, 1.0]], "29": [[0.9630016963385815, 0.0034644220407639673, -0.26947306104498936, 0.05170814531612428], [-0.21492778183975442, 0.6131162842446682, -0.7601937059641205, -0.19944281868566222], [0.16258469006174944, 0.7899850756653218, 0.5911766223249952, 0.4743622231213511], [0.0, 0.0, 0.0, 1.0]]}, "intrinsic": [[1387.14196777, 0.0, 949.0501709], [0.0, 1385.58874512, 538.76617432], [0.0, 0.0, 1.0]], "distortion": [0.0, 0.0, 0.0, 0.0, 0.0, 0.0, 0.0, 0.0]}