{"objects": [21, 29], "object_poses": {"21": [[-0.11642010680908725, -0.16130562624541972, 0.9800137007573639, 0.061549558122935444], [-0.15896989000740147, -0.9709757471305759, -0.17870274915417836, -0.06702260193714848], [0.9803952941551674, -0.1765972633587521, 0.087398362528166, 0.5429749297470438], [0.0, 0.0, 0.0, 1.0]], "29": [[0.9606879358078545, 0.058363707472110754, -0.2714265418918576, 0.04351825447360197], [-0.2499071802181426, 0.6076502676266998, -0.7538617602243972, -0.19488111385694024], [0.12093424357343091, 0.792057340035, 0.59834779086081, 0.4724456232891319], [0.0, 0.0, 0.0, 1.0]]}, "intrinsic": [[1387.14196777, 0.0, 949.0501709], [0.0, 1385.58874512, 538.76617432], [0.0, 0.0, 1.0]], "distortion": [0.0, 0.0, 0.0, 0.0, 0.0, 0.0, 0.0, 0.0]}