{"objects": [21, 29], "object_poses": {"21": [[-0.20358307819428823, -0.056418231043882223, 0.9774307717065324, 0.06318849365095003], [-0.1696969753431437, -0.9811944264357787, -0.09198061801683562, -0.07390685830957511], [0.964239009184097, -0.18459274291599456, 0.1901805784785179, 0.545849233001687], [0.0, 0.0, 0.0, 1.0]], "29": [[0.9610224439380873, -0.07789851949735627, -0.2652690764250584, 0.06386512534830224], [-0.16464593550727388, 0.6095306912194076, -0.7754766614041563, -0.20277534681691578], [0.22209812734063725, 0.7889259516087181, 0.5729469999136665, 0.474857931489096], [0.0, 0.0, 0.0, 1.0]]}, "intrinsic": [[1387.14196777, 0.0, 949.0501709], [0.0, 1385.58874512, 538.76617432], [0.0, 0.0, 1.0]], "distortion": [0.0, 0.0, 0.0, 0.0, 0.0, 0.0, 0.0, 0.0]}