{"objects": [21, 29], "object_poses": {"21": [[-0.16984745608330296, -0.09584993763300224, 0.9807979563181146, 0.05796924157383099], [-0.15580693673315707, -0.9801289156753787, -0.12276606665867786, -0.07214567357876145], [0.9730755572553769, -0.17366662924339651, 0.1515383177924873, 0.544914805905884], [0.0, 0.0, 0.0, 1.0]], "29": [[0.9633298970816724, -0.02597780666655391, -0.2670592873304126, 0.05156519438057361], [-0.19461444300154, 0.6175438513145841, -0.7620792677135109, -0.20148411116390547], [0.18471796870860266, 0.7861073369867219, 0.5898427983554784, 0.4750730791685504], [0.0, 0.0, 0.0, 1.0]]}, "intrinsic": [[1387.14196777, 0.0, 949.0501709], [0.0, 1385.58874512, 538.76617432], [0.0, 0.0, 1.0]], "distortion": [0.0, 0.0, 0.0, 0.0, 0.0, 0.0, 0.0, 0.0]}