{"objects": [21, 29], "object_poses": {"21": [[-0.3025969762274691, -0.11705099246865891, 0.9459038720399153, 0.11766545257239697], [-0.23047121346627775, -0.9539933557900512, -0.19178033494554442, -0.015332903878820248], [0.9248340876835025, -0.2760357626659034, 0.26169862053148224, 0.5858256182809748], [0.0, 0.0, 0.0, 1.0]], "29": [[0.9209781753302033, -0.10028460893224878, -0.37648665019728517, 0.1145403258825256], [-0.265136399688241, 0.5467317692336012, -0.7942210410654351, -0.13746861346794292], [0.28548535886420573, 0.8312805601732861, 0.47693892706737046, 0.5038474987770133], [0.0, 0.0, 0.0, 1.0]]}, "intrinsic": [[1387.14196777, 0.0, 949.0501709], [0.0, 1385.58874512, 538.76617432], [0.0, 0.0, 1.0]], "distortion": [0.0, 0.0, 0.0, 0.0, 0.0, 0.0, 0.0, 0.0]}