{"objects": [21, 29], "object_poses": {"21": [[-0.33062809667985066, -0.1345332903218429, 0.9341230408683044, 0.12037771307841055], [-0.22182343320383915, -0.9509811308790991, -0.21547448385731893, -0.016224394277188914], [0.9173218770788818, -0.2784522984410367, 0.28457844494160917, 0.586101387666231], [0.0, 0.0, 0.0, 1.0]], "29": [[0.9067744033999073, -0.10643874684801939, -0.40795952557598525, 0.11613489083575007], [-0.28815125583957324, 0.549903420892375, -0.7839483920826357, -0.13832053167587305], [0.30778082314666155, 0.8284183851534782, 0.4679678878329984, 0.5041145488272387], [0.0, 0.0, 0.0, 1.0]]}, "intrinsic": [[1387.14196777, 0.0, 949.0501709], [0.0, 1385.58874512, 538.76617432], [0.0, 0.0, 1.0]], "distortion": [0.0, 0.0, 0.0, 0.0, 0.0, 0.0, 0.0, 0.0]}