{"objects": [21, 29], "object_poses": {"21": [[-0.262698255955254, -0.11292022093717435, 0.9582476976343737, 0.11672144701200227], [-0.23816615963545312, -0.9548096921727068, -0.17780700812275965, -0.015225030174452536], [0.935022195844874, -0.27493176505556466, 0.22393306553714995, 0.5855995708150701], [0.0, 0.0, 0.0, 1.0]], "29": [[0.9354086713947563, -0.07626109026280453, -0.3452460913485386, 0.11229629619244297], [-0.2516205250746724, 0.5424047263246571, -0.8015511363736126, -0.13712889000638745], [0.24839027525380475, 0.8366488863152882, 0.48818122883488435, 0.5033367174159071], [0.0, 0.0, 0.0, 1.0]]}, "intrinsic": [[1387.14196777, 0.0, 949.0501709], [0.0, 1385.58874512, 538.76617432], [0.0, 0.0, 1.0]], "distortion": [0.0, 0.0, 0.0, 0.0, 0.0, 0.0, 0.0, 0.0]}