{"objects": [21, 29], "object_poses": {"21": [[-0.37743482156627284, -0.20387306846528577, 0.9033154086053189, 0.12565804592725946], [-0.29036859479080673, -0.9002147575541308, -0.3244987972874101, -0.01781381472542426], [0.8793344270688199, -0.384771571502254, 0.28057405998281465, 0.5944740626258324], [0.0, 0.0, 0.0, 1.0]], "29": [[0.8692943818713326, -0.08723233110888652, -0.4865365331157206, 0.11395881819146195], [-0.39663381123445024, 0.46428720053639744, -0.7919084639045847, -0.12951737584104484], [0.2949727062502383, 0.8813784180630896, 0.36900296305047087, 0.49943326846065916], [0.0, 0.0, 0.0, 1.0]]}, "intrinsic": [[1387.14196777, 0.0, 949.0501709], [0.0, 1385.58874512, 538.76617432], [0.0, 0.0, 1.0]], "distortion": [0.0, 0.0, 0.0, 0.0, 0.0, 0.0, 0.0, 0.0]}