{"objects": [21, 29], "object_poses": {"21": [[-0.34901476948029736, -0.15851342069755425, 0.9236136563213997, 0.12287009208295177], [-0.23914788530995332, -0.9378912845997639, -0.2513329011959809, -0.016685105677689882], [0.9060888365035707, -0.3085991473263871, 0.28942976113909996, 0.5898319488954237], [0.0, 0.0, 0.0, 1.0]], "29": [[0.8938548454954917, -0.10127431296655084, -0.4367688504431165, 0.11615119338028587], [-0.3238283051275091, 0.5279248723141677, -0.7851309177394076, -0.13611026158532707], [0.3100947338838455, 0.8432311917411696, 0.43909271605469086, 0.5041593244011785], [0.0, 0.0, 0.0, 1.0]]}, "intrinsic": [[1387.14196777, 0.0, 949.0501709], [0.0, 1385.58874512, 538.76617432], [0.0, 0.0, 1.0]], "distortion": [0.0, 0.0, 0.0, 0.0, 0.0, 0.0, 0.0, 0.0]}