{"objects": [21, 29], "object_poses": {"21": [[-0.40834966143970525, -0.21325430208827337, 0.8875658604537079, 0.1256411152798094], [-0.31450794993774256, -0.8799237854432821, -0.3561163872066677, -0.018137320829303527], [0.8569336633765993, -0.4245665253549982, 0.29224640651332207, 0.5968728229698639], [0.0, 0.0, 0.0, 1.0]], "29": [[0.8515383507024321, -0.10138752271941892, -0.5143957693447903, 0.11409302952101483], [-0.4279228261851758, 0.4324731030992889, -0.7936303106140624, -0.1258510407212241], [0.30292654573789224, 0.8959283371634704, 0.32488139767431906, 0.49731527020050115], [0.0, 0.0, 0.0, 1.0]]}, "intrinsic": [[1387.14196777, 0.0, 949.0501709], [0.0, 1385.58874512, 538.76617432], [0.0, 0.0, 1.0]], "distortion": [0.0, 0.0, 0.0, 0.0, 0.0, 0.0, 0.0, 0.0]}