{"objects": [21, 29], "object_poses": {"21": [[-0.20947076909478343, -0.06107270076769758, 0.9759057957179007, 0.10936676229863987], [-0.17738244729601962, -0.97911469157675, -0.09934731063218295, -0.017600447345643477], [0.9615911107566025, -0.19391891594043292, 0.19426268235143226, 0.5787141335915396], [0.0, 0.0, 0.0, 1.0]], "29": [[0.9589202625593883, -0.07844786942350283, -0.27261302580024377, 0.10967063005939356], [-0.17220745292339948, 0.602688394925432, -0.7791734670661289, -0.14581244408894029], [0.22542520535797708, 0.7941112204251549, 0.5644208061226964, 0.5065414129378685], [0.0, 0.0, 0.0, 1.0]]}, "intrinsic": [[1387.14196777, 0.0, 949.0501709], [0.0, 1385.58874512, 538.76617432], [0.0, 0.0, 1.0]], "distortion": [0.0, 0.0, 0.0, 0.0, 0.0, 0.0, 0.0, 0.0]}