{"objects": [21, 29], "object_poses": {"21": [[-0.23597851146534965, -0.0916024949201639, 0.9674311991304649, 0.11424476051169993], [-0.22439295822444663, -0.9635050248667436, -0.14596529503900685, -0.014560250257925178], [0.9454956067723856, -0.2515294217004146, 0.20681152674156406, 0.5839617740775749], [0.0, 0.0, 0.0, 1.0]], "29": [[0.9472171478066179, -0.0738715498773632, -0.3119658138640033, 0.11153622277654571], [-0.21982043581811267, 0.5586722906455996, -0.7997276084152302, -0.13835212436808664], [0.23336377374787298, 0.826092165429212, 0.5129454974153074, 0.5044913658824282], [0.0, 0.0, 0.0, 1.0]]}, "intrinsic": [[1387.14196777, 0.0, 949.0501709], [0.0, 1385.58874512, 538.76617432], [0.0, 0.0, 1.0]], "distortion": [0.0, 0.0, 0.0, 0.0, 0.0, 0.0, 0.0, 0.0]}