{"objects": [21, 29], "object_poses": {"21": [[-0.22124616536237632, -0.07091950404782801, 0.9726358816422843, 0.10536126753256153], [-0.1930236186397662, -0.9744365230260118, -0.11495801511940676, -0.014632102937775282], [0.9559246920964307, -0.21317571751631254, 0.20190120480510312, 0.5816702188778371], [0.0, 0.0, 0.0, 1.0]], "29": [[0.9544609814042866, -0.07915285712587447, -0.28764398166065397, 0.10484478695930644], [-0.18818307050434857, 0.588422781458327, -0.7863496437567777, -0.1414452608934968], [0.23149809276177363, 0.8046697803879964, 0.5467313577782096, 0.5070681661702424], [0.0, 0.0, 0.0, 1.0]]}, "intrinsic": [[1387.14196777, 0.0, 949.0501709], [0.0, 1385.58874512, 538.76617432], [0.0, 0.0, 1.0]], "distortion": [0.0, 0.0, 0.0, 0.0, 0.0, 0.0, 0.0, 0.0]}