{"objects": [21, 29], "object_poses": {"21": [[-0.43921358181936593, -0.2607798231720687, 0.8597007115105562, 0.08825585508159745], [-0.2850119702899443, -0.8670614880552174, -0.408622751107818, 0.0027851677983581347], [0.8519739469824467, -0.4244976557742391, 0.3064998106122279, 0.6081532223465513], [0.0, 0.0, 0.0, 1.0]], "29": [[0.8191786559126846, -0.08752430099638778, -0.5668208062802549, 0.07154692217834735], [-0.4780335415568224, 0.4418824405414762, -0.7590940929079607, -0.10446042672376993], [0.3169073411010647, 0.8927930361938383, 0.32014111213658997, 0.5088229446468386], [0.0, 0.0, 0.0, 1.0]]}, "intrinsic": [[1387.14196777, 0.0, 949.0501709], [0.0, 1385.58874512, 538.76617432], [0.0, 0.0, 1.0]], "distortion": [0.0, 0.0, 0.0, 0.0, 0.0, 0.0, 0.0, 0.0]}