{"objects": [21, 29], "object_poses": {"21": [[-0.43147732182853293, -0.2498298389117348, 0.8668404537958659, 0.10423427418900527], [-0.29254002548649505, -0.8702149805636915, -0.3964167265528796, -0.0062360313245413135], [0.8533742755884077, -0.42463035594723825, 0.30239280178616545, 0.6010057999318708], [0.0, 0.0, 0.0, 1.0]], "29": [[0.827380624877455, -0.09028477799489106, -0.5543374066755942, 0.08868449415089158], [-0.4664264435795602, 0.43936408884202494, -0.7677275364123328, -0.11358189005415587], [0.31287005978062743, 0.8937605139512712, 0.32141012646529643, 0.5015956344283371], [0.0, 0.0, 0.0, 1.0]]}, "intrinsic": [[1387.14196777, 0.0, 949.0501709], [0.0, 1385.58874512, 538.76617432], [0.0, 0.0, 1.0]], "distortion": [0.0, 0.0, 0.0, 0.0, 0.0, 0.0, 0.0, 0.0]}