{"objects": [21, 29], "object_poses": {"21": [[-0.42597209700930594, -0.2310956626941895, 0.8747242807041756, 0.11782929238740872], [-0.31117630021223325, -0.8704200518842594, -0.3814947489337636, -0.01356522369439056], [0.8495393356141453, -0.43469958357668637, 0.2988631614678158, 0.5982776014257462], [0.0, 0.0, 0.0, 1.0]], "29": [[0.8367369555217333, -0.10028865514488863, -0.5383432482287375, 0.10462815220117519], [-0.45243268614179055, 0.42723704553552866, -0.7827982954967431, -0.12008369209521119], [0.30850596716232714, 0.8985603444239638, 0.31211115913074433, 0.49764532112564147], [0.0, 0.0, 0.0, 1.0]]}, "intrinsic": [[1387.14196777, 0.0, 949.0501709], [0.0, 1385.58874512, 538.76617432], [0.0, 0.0, 1.0]], "distortion": [0.0, 0.0, 0.0, 0.0, 0.0, 0.0, 0.0, 0.0]}