{"objects": [21, 29], "object_poses": {"21": [[-0.40095559085245636, -0.3697585512435144, 0.838160621806146, 0.07343919312677993], [-0.2089064973718267, -0.8539137429984683, -0.47664388685284514, 0.008868755438102893], [0.8919600268621881, -0.3662102310158083, 0.26513652554742023, 0.61723648046582], [0.0, 0.0, 0.0, 1.0]], "29": [[0.7922574387867328, 0.018412749841624082, -0.6099091090731262, 0.03976025832542518], [-0.541424238873341, 0.4821786214788897, -0.6887405683921567, -0.10003126334802864], [0.2814035256487165, 0.8758794138647158, 0.39197870875914403, 0.5242105415557592], [0.0, 0.0, 0.0, 1.0]]}, "intrinsic": [[1387.14196777, 0.0, 949.0501709], [0.0, 1385.58874512, 538.76617432], [0.0, 0.0, 1.0]], "distortion": [0.0, 0.0, 0.0, 0.0, 0.0, 0.0, 0.0, 0.0]}