{"objects": [21, 29], "object_poses": {"21": [[-0.4480844816589887, -0.3061866421093778, 0.839922637800761, 0.13360955150061388], [-0.2529925540261761, -0.8576847501108087, -0.4476289054950296, -0.01656188399228431], [0.8574468291991694, -0.41306973941593833, 0.3068522860842717, 0.6196383926657901], [0.0, 0.0, 0.0, 1.0]], "29": [[0.7960415419205447, -0.060278921490699744, -0.6022327748974619, 0.11099982513572981], [-0.5148023826000363, 0.45580802946111953, -0.7260974777177693, -0.12395684423536096], [0.31827090725686047, 0.8880346231441084, 0.3318103941880171, 0.5216463887105434], [0.0, 0.0, 0.0, 1.0]]}, "intrinsic": [[1387.14196777, 0.0, 949.0501709], [0.0, 1385.58874512, 538.76617432], [0.0, 0.0, 1.0]], "distortion": [0.0, 0.0, 0.0, 0.0, 0.0, 0.0, 0.0, 0.0]}