{"objects": [21, 29], "object_poses": {"21": [[-0.35970385104001235, -0.18253300113887752, 0.9150381648009166, 0.0650454267881691], [-0.26203149851923185, -0.9214526717330173, -0.2868178298848531, 0.02628063786666518], [0.8955180809624965, -0.34293829948159316, 0.28362067875584257, 0.591893947657671], [0.0, 0.0, 0.0, 1.0]], "29": [[0.8832177479930418, -0.09086469695995446, -0.46007609857119697, 0.05548339543722425], [-0.35916916950763567, 0.4997351560525569, -0.7882019293812542, -0.08974698034035106], [0.30153593037200926, 0.8613990832660041, 0.4087391613770152, 0.5019302359694437], [0.0, 0.0, 0.0, 1.0]]}, "intrinsic": [[1387.14196777, 0.0, 949.0501709], [0.0, 1385.58874512, 538.76617432], [0.0, 0.0, 1.0]], "distortion": [0.0, 0.0, 0.0, 0.0, 0.0, 0.0, 0.0, 0.0]}