{"objects": [21, 29], "object_poses": {"21": [[-0.3077904331180952, -0.40212275790135893, 0.8623006070152051, 0.07187801638554736], [-0.18263684349299025, -0.8644732759285862, -0.46832652989577966, 0.00695579978997235], [0.9337605863816989, -0.3016342864846632, 0.19263417281727865, 0.6155038777521732], [0.0, 0.0, 0.0, 1.0]], "29": [[0.8184986439483046, 0.10548306662378093, -0.5647417927783001, 0.02930725745191287], [-0.5326144755371307, 0.5078167038847344, -0.677084939799994, -0.10465296187386824], [0.21536431993975205, 0.8549827588386195, 0.47182909171182025, 0.5296055375193698], [0.0, 0.0, 0.0, 1.0]]}, "intrinsic": [[1387.14196777, 0.0, 949.0501709], [0.0, 1385.58874512, 538.76617432], [0.0, 0.0, 1.0]], "distortion": [0.0, 0.0, 0.0, 0.0, 0.0, 0.0, 0.0, 0.0]}