{"objects": [21, 29], "object_poses": {"21": [[-0.4510129780687182, -0.2744919230278236, 0.8492593701608965, 0.07370077485880527], [-0.2735932479495443, -0.8632036077017123, -0.42429502274617037, 0.012176863580460662], [0.8495493089220938, -0.42371419122238907, 0.3142168930321132, 0.6162920986944939], [0.0, 0.0, 0.0, 1.0]], "29": [[0.807313988576998, -0.08551570561277737, -0.5838931305825276, 0.05564043612608133], [-0.49286806659348525, 0.44643717254044374, -0.746843303448925, -0.09504855626037001], [0.3245384303596662, 0.8907193245167933, 0.31826701392391116, 0.5171767943470374], [0.0, 0.0, 0.0, 1.0]]}, "intrinsic": [[1387.14196777, 0.0, 949.0501709], [0.0, 1385.58874512, 538.76617432], [0.0, 0.0, 1.0]], "distortion": [0.0, 0.0, 0.0, 0.0, 0.0, 0.0, 0.0, 0.0]}