{"objects": [21, 29], "object_poses": {"21": [[-0.3487416371648891, -0.38915171307897517, 0.8526078903665281, 0.07306593862156607], [-0.19805430972225702, -0.8585763853786247, -0.47288590682174286, 0.007823459191375615], [0.9160533613867674, -0.33377767252751067, 0.22234816035696472, 0.6164122464267144], [0.0, 0.0, 0.0, 1.0]], "29": [[0.8077960759842797, 0.06815493188949612, -0.5855086719114894, 0.03422766007159489], [-0.537483827474975, 0.4929977474252471, -0.6841522902369714, -0.10223779109085768], [0.24202610360717033, 0.8673569774278527, 0.434873819492461, 0.526827541500826], [0.0, 0.0, 0.0, 1.0]]}, "intrinsic": [[1387.14196777, 0.0, 949.0501709], [0.0, 1385.58874512, 538.76617432], [0.0, 0.0, 1.0]], "distortion": [0.0, 0.0, 0.0, 0.0, 0.0, 0.0, 0.0, 0.0]}