{"objects": [21, 29], "object_poses": {"21": [[-0.42897366194056963, -0.3422364473272452, 0.8359759634595559, 0.13384610927226132], [-0.23204744038145386, -0.8526456815714638, -0.46813387733633965, -0.019997347913275954], [0.873003770194445, -0.3948031861806173, 0.28634744875399504, 0.6189351342273348], [0.0, 0.0, 0.0, 1.0]], "29": [[0.7906041982748331, -0.020833375166122013, -0.6119730158670506, 0.10531802826466352], [-0.5339329063860393, 0.46581588535044705, -0.705642411164001, -0.12764766691041385], [0.29976766528160176, 0.884636383738752, 0.3571523700288887, 0.5227849004007319], [0.0, 0.0, 0.0, 1.0]]}, "intrinsic": [[1387.14196777, 0.0, 949.0501709], [0.0, 1385.58874512, 538.76617432], [0.0, 0.0, 1.0]], "distortion": [0.0, 0.0, 0.0, 0.0, 0.0, 0.0, 0.0, 0.0]}