{"objects": [21, 29], "object_poses": {"21": [[-0.1946047645066311, -0.39462440073411403, 0.8979980890717812, 0.06578681577998868], [-0.044569171850982005, -0.9109978653013345, -0.40999570526645285, 0.003358863296046344], [0.9798686516833973, -0.11981014882580251, 0.15969644231010052, 0.6083374624212348], [0.0, 0.0, 0.0, 1.0]], "29": [[0.8598334912552054, 0.17676550222127513, -0.4789992949267927, 0.01893871924483842], [-0.4711483969529724, 0.6361910819569483, -0.6109665255045493, -0.12124890610878003], [0.1967372749748932, 0.7510092306109944, 0.6303011821126036, 0.545683893440219], [0.0, 0.0, 0.0, 1.0]]}, "intrinsic": [[1387.14196777, 0.0, 949.0501709], [0.0, 1385.58874512, 538.76617432], [0.0, 0.0, 1.0]], "distortion": [0.0, 0.0, 0.0, 0.0, 0.0, 0.0, 0.0, 0.0]}