{"objects": [21, 29], "object_poses": {"21": [[-0.25864709325034685, -0.41139664092232686, 0.8739876915557697, 0.07125196948842527], [-0.16840446236169485, -0.8717157805179799, -0.4601646825350722, 0.005951699274928224], [0.9511790673736553, -0.26620368486135365, 0.15618572263950192, 0.6144011501140276], [0.0, 0.0, 0.0, 1.0]], "29": [[0.8318147788996436, 0.14562786872329017, -0.5356087167469071, 0.025079808103013523], [-0.5242987868488798, 0.5228969958905766, -0.672078502704418, -0.10734048644744393], [0.18219482899618178, 0.8398638315463598, 0.5113059639270109, 0.5326679119650404], [0.0, 0.0, 0.0, 1.0]]}, "intrinsic": [[1387.14196777, 0.0, 949.0501709], [0.0, 1385.58874512, 538.76617432], [0.0, 0.0, 1.0]], "distortion": [0.0, 0.0, 0.0, 0.0, 0.0, 0.0, 0.0, 0.0]}