{"objects": [21, 29], "object_poses": {"21": [[-0.2105643248255138, -0.43408284876322645, 0.8759193715864428, 0.06875181355001508], [-0.11383709964417729, -0.8790244368515306, -0.4629872073421227, 0.004272195879687468], [0.9709293382401112, -0.19720070950039578, 0.13567645454228264, 0.612064808887666], [0.0, 0.0, 0.0, 1.0]], "29": [[0.8344686091648469, 0.194800568617651, -0.5154753910563973, 0.017166252708900154], [-0.5250623178714854, 0.5649812577406246, -0.6364791754278019, -0.112586328337074], [0.16724742948675525, 0.8017785959154013, 0.573741562432086, 0.5390557321803123], [0.0, 0.0, 0.0, 1.0]]}, "intrinsic": [[1387.14196777, 0.0, 949.0501709], [0.0, 1385.58874512, 538.76617432], [0.0, 0.0, 1.0]], "distortion": [0.0, 0.0, 0.0, 0.0, 0.0, 0.0, 0.0, 0.0]}