{"objects": [21, 29], "object_poses": {"21": [[-0.22369152565473638, -0.2826372016472055, 0.9327798848577855, 0.05875095331593655], [0.04042009465081054, -0.9588978431251516, -0.28085786867801765, 0.002840185321099642], [0.9738215017644032, -0.02512247390240042, 0.2259215439181216, 0.5984246365725903], [0.0, 0.0, 0.0, 1.0]], "29": [[0.9005784699846313, 0.07501390745002817, -0.4281720835005919, 0.0288510170484772], [-0.3416644466820365, 0.7311159777698297, -0.5905377489400087, -0.13254840290545017], [0.2687449074375469, 0.6781167604024796, 0.6840568938236352, 0.5491982814333394], [0.0, 0.0, 0.0, 1.0]]}, "intrinsic": [[1387.14196777, 0.0, 949.0501709], [0.0, 1385.58874512, 538.76617432], [0.0, 0.0, 1.0]], "distortion": [0.0, 0.0, 0.0, 0.0, 0.0, 0.0, 0.0, 0.0]}