{"objects": [21, 29], "object_poses": {"21": [[-0.19542298309393782, -0.41648951119396616, 0.8878887006512071, 0.06682365654646605], [-0.08167172085329778, -0.8952884644334462, -0.4379364057317791, 0.0038894095440111798], [0.9773124309510903, -0.15809823692192457, 0.14094452735261515, 0.6102401924704687], [0.0, 0.0, 0.0, 1.0]], "29": [[0.8482689250925198, 0.1921993956686217, -0.49345640438342386, 0.016973329517304625], [-0.4996786165115793, 0.5991037260648142, -0.6256165004348424, -0.11676566373235014], [0.17538845721276114, 0.777260649795088, 0.6042390018499755, 0.5423829287558627], [0.0, 0.0, 0.0, 1.0]]}, "intrinsic": [[1387.14196777, 0.0, 949.0501709], [0.0, 1385.58874512, 538.76617432], [0.0, 0.0, 1.0]], "distortion": [0.0, 0.0, 0.0, 0.0, 0.0, 0.0, 0.0, 0.0]}