{"objects": [21, 29], "object_poses": {"21": [[-0.22659459090428405, -0.3300657500654502, 0.9163577314600793, 0.05990514366749328], [0.03680794719303018, -0.9430593346664452, -0.3305817089948016, 0.0039319089460593815], [0.9732934122844751, -0.04117878012060968, 0.22584118683584664, 0.6034951572383748], [0.0, 0.0, 0.0, 1.0]], "29": [[0.8809293402794726, 0.10783097131325825, -0.4607992828341118, 0.02354022182712001], [-0.3903421521638552, 0.7160883251797591, -0.5786626951734026, -0.12902921406786144], [0.2675752262054177, 0.6896303300804691, 0.6729141892947664, 0.5520535177087815], [0.0, 0.0, 0.0, 1.0]]}, "intrinsic": [[1387.14196777, 0.0, 949.0501709], [0.0, 1385.58874512, 538.76617432], [0.0, 0.0, 1.0]], "distortion": [0.0, 0.0, 0.0, 0.0, 0.0, 0.0, 0.0, 0.0]}