{"objects": [21, 29], "object_poses": {"21": [[-0.1955962255481667, -0.3722801131894371, 0.907275941417484, 0.06458963340901541], [-0.004206216344748078, -0.9248186019073927, -0.38038514864558487, 0.0029435430644800253], [0.9806754938792822, -0.0782180982236425, 0.1793251371528968, 0.6061215440358786], [0.0, 0.0, 0.0, 1.0]], "29": [[0.8705169819111274, 0.15974436146631632, -0.46549105596571944, 0.02089598961983702], [-0.4406770865172083, 0.6741066193389491, -0.592776493445993, -0.12550741138979227], [0.21909789963179718, 0.7211532463652521, 0.6572169395517761, 0.5492134792007173], [0.0, 0.0, 0.0, 1.0]]}, "intrinsic": [[1387.14196777, 0.0, 949.0501709], [0.0, 1385.58874512, 538.76617432], [0.0, 0.0, 1.0]], "distortion": [0.0, 0.0, 0.0, 0.0, 0.0, 0.0, 0.0, 0.0]}