{"objects": [21, 29], "object_poses": {"21": [[-0.22382660038420965, -0.30680975044380643, 0.9250780669722244, 0.05923481252263085], [0.03853094942929583, -0.9512027312801082, -0.30615148201723036, 0.003915007716737251], [0.9738670437470027, -0.03288070920584767, 0.22472614459736687, 0.6016002734129499], [0.0, 0.0, 0.0, 1.0]], "29": [[0.891292239281446, 0.09265648070011434, -0.443861375635405, 0.025976439425291487], [-0.36645230134518003, 0.7237042438367552, -0.5847776314903821, -0.13028681124141472], [0.2670409238965159, 0.6838617872325882, 0.6789861566538421, 0.5512906077579922], [0.0, 0.0, 0.0, 1.0]]}, "intrinsic": [[1387.14196777, 0.0, 949.0501709], [0.0, 1385.58874512, 538.76617432], [0.0, 0.0, 1.0]], "distortion": [0.0, 0.0, 0.0, 0.0, 0.0, 0.0, 0.0, 0.0]}