{"objects": [21, 29], "object_poses": {"21": [[-0.2296865355727025, -0.4307713610375668, 0.8727428773049152, 0.06984973458667776], [-0.14247189106525432, -0.8721755270927584, -0.46798676284352936, 0.005175505376880385], [0.9627802738075297, -0.23183158639477727, 0.1389541648054563, 0.6133955242274662], [0.0, 0.0, 0.0, 1.0]], "29": [[0.8306340245496678, 0.17942387101879573, -0.5271187643871835, 0.019622720127321136], [-0.5309211669046211, 0.5405535569137231, -0.6526289655237247, -0.10938471934750688], [0.16783870767220124, 0.8219543336564159, 0.5442621074357209, 0.535932552552804], [0.0, 0.0, 0.0, 1.0]]}, "intrinsic": [[1387.14196777, 0.0, 949.0501709], [0.0, 1385.58874512, 538.76617432], [0.0, 0.0, 1.0]], "distortion": [0.0, 0.0, 0.0, 0.0, 0.0, 0.0, 0.0, 0.0]}