{"objects": [21, 29], "object_poses": {"21": [[-0.2068103842301591, -0.3521405734459162, 0.9128124021439268, 0.05746232970989573], [0.026356889077502926, -0.9346491458023459, -0.3545931311363884, 0.00445186947804832], [0.9780259604799517, -0.049274646463816095, 0.20257647899777573, 0.604291365748576], [0.0, 0.0, 0.0, 1.0]], "29": [[0.8768503003385535, 0.13740520698983, -0.46070962643327706, 0.01709686407409139], [-0.41420227449049785, 0.7024074618439637, -0.5788438764924683, -0.12682396019570746], [0.24406971668583624, 0.6983864020998778, 0.6728197431399388, 0.5515220964856441], [0.0, 0.0, 0.0, 1.0]]}, "intrinsic": [[1387.14196777, 0.0, 949.0501709], [0.0, 1385.58874512, 538.76617432], [0.0, 0.0, 1.0]], "distortion": [0.0, 0.0, 0.0, 0.0, 0.0, 0.0, 0.0, 0.0]}