{"objects": [21, 29], "object_poses": {"21": [[-0.17393468404078566, 0.03932225997368895, 0.9839717910378342, 0.049618829653620855], [-0.04904421857040913, -0.9983083779864484, 0.031225743656348365, 0.009719115629208464], [0.9835351495053198, -0.04282688772997195, 0.1755689818131743, 0.5669459122933039], [0.0, 0.0, 0.0, 1.0]], "29": [[0.9752698146858865, -0.12860571171923632, -0.17974804442820022, 0.062260669599000784], [-0.037375371010316266, 0.705595999098574, -0.7076279867966908, -0.12729560119985528], [0.21783450186876993, 0.6968463653986319, 0.6833397930944097, 0.5148454199144509], [0.0, 0.0, 0.0, 1.0]]}, "intrinsic": [[1387.14196777, 0.0, 949.0501709], [0.0, 1385.58874512, 538.76617432], [0.0, 0.0, 1.0]], "distortion": [0.0, 0.0, 0.0, 0.0, 0.0, 0.0, 0.0, 0.0]}