{"objects": [21, 29], "object_poses": {"21": [[-0.22865803251950606, -0.09699170447912635, 0.9686630546410616, 0.05175698581937757], [-0.008220282504966514, -0.9947965880043652, -0.10154888207370635, 0.008772039200172665], [0.9734721008430847, -0.031182651540803522, 0.2266709313587393, 0.5939248680984424], [0.0, 0.0, 0.0, 1.0]], "29": [[0.9484274958152391, -0.06493764076327174, -0.3102714746697686, 0.047953351575473785], [-0.16758482656469048, 0.7281120357388808, -0.6646564445768023, -0.1295291391348417], [0.26907361648243194, 0.6823752385779344, 0.679678911463922, 0.543868634832672], [0.0, 0.0, 0.0, 1.0]]}, "intrinsic": [[1387.14196777, 0.0, 949.0501709], [0.0, 1385.58874512, 538.76617432], [0.0, 0.0, 1.0]], "distortion": [0.0, 0.0, 0.0, 0.0, 0.0, 0.0, 0.0, 0.0]}