{"objects": [21, 29], "object_poses": {"21": [[-0.19800256602066102, 0.010187173797517709, 0.9801485628920051, 0.0502713992715684], [-0.04617784748387942, -0.9989326782712575, 0.00105388973627065, 0.009267438328488531], [0.9791131651913337, -0.04505247797668713, 0.1982616553375138, 0.5769796522095044], [0.0, 0.0, 0.0, 1.0]], "29": [[0.9684086335283828, -0.12333519750177416, -0.2167328945151297, 0.05997682866305307], [-0.06735641263775695, 0.7074489513758575, -0.7035475071903697, -0.12793853571478825], [0.2400996297045881, 0.6959198303356561, 0.6767922558372855, 0.5247528834195954], [0.0, 0.0, 0.0, 1.0]]}, "intrinsic": [[1387.14196777, 0.0, 949.0501709], [0.0, 1385.58874512, 538.76617432], [0.0, 0.0, 1.0]], "distortion": [0.0, 0.0, 0.0, 0.0, 0.0, 0.0, 0.0, 0.0]}