{"objects": [21, 29], "object_poses": {"21": [[-0.21974909119613417, -0.2574959612224158, 0.9409602366054729, 0.05732473029112861], [0.040158798286041575, -0.9661070554838546, -0.25499887894762263, 0.0029115039145899413], [0.9747295049595531, -0.01824793956774917, 0.22264187580695183, 0.5973153974313499], [0.0, 0.0, 0.0, 1.0]], "29": [[0.9105827620654703, 0.05922658377643368, -0.40906141984231537, 0.030740015828172318], [-0.31638072435738984, 0.7367310263002828, -0.5976040764098204, -0.13349615040398205], [0.26597419176365567, 0.6735871188352066, 0.6895927223042343, 0.5490089294244661], [0.0, 0.0, 0.0, 1.0]]}, "intrinsic": [[1387.14196777, 0.0, 949.0501709], [0.0, 1385.58874512, 538.76617432], [0.0, 0.0, 1.0]], "distortion": [0.0, 0.0, 0.0, 0.0, 0.0, 0.0, 0.0, 0.0]}