{"objects": [21, 29], "object_poses": {"21": [[-0.23138110666963718, -0.05188733051511379, 0.9714785064057564, 0.05129097905722768], [-0.030820679161431185, -0.997684503040819, -0.06062770099739705, 0.009936699161922635], [0.9723748604382799, -0.0439697319097728, 0.22924614165438223, 0.5926985088997947], [0.0, 0.0, 0.0, 1.0]], "29": [[0.9540991196007514, -0.10006624260572944, -0.28227932454903604, 0.05390436639076773], [-0.12803933459930467, 0.7157636754715659, -0.6865043988721506, -0.12775181100109867], [0.27074120257629036, 0.6911360994523555, 0.6700970774905216, 0.5409070576090215], [0.0, 0.0, 0.0, 1.0]]}, "intrinsic": [[1387.14196777, 0.0, 949.0501709], [0.0, 1385.58874512, 538.76617432], [0.0, 0.0, 1.0]], "distortion": [0.0, 0.0, 0.0, 0.0, 0.0, 0.0, 0.0, 0.0]}