{"objects": [21, 29], "object_poses": {"21": [[-0.21924356863511738, -0.14066731966281643, 0.9654765469917062, 0.052291076122470304], [0.014860089498228512, -0.9899188467237835, -0.1408540189031426, 0.007580858199968121], [0.9755569872397233, -0.016534269864186872, 0.21912366957454724, 0.595264641383754], [0.0, 0.0, 0.0, 1.0]], "29": [[0.9427916078651777, -0.02636772336963915, -0.33233827240225244, 0.041957481000983676], [-0.2053652970808493, 0.739341218837801, -0.641248514136555, -0.13107940432095483], [0.2626196468162753, 0.6728144657271773, 0.6916296811259317, 0.5471620587029253], [0.0, 0.0, 0.0, 1.0]]}, "intrinsic": [[1387.14196777, 0.0, 949.0501709], [0.0, 1385.58874512, 538.76617432], [0.0, 0.0, 1.0]], "distortion": [0.0, 0.0, 0.0, 0.0, 0.0, 0.0, 0.0, 0.0]}