{"objects": [21, 29], "object_poses": {"21": [[-0.21955721639120754, -0.23174444717958348, 0.9476756512288287, 0.05620986806358791], [0.03822249579791623, -0.9726751374024543, -0.2290024408038089, 0.004212973470334669], [0.9748505883188076, -0.01405660985279616, 0.22241569677953021, 0.5966316994390688], [0.0, 0.0, 0.0, 1.0]], "29": [[0.918993204354188, 0.04043732012578823, -0.3921942292944729, 0.03320219319216344], [-0.29099527720859686, 0.740747028410407, -0.6054878929784253, -0.1330461783471772], [0.26603240214893314, 0.6705659274390596, 0.6925085544342917, 0.5489045353663932], [0.0, 0.0, 0.0, 1.0]]}, "intrinsic": [[1387.14196777, 0.0, 949.0501709], [0.0, 1385.58874512, 538.76617432], [0.0, 0.0, 1.0]], "distortion": [0.0, 0.0, 0.0, 0.0, 0.0, 0.0, 0.0, 0.0]}