{"objects": [21, 29], "object_poses": {"21": [[-0.21696933666819782, -0.20542250317358612, 0.9543196016721394, 0.055006376465155105], [0.036501374888470564, -0.9786313438043254, -0.20235696814045928, 0.005894725737721651], [0.9754957491332374, -0.009071279603573554, 0.21983119730679848, 0.5956869727389948], [0.0, 0.0, 0.0, 1.0]], "29": [[0.927481544256403, 0.022837899669747936, -0.37317075903994873, 0.03554344761099387], [-0.26491234494403104, 0.7444670897643284, -0.6128541439478855, -0.13214125386835085], [0.26381704751594504, 0.6672684486745315, 0.6965295276177916, 0.5486277251283304], [0.0, 0.0, 0.0, 1.0]]}, "intrinsic": [[1387.14196777, 0.0, 949.0501709], [0.0, 1385.58874512, 538.76617432], [0.0, 0.0, 1.0]], "distortion": [0.0, 0.0, 0.0, 0.0, 0.0, 0.0, 0.0, 0.0]}