{"objects": [21, 29], "object_poses": {"21": [[-0.21860924488958985, -0.013926342724441921, 0.9757131007766242, 0.05037132314748152], [-0.04413196534056031, -0.9987339479419538, -0.02414271864282264, 0.009433611323011792], [0.974814016971435, -0.04833795823789478, 0.21771787733075376, 0.5862542403670052], [0.0, 0.0, 0.0, 1.0]], "29": [[0.9614310886276788, -0.11945820178895003, -0.2477498735530754, 0.05767979841003723], [-0.09236206385815363, 0.7082298568483522, -0.6999140797472475, -0.12781537075005112], [0.2590743348540663, 0.6958018452791881, 0.6698807962063177, 0.5337507818112422], [0.0, 0.0, 0.0, 1.0]]}, "intrinsic": [[1387.14196777, 0.0, 949.0501709], [0.0, 1385.58874512, 538.76617432], [0.0, 0.0, 1.0]], "distortion": [0.0, 0.0, 0.0, 0.0, 0.0, 0.0, 0.0, 0.0]}