{"objects": [21, 29], "object_poses": {"21": [[-0.21616572611614254, -0.17875486192162196, 0.9598536754068684, 0.053536067303799506], [0.03304751311753246, -0.9838736125627396, -0.1757855977590258, 0.006568966404479903], [0.9757972334093951, -0.006278044451420742, 0.21858715751031446, 0.5956433924627341], [0.0, 0.0, 0.0, 1.0]], "29": [[0.9348037082857323, 0.0037620550464678173, -0.35514486328411105, 0.03775057210189925], [-0.23893639593631083, 0.7464916421609388, -0.6210149973075056, -0.1320632088243665], [0.2627763795934254, 0.6653841560525033, 0.698722047170461, 0.5489609741061273], [0.0, 0.0, 0.0, 1.0]]}, "intrinsic": [[1387.14196777, 0.0, 949.0501709], [0.0, 1385.58874512, 538.76617432], [0.0, 0.0, 1.0]], "distortion": [0.0, 0.0, 0.0, 0.0, 0.0, 0.0, 0.0, 0.0]}