{"objects": [21, 29], "object_poses": {"21": [[-0.025343515007315506, 0.1937154320181816, 0.9807303592961178, 0.004475879543830816], [-0.029407895457033033, -0.9807653578748123, 0.1929624017198387, 0.01324325785271352], [0.9992461568261668, -0.023950870353884924, 0.03055280473916016, 0.5622870996955144], [0.0, 0.0, 0.0, 1.0]], "29": [[0.9891820735873342, -0.14278474918196737, 0.03363540834478233, 0.03171807829681442], [0.12590586596526243, 0.708728558875738, -0.6941552727952658, -0.12240098930562981], [0.0752764120360181, 0.6908808473499407, 0.7190390229716471, 0.5122290247123386], [0.0, 0.0, 0.0, 1.0]]}, "intrinsic": [[1387.14196777, 0.0, 949.0501709], [0.0, 1385.58874512, 538.76617432], [0.0, 0.0, 1.0]], "distortion": [0.0, 0.0, 0.0, 0.0, 0.0, 0.0, 0.0, 0.0]}