{"objects": [21, 29], "object_poses": {"21": [[-0.03318128777508765, 0.2053405917232971, 0.9781279279993605, 0.011602854364385545], [-0.0453558677174768, -0.9779679392067652, 0.2037683860349204, 0.016579585141009656], [0.9984196749890218, -0.037602543456619474, 0.041763636340859396, 0.5595315759032469], [0.0, 0.0, 0.0, 1.0]], "29": [[0.9869952717493904, -0.15670156714101202, 0.03584623271577889, 0.040835656240724466], [0.13612117641511268, 0.6961179591018204, -0.7049048250276736, -0.11793993240647038], [0.08550648440750089, 0.70061716070296, 0.7083955358786517, 0.507596493884211], [0.0, 0.0, 0.0, 1.0]]}, "intrinsic": [[1387.14196777, 0.0, 949.0501709], [0.0, 1385.58874512, 538.76617432], [0.0, 0.0, 1.0]], "distortion": [0.0, 0.0, 0.0, 0.0, 0.0, 0.0, 0.0, 0.0]}