{"objects": [21, 29], "object_poses": {"21": [[-0.09010979189507742, 0.17391719191893376, 0.9806288980851363, 0.04683941754783605], [-0.08988342043382828, -0.9820364983243012, 0.16590746423855898, 0.019404521281154996], [0.9918675295298985, -0.07319239245977216, 0.10412337657929376, 0.5498840172757442], [0.0, 0.0, 0.0, 1.0]], "29": [[0.9847594293409564, -0.17174619964984025, -0.02742460993210662, 0.07434563039814018], [0.09604651314797867, 0.6684775648825202, -0.7375044491803854, -0.11356485555322104], [0.14499632283684807, 0.7236304223528632, 0.6747852089437195, 0.49322836327736974], [0.0, 0.0, 0.0, 1.0]]}, "intrinsic": [[1387.14196777, 0.0, 949.0501709], [0.0, 1385.58874512, 538.76617432], [0.0, 0.0, 1.0]], "distortion": [0.0, 0.0, 0.0, 0.0, 0.0, 0.0, 0.0, 0.0]}