{"objects": [21, 29], "object_poses": {"21": [[-0.15062430444460745, 0.06716027104391363, 0.9863071615393941, 0.0488729244233618], [-0.05076949705595749, -0.9968987202763959, 0.06012819371956922, 0.013317879069291383], [0.9872865729256456, -0.04101755117752418, 0.15356686952639279, 0.5580051655943933], [0.0, 0.0, 0.0, 1.0]], "29": [[0.9805268016417608, -0.13345372954474002, -0.1440739162124638, 0.06430707768373498], [-0.008554468324340226, 0.7039079033582425, -0.7102397374559545, -0.1234480759614463], [0.196198910124101, 0.6976415739191673, 0.6890589394280523, 0.5060035261131459], [0.0, 0.0, 0.0, 1.0]]}, "intrinsic": [[1387.14196777, 0.0, 949.0501709], [0.0, 1385.58874512, 538.76617432], [0.0, 0.0, 1.0]], "distortion": [0.0, 0.0, 0.0, 0.0, 0.0, 0.0, 0.0, 0.0]}