{"objects": [21, 29], "object_poses": {"21": [[-0.066415138031899, 0.19663331478026075, 0.9782251115968862, 0.04608325068523407], [-0.1016931442041755, -0.9766185751738495, 0.18940607975267923, 0.018027232753940026], [0.9925963599883264, -0.08689935640691339, 0.08485851750998201, 0.5503259693512268], [0.0, 0.0, 0.0, 1.0]], "29": [[0.9849709227394169, -0.17263343323628902, 0.005475316148863897, 0.07565393608126197], [0.11927880829067916, 0.6569415710928581, -0.7444463298739651, -0.11365769057821062], [0.12491936299323346, 0.7339110776511754, 0.6676598556527605, 0.49174298903025965], [0.0, 0.0, 0.0, 1.0]]}, "intrinsic": [[1387.14196777, 0.0, 949.0501709], [0.0, 1385.58874512, 538.76617432], [0.0, 0.0, 1.0]], "distortion": [0.0, 0.0, 0.0, 0.0, 0.0, 0.0, 0.0, 0.0]}