{"objects": [21, 29], "object_poses": {"21": [[-0.037794663634648264, 0.2155929905360266, 0.9757516209735377, 0.034037150145648384], [-0.06312310968086825, -0.9750142734360405, 0.21298506900770406, 0.015736038790736373], [0.9972898457444371, -0.05354277754964956, 0.05045923649152823, 0.5515264866405244], [0.0, 0.0, 0.0, 1.0]], "29": [[0.9850925582946932, -0.16742900687943385, 0.03949910439237121, 0.06491816693908263], [0.14467826839005601, 0.6821388865605693, -0.7167668645365629, -0.11755038376400379], [0.09306368920309123, 0.7117963663136273, 0.6961932796678209, 0.49741177130878733], [0.0, 0.0, 0.0, 1.0]]}, "intrinsic": [[1387.14196777, 0.0, 949.0501709], [0.0, 1385.58874512, 538.76617432], [0.0, 0.0, 1.0]], "distortion": [0.0, 0.0, 0.0, 0.0, 0.0, 0.0, 0.0, 0.0]}