{"objects": [21, 29], "object_poses": {"21": [[-0.1072489171722874, 0.1325096390724836, 0.9853623015511913, 0.04733806598343765], [-0.06560242502364352, -0.9898619912810405, 0.1259744420434496, 0.01893556931455298], [0.9920655177942589, -0.05113153400809458, 0.11485458037705867, 0.5498151905304587], [0.0, 0.0, 0.0, 1.0]], "29": [[0.9859345367442346, -0.15258602212331182, -0.06819527188545983, 0.06986355606147943], [0.05685334457847645, 0.6898952763842301, -0.7216731980841326, -0.11622061289719804], [0.1571648385141843, 0.7076454009426759, 0.6888666054175505, 0.49621744097173137], [0.0, 0.0, 0.0, 1.0]]}, "intrinsic": [[1387.14196777, 0.0, 949.0501709], [0.0, 1385.58874512, 538.76617432], [0.0, 0.0, 1.0]], "distortion": [0.0, 0.0, 0.0, 0.0, 0.0, 0.0, 0.0, 0.0]}