{"objects": [21, 29], "object_poses": {"21": [[-0.12668824970114706, 0.09396550161247876, 0.9874819349711593, 0.04823214919574509], [-0.05122992398471893, -0.994794377653098, 0.08808882493434445, 0.016609995945931932], [0.9906187875647131, -0.03942880541569367, 0.1308426040222063, 0.5516666073514951], [0.0, 0.0, 0.0, 1.0]], "29": [[0.9845875570080495, -0.13713774154298852, -0.10853839150008927, 0.06628644335640607], [0.019432538361871653, 0.7025408471187744, -0.7113780532055098, -0.11986844791128776], [0.17380943310923394, 0.6983048030581871, 0.694377910786427, 0.4997533443472868], [0.0, 0.0, 0.0, 1.0]]}, "intrinsic": [[1387.14196777, 0.0, 949.0501709], [0.0, 1385.58874512, 538.76617432], [0.0, 0.0, 1.0]], "distortion": [0.0, 0.0, 0.0, 0.0, 0.0, 0.0, 0.0, 0.0]}