{"objects": [21, 29], "object_poses": {"21": [[-0.03200093155873828, 0.21255166420910424, 0.9766256859315765, 0.019044237821147614], [-0.05358582926847119, -0.9760856595062811, 0.21067829553090434, 0.01731078284602028], [0.9980503490711204, -0.045591395549337575, 0.04262540757436498, 0.5554927514134252], [0.0, 0.0, 0.0, 1.0]], "29": [[0.9860311185449597, -0.16126498490132088, 0.04166818817477577, 0.049229399655384906], [0.1427509872054261, 0.6893097205064148, -0.7102635179053317, -0.11656843315320575], [0.08581834834619953, 0.7062901060188759, 0.7027015705311784, 0.502459539370918], [0.0, 0.0, 0.0, 1.0]]}, "intrinsic": [[1387.14196777, 0.0, 949.0501709], [0.0, 1385.58874512, 538.76617432], [0.0, 0.0, 1.0]], "distortion": [0.0, 0.0, 0.0, 0.0, 0.0, 0.0, 0.0, 0.0]}