{"objects": [21, 29], "object_poses": {"21": [[-0.037946258921060995, 0.2147223584758741, 0.9759376979113281, 0.0424910723380517], [-0.07971911240143505, -0.974178794347716, 0.21123574451585142, 0.015131726556551262], [0.9960948471665864, -0.06978528078181001, 0.0540839165961651, 0.5481012205013323], [0.0, 0.0, 0.0, 1.0]], "29": [[0.9852132314358981, -0.16688407180180606, 0.03878911164876901, 0.07325752532847074], [0.14221926256095052, 0.67031864360392, -0.7283176486902078, -0.11726101751730306], [0.09554355007153606, 0.7230647430319501, 0.684140926581561, 0.4917727486770825], [0.0, 0.0, 0.0, 1.0]]}, "intrinsic": [[1387.14196777, 0.0, 949.0501709], [0.0, 1385.58874512, 538.76617432], [0.0, 0.0, 1.0]], "distortion": [0.0, 0.0, 0.0, 0.0, 0.0, 0.0, 0.0, 0.0]}