{"objects": [21, 29], "object_poses": {"21": [[0.05662015208999403, 0.11444838225831892, 0.9918143607428609, -0.015581899243699238], [0.1437799836482419, -0.9839874967681596, 0.1053371848211794, 0.02830408890438796], [0.9879886004805013, 0.13663884514439215, -0.07216890825133483, 0.5217431856559571], [0.0, 0.0, 0.0, 1.0]], "29": [[0.9987786926454312, -0.028811968241339872, 0.04013718479865246, -0.0032387718628421602], [0.04639886269893857, 0.8261271582695752, -0.5615701771904323, -0.11579488852852488], [-0.016978476308157332, 0.5627466471295113, 0.8264550456538797, 0.4947164958786115], [0.0, 0.0, 0.0, 1.0]]}, "intrinsic": [[1387.14196777, 0.0, 949.0501709], [0.0, 1385.58874512, 538.76617432], [0.0, 0.0, 1.0]], "distortion": [0.0, 0.0, 0.0, 0.0, 0.0, 0.0, 0.0, 0.0]}