{"objects": [21, 29], "object_poses": {"21": [[0.057141464080584486, 0.11442614281420495, 0.9917870290155041, -0.01497453568710666], [0.14313711619666175, -0.9840861742366401, 0.10529087160435732, 0.017107715718143957], [0.9880519313526152, 0.13594506065673953, -0.07261075287727578, 0.5318989053007107], [0.0, 0.0, 0.0, 1.0]], "29": [[0.9987741892108533, -0.028445099834349123, 0.04050919971603784, -0.0026588406043950574], [0.046316296321356136, 0.825766547402143, -0.5621071160256101, -0.12697494677175303], [-0.017461948954590082, 0.5632943151559123, 0.8260717855318316, 0.504772901622982], [0.0, 0.0, 0.0, 1.0]]}, "intrinsic": [[1387.14196777, 0.0, 949.0501709], [0.0, 1385.58874512, 538.76617432], [0.0, 0.0, 1.0]], "distortion": [0.0, 0.0, 0.0, 0.0, 0.0, 0.0, 0.0, 0.0]}