{"objects": [21, 29], "object_poses": {"21": [[0.06262288437008164, 0.1207489215432715, 0.9907058454956841, -0.01225444698822764], [0.10162082057809582, -0.988266560678486, 0.1140281275377262, -0.0020362234863847695], [0.992850231997862, 0.09353557072505495, -0.07415870704733461, 0.5641133594039354], [0.0, 0.0, 0.0, 1.0]], "29": [[0.9983705632372096, -0.02944908728280206, 0.04887708788015234, 0.0006883124615856273], [0.05281922555298698, 0.8010667985972563, -0.5962399798714761, -0.14477100219497702], [-0.021595089104179052, 0.5978500944579362, 0.8013169888896835, 0.5308480925944603], [0.0, 0.0, 0.0, 1.0]]}, "intrinsic": [[1387.14196777, 0.0, 949.0501709], [0.0, 1385.58874512, 538.76617432], [0.0, 0.0, 1.0]], "distortion": [0.0, 0.0, 0.0, 0.0, 0.0, 0.0, 0.0, 0.0]}