{"objects": [21, 29], "object_poses": {"21": [[0.06607008992041397, 0.12191660700729048, 0.9903388733932179, -0.013145703592738311], [0.13540351502230177, -0.9844222568251404, 0.11215484112115413, -0.0029778272606824085], [0.9885851664563432, 0.12668528408278276, -0.08154880415647385, 0.5617692304105425], [0.0, 0.0, 0.0, 1.0]], "29": [[0.9982423668677094, -0.02799846529450588, 0.0522327764102502, -0.00020073623058325385], [0.052776222646448774, 0.8209316502347342, -0.5685823563619088, -0.14675282041949356], [-0.02696010596314141, 0.5703396458111942, 0.8209664068050697, 0.5333352856745652], [0.0, 0.0, 0.0, 1.0]]}, "intrinsic": [[1387.14196777, 0.0, 949.0501709], [0.0, 1385.58874512, 538.76617432], [0.0, 0.0, 1.0]], "distortion": [0.0, 0.0, 0.0, 0.0, 0.0, 0.0, 0.0, 0.0]}