{"objects": [21, 29], "object_poses": {"21": [[0.05938231934412882, 0.11472759808561543, 0.9916205516158018, -0.011147564636255047], [0.14792245628384898, -0.9834178482065363, 0.10492036387559371, -0.0010857223144576933], [0.9872146104450982, 0.14045253314319125, -0.07536842082328739, 0.5529421125130777], [0.0, 0.0, 0.0, 1.0]], "29": [[0.9987323374548633, -0.02716253404368775, 0.04237823576185739, 0.001105654433714215], [0.04621360529041413, 0.8284870315566946, -0.5580981465911261, -0.14529835968619775], [-0.019950458842450763, 0.5593491175345786, 0.8286920682046338, 0.5264867936568929], [0.0, 0.0, 0.0, 1.0]]}, "intrinsic": [[1387.14196777, 0.0, 949.0501709], [0.0, 1385.58874512, 538.76617432], [0.0, 0.0, 1.0]], "distortion": [0.0, 0.0, 0.0, 0.0, 0.0, 0.0, 0.0, 0.0]}