{"objects": [21, 29], "object_poses": {"21": [[0.04592533407479699, 0.1345752718887287, 0.9898385524347911, -0.007056130400197064], [0.07441949006817883, -0.9885914619171523, 0.13095289581566477, 0.0013832667102515739], [0.9961689631724693, 0.06764922483362422, -0.055416416261782925, 0.5634448358736261], [0.0, 0.0, 0.0, 1.0]], "29": [[0.9976476961804188, -0.05092614939764296, 0.04588683485978274, 0.008596555924151511], [0.06840342058089895, 0.7832986101173309, -0.6178707465490677, -0.14014264054963488], [-0.004477316021160072, 0.619556143295986, 0.7849395766206846, 0.5263945857237335], [0.0, 0.0, 0.0, 1.0]]}, "intrinsic": [[1387.14196777, 0.0, 949.0501709], [0.0, 1385.58874512, 538.76617432], [0.0, 0.0, 1.0]], "distortion": [0.0, 0.0, 0.0, 0.0, 0.0, 0.0, 0.0, 0.0]}