{"objects": [21, 29], "object_poses": {"21": [[0.024289335322642314, 0.1497017488741512, 0.9884328073134839, -0.010361213168487426], [0.04548654686717872, -0.9878660215654013, 0.14849813968752165, 0.005162706794860306], [0.9986696161612642, 0.04135347410526227, -0.030804024667909376, 0.5626653121432493], [0.0, 0.0, 0.0, 1.0]], "29": [[0.9962450069042947, -0.07669825136157775, 0.040165463477409916, 0.008414046486562576], [0.08459529617234623, 0.7635993539589476, -0.6401247241741278, -0.13492750252636893], [0.018426125034656262, 0.6411188695332278, 0.7672203549467732, 0.5218053937844018], [0.0, 0.0, 0.0, 1.0]]}, "intrinsic": [[1387.14196777, 0.0, 949.0501709], [0.0, 1385.58874512, 538.76617432], [0.0, 0.0, 1.0]], "distortion": [0.0, 0.0, 0.0, 0.0, 0.0, 0.0, 0.0, 0.0]}