{"objects": [21, 29], "object_poses": {"21": [[0.011573047367895599, 0.1630644945170269, 0.9865475331693535, -0.003936725747299613], [0.02045130108308521, -0.986445828931479, 0.1628077727496601, 0.008279851230871826], [0.999723866304407, 0.018291998567727362, -0.014751065377415697, 0.5623529564226183], [0.0, 0.0, 0.0, 1.0]], "29": [[0.9946616701621906, -0.09517078972248635, 0.0398833636216497, 0.017298775300050223], [0.09778931093038129, 0.7459524469667749, -0.6587808418070874, -0.13045664991513473], [0.03294560028199015, 0.6591642190288314, 0.7512769927092001, 0.5182106094516633], [0.0, 0.0, 0.0, 1.0]]}, "intrinsic": [[1387.14196777, 0.0, 949.0501709], [0.0, 1385.58874512, 538.76617432], [0.0, 0.0, 1.0]], "distortion": [0.0, 0.0, 0.0, 0.0, 0.0, 0.0, 0.0, 0.0]}