{"objects": [21, 29], "object_poses": {"21": [[0.05655441704981945, 0.11362833180900765, 0.9919123953870459, -0.013464069908362797], [0.1440708133101789, -0.9840330078888695, 0.10451143543811976, 0.006423342546288402], [0.9879499980587586, 0.13699504222961592, -0.0720219392977383, 0.5424628813155541], [0.0, 0.0, 0.0, 1.0]], "29": [[0.9988189558623155, -0.028248202703477512, 0.03953141098107056, -0.0012323743167887147], [0.0455863146502191, 0.8263418472764832, -0.5613207989699941, -0.13769475775071388], [-0.016810155464561535, 0.562459945670554, 0.8266536325387703, 0.5154875436752145], [0.0, 0.0, 0.0, 1.0]]}, "intrinsic": [[1387.14196777, 0.0, 949.0501709], [0.0, 1385.58874512, 538.76617432], [0.0, 0.0, 1.0]], "distortion": [0.0, 0.0, 0.0, 0.0, 0.0, 0.0, 0.0, 0.0]}