{"objects": [21, 29], "object_poses": {"21": [[-0.0019110174706886392, 0.17836389631442245, 0.98396273735532, -0.0014241921847176625], [-0.008766248168006212, -0.9839297138356145, 0.1783408846126737, 0.011927372947245996], [0.9999597496425973, -0.008284848997495348, 0.003443889052374314, 0.5621326573619801], [0.0, 0.0, 0.0, 1.0]], "29": [[0.9924739113892445, -0.11560439740906185, 0.040387603437673045, 0.022578297646829948], [0.11208122371785104, 0.7247018781800928, -0.67988601033715, -0.1251083287509816], [0.04932884046540342, 0.6792958199944582, 0.7322047899572937, 0.5142535701418494], [0.0, 0.0, 0.0, 1.0]]}, "intrinsic": [[1387.14196777, 0.0, 949.0501709], [0.0, 1385.58874512, 538.76617432], [0.0, 0.0, 1.0]], "distortion": [0.0, 0.0, 0.0, 0.0, 0.0, 0.0, 0.0, 0.0]}