{"objects": [21, 29], "object_poses": {"21": [[0.056516255740615716, 0.11485132649456817, 0.9917737068704278, -0.03696061441769874], [0.14135542320701325, -0.984275335757795, 0.10592784217973457, 0.08821804357919516], [0.9883443515126851, 0.13420594704157535, -0.07186241445739487, 0.506908749703177], [0.0, 0.0, 0.0, 1.0]], "29": [[0.9987600749529502, -0.029180527617696215, 0.04033372643269197, -0.0245563774241761], [0.04685587188702902, 0.8247184316507897, -0.563599180060777, -0.0558083936019137], [-0.01681784616712751, 0.5647902312393733, 0.8250631216742655, 0.4795257193997814], [0.0, 0.0, 0.0, 1.0]]}, "intrinsic": [[1387.14196777, 0.0, 949.0501709], [0.0, 1385.58874512, 538.76617432], [0.0, 0.0, 1.0]], "distortion": [0.0, 0.0, 0.0, 0.0, 0.0, 0.0, 0.0, 0.0]}