{"objects": [21, 29], "object_poses": {"21": [[0.05515873647977944, 0.11385430755363814, 0.991965075212553, -0.01673755602804511], [0.14368597088002688, -0.9840420461282056, 0.1049551962700634, 0.04804702087031154], [0.988084943495356, 0.13674226889774976, -0.07063778262712661, 0.5072668518304232], [0.0, 0.0, 0.0, 1.0]], "29": [[0.9988216261464079, -0.029353811373591478, 0.03864858212284515, -0.004409177594293628], [0.046010143551884715, 0.8260973913712477, -0.5616459442210608, -0.09605479758255392], [-0.015441043766472257, 0.5627623421369572, 0.8264745128798213, 0.4802485792201383], [0.0, 0.0, 0.0, 1.0]]}, "intrinsic": [[1387.14196777, 0.0, 949.0501709], [0.0, 1385.58874512, 538.76617432], [0.0, 0.0, 1.0]], "distortion": [0.0, 0.0, 0.0, 0.0, 0.0, 0.0, 0.0, 0.0]}