{"objects": [21, 29], "object_poses": {"21": [[0.056716087713142495, 0.11450538460023563, 0.9918023000034217, -0.016435740078417055], [0.14326233678404887, -0.9840542965294354, 0.10541842505530083, 0.039695586279690165], [0.9880582919310436, 0.13610899448426592, -0.07221601876864447, 0.5141241489308912], [0.0, 0.0, 0.0, 1.0]], "29": [[0.9987749086267594, -0.028789747567424973, 0.040247140676449626, -0.004089130606555247], [0.046451361617183565, 0.825829545313642, -0.5620034102129495, -0.10438860525118288], [-0.017057341572943904, 0.5631844391689789, 0.8261551516370254, 0.48702032933814565], [0.0, 0.0, 0.0, 1.0]]}, "intrinsic": [[1387.14196777, 0.0, 949.0501709], [0.0, 1385.58874512, 538.76617432], [0.0, 0.0, 1.0]], "distortion": [0.0, 0.0, 0.0, 0.0, 0.0, 0.0, 0.0, 0.0]}