{"objects": [21, 29], "object_poses": {"21": [[0.12086117556879891, 0.14368522922311303, 0.9822154199274408, -0.09055039673720286], [0.09746396926448504, -0.9864056372023772, 0.13230530446884017, 0.10320327025650422], [0.9878731451635592, 0.07974003886681902, -0.1332222776647318, 0.5316864721576096], [0.0, 0.0, 0.0, 1.0]], "29": [[0.9941344842891741, -0.007355064526172254, 0.10790055687034629, -0.07712038143419275], [0.07096674240630105, 0.7972188200162554, -0.5995046909609126, -0.039095701844019004], [-0.08161095894151385, 0.603645637802275, 0.7930646854720876, 0.49678737074844026], [0.0, 0.0, 0.0, 1.0]]}, "intrinsic": [[1387.14196777, 0.0, 949.0501709], [0.0, 1385.58874512, 538.76617432], [0.0, 0.0, 1.0]], "distortion": [0.0, 0.0, 0.0, 0.0, 0.0, 0.0, 0.0, 0.0]}