{"objects": [21, 29], "object_poses": {"21": [[0.05411534032030193, 0.11530263626028488, 0.9918552475101677, -0.020083159612551277], [0.13922612635427664, -0.9844792370304257, 0.1068490411579927, 0.06241900010590529], [0.9887808734408263, 0.13230999178983943, -0.06932856835512864, 0.5042951252876916], [0.0, 0.0, 0.0, 1.0]], "29": [[0.9987597674677362, -0.031128872034607697, 0.03885769182110462, -0.007503865270759302], [0.047661619294842125, 0.8234522968409215, -0.5653801242293688, -0.08153730783532243], [-0.014397810041978874, 0.5665309419204516, 0.8239146769615958, 0.4766246932551946], [0.0, 0.0, 0.0, 1.0]]}, "intrinsic": [[1387.14196777, 0.0, 949.0501709], [0.0, 1385.58874512, 538.76617432], [0.0, 0.0, 1.0]], "distortion": [0.0, 0.0, 0.0, 0.0, 0.0, 0.0, 0.0, 0.0]}