{"objects": [21, 29], "object_poses": {"21": [[0.11739056923036452, 0.14124924137768657, 0.9829893723057276, -0.08528734590371226], [0.10835239515492862, -0.9857457148741842, 0.12870564894899666, 0.1151589327328128], [0.9871571367922959, 0.09140042350787851, -0.13102194420256222, 0.5326462423071189], [0.0, 0.0, 0.0, 1.0]], "29": [[0.9945831074259657, -0.007876520728260677, 0.10364556355263814, -0.07203578920814269], [0.06792842523234909, 0.8039961414624092, -0.5907418501841757, -0.02755314821028043], [-0.07867764274799106, 0.5945823449571853, 0.8001760203835429, 0.4994051796118895], [0.0, 0.0, 0.0, 1.0]]}, "intrinsic": [[1387.14196777, 0.0, 949.0501709], [0.0, 1385.58874512, 538.76617432], [0.0, 0.0, 1.0]], "distortion": [0.0, 0.0, 0.0, 0.0, 0.0, 0.0, 0.0, 0.0]}