{"objects": [21, 29], "object_poses": {"21": [[0.09982893852932688, 0.12722123565780527, 0.9868378490055083, -0.07889678633418604], [0.1233229824698886, -0.9857269813110048, 0.11460261912467004, 0.11657177585764206], [0.9873325807582982, 0.11025912893363166, -0.11409338043882056, 0.5312748459956527], [0.0, 0.0, 0.0, 1.0]], "29": [[0.996672731481213, -0.009258315400963264, 0.08097993527862753, -0.06678558181776689], [0.05456830306998656, 0.8138080412151677, -0.5785661348139953, -0.026823232163202204], [-0.060545574750406665, 0.581060027578458, 0.8116054939000069, 0.5006398912717502], [0.0, 0.0, 0.0, 1.0]]}, "intrinsic": [[1387.14196777, 0.0, 949.0501709], [0.0, 1385.58874512, 538.76617432], [0.0, 0.0, 1.0]], "distortion": [0.0, 0.0, 0.0, 0.0, 0.0, 0.0, 0.0, 0.0]}