{"objects": [21, 29], "object_poses": {"21": [[0.05561147943366412, 0.11558566221146328, 0.9917395414353237, -0.05236551248418475], [0.14197526953230633, -0.9840990224287693, 0.10673395381029457, 0.10461708935977532], [0.9883068279620609, 0.13486685562393028, -0.07113750809302943, 0.5166031177468928], [0.0, 0.0, 0.0, 1.0]], "29": [[0.9987327074865509, -0.03033307159494673, 0.04016072414955321, -0.03981652090086568], [0.0476998219447918, 0.8250196991815663, -0.5630872249916572, -0.03941450556113901], [-0.016053223446906635, 0.5642892881581077, 0.8254210400074555, 0.48931332980613584], [0.0, 0.0, 0.0, 1.0]]}, "intrinsic": [[1387.14196777, 0.0, 949.0501709], [0.0, 1385.58874512, 538.76617432], [0.0, 0.0, 1.0]], "distortion": [0.0, 0.0, 0.0, 0.0, 0.0, 0.0, 0.0, 0.0]}