{"objects": [21, 29], "object_poses": {"21": [[0.054896707831858925, 0.11423901186203649, 0.9919353807774066, -0.06728465451249466], [0.14213266108683853, -0.9842111379422755, 0.10548337595447582, 0.11459398366189472], [0.9883241665170388, 0.1351957252251874, -0.07026704604036085, 0.5276527178328836], [0.0, 0.0, 0.0, 1.0]], "29": [[0.9988053771143521, -0.029815135092475284, 0.0387153247034246, -0.05489033373722707], [0.04645322465844733, 0.8251862310173422, -0.562947406120889, -0.02945937267904103], [-0.01516299991117876, 0.5640733479422875, 0.8255854538295123, 0.5004071422195256], [0.0, 0.0, 0.0, 1.0]]}, "intrinsic": [[1387.14196777, 0.0, 949.0501709], [0.0, 1385.58874512, 538.76617432], [0.0, 0.0, 1.0]], "distortion": [0.0, 0.0, 0.0, 0.0, 0.0, 0.0, 0.0, 0.0]}