{"objects": [21, 29], "object_poses": {"21": [[0.055275353924658044, 0.11514684885978979, 0.9918093760628474, -0.021425905612337565], [0.13828233335184145, -0.9846384200464608, 0.1066075890881513, 0.07036087671921654], [0.98884914498182, 0.13125694254430154, -0.0703490120943281, 0.5035406065716791], [0.0, 0.0, 0.0, 1.0]], "29": [[0.9987575928050384, -0.030233668452667138, 0.039613079988768486, -0.008922497987304157], [0.047366564123221815, 0.8229303740467158, -0.5661642942419675, -0.07357330523849154], [-0.015481583170449939, 0.5673372231426709, 0.8233400244244837, 0.47572107902357574], [0.0, 0.0, 0.0, 1.0]]}, "intrinsic": [[1387.14196777, 0.0, 949.0501709], [0.0, 1385.58874512, 538.76617432], [0.0, 0.0, 1.0]], "distortion": [0.0, 0.0, 0.0, 0.0, 0.0, 0.0, 0.0, 0.0]}