{"objects": [21, 29], "object_poses": {"21": [[0.1188323324533048, 0.13772733017226813, 0.9833158491997046, -0.10288770799817351], [0.09857043395093901, -0.9870772766031438, 0.12634207361149857, 0.04505130530016188], [0.9880094869556838, 0.08191234667220891, -0.13087253779239236, 0.5429208876895476], [0.0, 0.0, 0.0, 1.0]], "29": [[0.994741860523499, -0.004296434933513534, 0.10232385630500386, -0.0901951816048083], [0.06502993644418062, 0.7983538247982792, -0.5986670842764256, -0.09738718192542412], [-0.07911850787477921, 0.602173323119541, 0.7944353659265475, 0.508316159953119], [0.0, 0.0, 0.0, 1.0]]}, "intrinsic": [[1387.14196777, 0.0, 949.0501709], [0.0, 1385.58874512, 538.76617432], [0.0, 0.0, 1.0]], "distortion": [0.0, 0.0, 0.0, 0.0, 0.0, 0.0, 0.0, 0.0]}