{"objects": [21, 29], "object_poses": {"21": [[0.12159649701603827, 0.14747122538485552, 0.9815633090111547, -0.10545410263066787], [0.09962858910111068, -0.9857205761562664, 0.1357537843888304, 0.07109106080137151], [0.9875669274267708, 0.08128458295184596, -0.1345525192153381, 0.5341105440493393], [0.0, 0.0, 0.0, 1.0]], "29": [[0.9937698046264972, -0.00967072108468213, 0.11103176377205345, -0.09152961015554564], [0.07454988074807871, 0.7982309334135248, -0.5977204130881197, -0.07121687390608372], [-0.08284860103271978, 0.6022739028842982, 0.7939787498487886, 0.49944254324627924], [0.0, 0.0, 0.0, 1.0]]}, "intrinsic": [[1387.14196777, 0.0, 949.0501709], [0.0, 1385.58874512, 538.76617432], [0.0, 0.0, 1.0]], "distortion": [0.0, 0.0, 0.0, 0.0, 0.0, 0.0, 0.0, 0.0]}