{"objects": [21, 29], "object_poses": {"21": [[0.10417316776001487, 0.09478657210079491, 0.9900320484046132, -0.07713808053651955], [0.09316222814941581, -0.9920012417997631, 0.08517238703929901, 0.008012057677385553], [0.9901862200440292, 0.08336091420513762, -0.11217044003570527, 0.5625630682464013], [0.0, 0.0, 0.0, 1.0]], "29": [[0.9979067386173277, 0.01770195725356681, 0.062199531602245, -0.06975800035198818], [0.023417636493100837, 0.7976194895590004, -0.6027062005461103, -0.13482008788087574], [-0.060280638045918274, 0.6029011449525059, 0.7955353254832523, 0.5280402835562056], [0.0, 0.0, 0.0, 1.0]]}, "intrinsic": [[1387.14196777, 0.0, 949.0501709], [0.0, 1385.58874512, 538.76617432], [0.0, 0.0, 1.0]], "distortion": [0.0, 0.0, 0.0, 0.0, 0.0, 0.0, 0.0, 0.0]}