{"objects": [21, 29], "object_poses": {"21": [[0.07025501657072586, 0.11227897984233609, 0.9911900238260172, -0.08022053875796964], [0.13163562243109128, -0.985999161975194, 0.10236071263625846, 0.11842210837004513], [0.9888054892413513, 0.12328456217137357, -0.08405130086076323, 0.5283290934888563], [0.0, 0.0, 0.0, 1.0]], "29": [[0.9986458115454806, -0.018041131090540948, 0.048796113284347145, -0.06881649638039233], [0.04273464870420397, 0.8193864968892028, -0.5716463229268429, -0.02538717749484476], [-0.029669730076521135, 0.5729574908355977, 0.8190478745547, 0.49941288406312356], [0.0, 0.0, 0.0, 1.0]]}, "intrinsic": [[1387.14196777, 0.0, 949.0501709], [0.0, 1385.58874512, 538.76617432], [0.0, 0.0, 1.0]], "distortion": [0.0, 0.0, 0.0, 0.0, 0.0, 0.0, 0.0, 0.0]}