{"objects": [21, 29], "object_poses": {"21": [[0.12205718535116686, 0.1474403508569526, 0.9815107673598589, -0.10284600504771726], [0.10084009784235252, -0.9856296887442428, 0.13551897038083233, 0.08460562215581557], [0.9873871166727355, 0.08243457772751749, -0.135171085012995, 0.5317764296223626], [0.0, 0.0, 0.0, 1.0]], "29": [[0.9937367854422327, -0.009338726294575182, 0.11135523988636493, -0.08894729225308654], [0.07437813848952934, 0.7989750633584473, -0.5967467977678725, -0.057746004901856496], [-0.08339720483198494, 0.6012916399905878, 0.7946655081879741, 0.49727787736639284], [0.0, 0.0, 0.0, 1.0]]}, "intrinsic": [[1387.14196777, 0.0, 949.0501709], [0.0, 1385.58874512, 538.76617432], [0.0, 0.0, 1.0]], "distortion": [0.0, 0.0, 0.0, 0.0, 0.0, 0.0, 0.0, 0.0]}