{"objects": [21, 29], "object_poses": {"21": [[0.10287501510709682, 0.11952429576684216, 0.9874870500356777, -0.08291425131671115], [0.09973374191081652, -0.9889909743996019, 0.1093162077671954, 0.011907472006320918], [0.9896817225710413, 0.08723987206303042, -0.11366306669822397, 0.5591359926133568], [0.0, 0.0, 0.0, 1.0]], "29": [[0.9969507242190998, -0.0015059404503194357, 0.07801913625764967, -0.07201981562765869], [0.04798707740389019, 0.800248070956154, -0.5977459872999558, -0.13083555518571122], [-0.061534493426558236, 0.5996672052683255, 0.7978801595756233, 0.5251794098915354], [0.0, 0.0, 0.0, 1.0]]}, "intrinsic": [[1387.14196777, 0.0, 949.0501709], [0.0, 1385.58874512, 538.76617432], [0.0, 0.0, 1.0]], "distortion": [0.0, 0.0, 0.0, 0.0, 0.0, 0.0, 0.0, 0.0]}