{"objects": [21, 29], "object_poses": {"21": [[0.12027888127419901, 0.13892471006513482, 0.9829714724511361, -0.10077500248459259], [0.09796816879022568, -0.9869877351083106, 0.12750470050027685, 0.0316521467831119], [0.9878943408195632, 0.08096379239569398, -0.13232398005497756, 0.5504782515986021], [0.0, 0.0, 0.0, 1.0]], "29": [[0.9945452291366664, -0.00421407822564353, 0.10422105711525236, -0.08798267359313222], [0.06616671085569545, 0.797902952925089, -0.5991434253064736, -0.11074685633003717], [-0.08063345196661251, 0.602771199758367, 0.7938294068411778, 0.5157480013117682], [0.0, 0.0, 0.0, 1.0]]}, "intrinsic": [[1387.14196777, 0.0, 949.0501709], [0.0, 1385.58874512, 538.76617432], [0.0, 0.0, 1.0]], "distortion": [0.0, 0.0, 0.0, 0.0, 0.0, 0.0, 0.0, 0.0]}