{"objects": [21, 29], "object_poses": {"21": [[0.12155736966370516, 0.14653316537574199, 0.9817086315834328, -0.10359965534681251], [0.09905286109581414, -0.9858967068171348, 0.13489334377896914, 0.058603500286761756], [0.9876296555841045, 0.08084376866588146, -0.13435753971669348, 0.5302908405531135], [0.0, 0.0, 0.0, 1.0]], "29": [[0.993850608435694, -0.009000956808769544, 0.11036281479078303, -0.08980434813609575], [0.07365384144398514, 0.7979582596390921, -0.5981953924214967, -0.08370125889103125], [-0.08268058872893366, 0.6026454999834384, 0.793714256894229, 0.49555821805805345], [0.0, 0.0, 0.0, 1.0]]}, "intrinsic": [[1387.14196777, 0.0, 949.0501709], [0.0, 1385.58874512, 538.76617432], [0.0, 0.0, 1.0]], "distortion": [0.0, 0.0, 0.0, 0.0, 0.0, 0.0, 0.0, 0.0]}