{"objects": [21, 29], "object_poses": {"21": [[0.1147980095392284, 0.13429506412326117, 0.9842694004986489, -0.0972872707523299], [0.0999109915313689, -0.9873566691063866, 0.12306340537450097, 0.019179519518224053], [0.9883517646956735, 0.0842118977536935, -0.12676413333301978, 0.5553281584283014], [0.0, 0.0, 0.0, 1.0]], "29": [[0.9952772235190566, -0.00445759485660904, 0.09697101727995348, -0.08488603441840872], [0.0618057686178877, 0.7994042903870038, -0.5976059131872904, -0.1233573452270782], [-0.07485516221188417, 0.6007769222922559, 0.7959043876818914, 0.5210241998077326], [0.0, 0.0, 0.0, 1.0]]}, "intrinsic": [[1387.14196777, 0.0, 949.0501709], [0.0, 1385.58874512, 538.76617432], [0.0, 0.0, 1.0]], "distortion": [0.0, 0.0, 0.0, 0.0, 0.0, 0.0, 0.0, 0.0]}