{"objects": [21, 29], "object_poses": {"21": [[0.11990209053050606, 0.14283873979986653, 0.9824564026453335, -0.09701391387469235], [0.10016335040379071, -0.9862866601254661, 0.13117136613777156, 0.09484982221085292], [0.9877199967208842, 0.08267840389695046, -0.13256503915720413, 0.5378591310507826], [0.0, 0.0, 0.0, 1.0]], "29": [[0.9942739783102623, -0.007370549856656268, 0.1066064306217566, -0.08365742103565132], [0.06996980014292131, 0.798927690314597, -0.5973430946420618, -0.04755755250177346], [-0.08076808232873443, 0.6013819257704738, 0.79486872893173, 0.5033764719658119], [0.0, 0.0, 0.0, 1.0]]}, "intrinsic": [[1387.14196777, 0.0, 949.0501709], [0.0, 1385.58874512, 538.76617432], [0.0, 0.0, 1.0]], "distortion": [0.0, 0.0, 0.0, 0.0, 0.0, 0.0, 0.0, 0.0]}