{"objects": [21, 29], "object_poses": {"21": [[0.10313039986086026, 0.06876259266805249, 0.9922881771310774, -0.0699099456799944], [0.09219978038022399, -0.993973380577106, 0.05929687345861066, 0.0031656074494048614], [0.9903854406857865, 0.08537344173509209, -0.10884876813233729, 0.5627097381956436], [0.0, 0.0, 0.0, 1.0]], "29": [[0.9983807807759301, 0.03627987756110493, 0.04381309235163645, -0.06611401145115373], [-0.0025484200967536303, 0.7979682020467811, -0.6026941629692871, -0.13987118292975614], [-0.056827124969263, 0.6016066148293159, 0.7967685729629075, 0.5284551394907937], [0.0, 0.0, 0.0, 1.0]]}, "intrinsic": [[1387.14196777, 0.0, 949.0501709], [0.0, 1385.58874512, 538.76617432], [0.0, 0.0, 1.0]], "distortion": [0.0, 0.0, 0.0, 0.0, 0.0, 0.0, 0.0, 0.0]}