{"objects": [21, 29], "object_poses": {"21": [[0.01977709357953978, 0.013522635001475275, 0.9997129612604676, -0.058100136893314946], [0.11807504225042793, -0.9929426875809976, 0.011095205135245837, -0.005180214733232047], [0.9928077109728287, 0.11782171922888532, -0.021234206150545647, 0.565470831155396], [0.0, 0.0, 0.0, 1.0]], "29": [[0.9982453924918103, 0.021143210945615883, -0.05530914029162598, -0.05812371588876125], [-0.049321574212060994, 0.8137642110726895, -0.5790986022211576, -0.14923460274160982], [0.032764595009450344, 0.5808104453332105, 0.8133791907257731, 0.5355435394196778], [0.0, 0.0, 0.0, 1.0]]}, "intrinsic": [[1387.14196777, 0.0, 949.0501709], [0.0, 1385.58874512, 538.76617432], [0.0, 0.0, 1.0]], "distortion": [0.0, 0.0, 0.0, 0.0, 0.0, 0.0, 0.0, 0.0]}