{"objects": [21, 29], "object_poses": {"21": [[0.03332207492386825, 0.001790391189893366, 0.9994430618210155, -0.06123245834764854], [0.09199298269520292, -0.9957588283515951, -0.0012833139548354805, -0.0010518200515999832], [0.9952019546090184, 0.09198451097469428, -0.03334545371018474, 0.5649371886386274], [0.0, 0.0, 0.0, 1.0]], "29": [[0.9978272800885933, 0.038929704642654606, -0.053152584202973176, -0.06352539735579674], [-0.06305769476657744, 0.7980686613631723, -0.5992579902518866, -0.1442682822333065], [0.019090475157603416, 0.6013076499151163, 0.7987894991246609, 0.5313053965077763], [0.0, 0.0, 0.0, 1.0]]}, "intrinsic": [[1387.14196777, 0.0, 949.0501709], [0.0, 1385.58874512, 538.76617432], [0.0, 0.0, 1.0]], "distortion": [0.0, 0.0, 0.0, 0.0, 0.0, 0.0, 0.0, 0.0]}