{"objects": [21, 29], "object_poses": {"21": [[0.07913655896188442, 0.045692530430192, 0.995816046114225, -0.0672684199119177], [0.09132577168600485, -0.9950803742033598, 0.038401201820582494, 0.0021863458325974694], [0.9926716518877882, 0.08790472989660525, -0.08292014230678187, 0.5632114281470143], [0.0, 0.0, 0.0, 1.0]], "29": [[0.99925230393571, 0.037247431695167525, 0.010366383714073703, -0.06557346704739536], [-0.023489493793267164, 0.7978256468942625, -0.6024304780131056, -0.14094343595994013], [-0.030709554873515173, 0.6017365420097698, 0.7981040391137013, 0.5291775810256607], [0.0, 0.0, 0.0, 1.0]]}, "intrinsic": [[1387.14196777, 0.0, 949.0501709], [0.0, 1385.58874512, 538.76617432], [0.0, 0.0, 1.0]], "distortion": [0.0, 0.0, 0.0, 0.0, 0.0, 0.0, 0.0, 0.0]}