{"objects": [21, 29], "object_poses": {"21": [[0.0040695813148240645, 0.011883168993378554, 0.9999211112895895, -0.05717792894646584], [0.16088928982950576, -0.9869103346381954, 0.011073743833544526, -0.007127794181339797], [0.9869640697239599, 0.16083153197992103, -0.005928186477519466, 0.5665438450859368], [0.0, 0.0, 0.0, 1.0]], "29": [[0.9976145309558743, 0.01178568581577958, -0.06801724219314859, -0.056696555065023274], [-0.04695419943886412, 0.8381239224285391, -0.543455236250482, -0.15234093548894584], [0.05060188515030469, 0.5453525357627508, 0.8366779911987543, 0.5428748374634029], [0.0, 0.0, 0.0, 1.0]]}, "intrinsic": [[1387.14196777, 0.0, 949.0501709], [0.0, 1385.58874512, 538.76617432], [0.0, 0.0, 1.0]], "distortion": [0.0, 0.0, 0.0, 0.0, 0.0, 0.0, 0.0, 0.0]}