{"objects": [21, 29], "object_poses": {"21": [[0.05605119026071471, 0.021645436945822542, 0.998193237369294, -0.061998245321998297], [0.0910560514842012, -0.9957094221032271, 0.01647853825349356, 0.0039227167910549365], [0.9942670966890466, 0.08996789313021403, -0.057781646283631236, 0.563939209271709], [0.0, 0.0, 0.0, 1.0]], "29": [[0.9989543155440481, 0.03952831395585255, -0.022973633838553026, -0.06258189113761245], [-0.04539441539395776, 0.7977181992348829, -0.6013194007019127, -0.1392605979447472], [-0.005442656243118113, 0.6017334850291058, 0.7986784024172403, 0.5300938581891426], [0.0, 0.0, 0.0, 1.0]]}, "intrinsic": [[1387.14196777, 0.0, 949.0501709], [0.0, 1385.58874512, 538.76617432], [0.0, 0.0, 1.0]], "distortion": [0.0, 0.0, 0.0, 0.0, 0.0, 0.0, 0.0, 0.0]}