{"objects": [21, 29], "object_poses": {"21": [[-0.013562074198828034, 0.002226094304782279, 0.9999055528636601, -0.05244022471478482], [0.24831788658556414, -0.9686628445511508, 0.005524562223362662, -0.014408232805849686], [0.9685836553158982, 0.24836935819506215, 0.012584298338346168, 0.5670099488194975], [0.0, 0.0, 0.0, 1.0]], "29": [[0.9961394933250737, 0.007056404237878006, -0.0875003828409622, -0.05248232535836522], [-0.047213893906752416, 0.883385913921779, -0.46626191706674486, -0.16115498464676564], [0.07400647309691714, 0.4685931436158931, 0.8803087570255903, 0.5563939654572049], [0.0, 0.0, 0.0, 1.0]]}, "intrinsic": [[1387.14196777, 0.0, 949.0501709], [0.0, 1385.58874512, 538.76617432], [0.0, 0.0, 1.0]], "distortion": [0.0, 0.0, 0.0, 0.0, 0.0, 0.0, 0.0, 0.0]}