{"objects": [21, 29], "object_poses": {"21": [[0.024959650458595765, 0.01216176461332862, 0.9996144793521575, -0.059268209100892644], [0.09885597759786297, -0.9950550768610708, 0.00963793059674621, -0.0025821975188625723], [0.9947886768264694, 0.09857730719849646, -0.026038490035669395, 0.5646901305579367], [0.0, 0.0, 0.0, 1.0]], "29": [[0.998297681470786, 0.02563611870160955, -0.05238824856767255, -0.059723685891426015], [-0.051806864693400026, 0.8023628661436998, -0.5945837870345257, -0.14603190219491596], [0.026791564730536645, 0.5962856869417498, 0.8023251159023409, 0.5319902097580568], [0.0, 0.0, 0.0, 1.0]]}, "intrinsic": [[1387.14196777, 0.0, 949.0501709], [0.0, 1385.58874512, 538.76617432], [0.0, 0.0, 1.0]], "distortion": [0.0, 0.0, 0.0, 0.0, 0.0, 0.0, 0.0, 0.0]}