{"objects": [21, 29], "object_poses": {"21": [[0.012478796054360934, 0.01265744439635302, 0.999842021896658, -0.05593157805478219], [0.1396197296112713, -0.990146383512711, 0.010792141584638768, -0.007763173045690408], [0.9901265629970295, 0.1394629998173727, -0.014123063748006929, 0.5658476030134427], [0.0, 0.0, 0.0, 1.0]], "29": [[0.9979776497289184, 0.01687240035337232, -0.06128566510920489, -0.05573499910162852], [-0.048437454912141326, 0.8261940050210866, -0.5612996339112131, -0.152433751250312], [0.04116337696540352, 0.5631330110848962, 0.8253404074824345, 0.5390577689391582], [0.0, 0.0, 0.0, 1.0]]}, "intrinsic": [[1387.14196777, 0.0, 949.0501709], [0.0, 1385.58874512, 538.76617432], [0.0, 0.0, 1.0]], "distortion": [0.0, 0.0, 0.0, 0.0, 0.0, 0.0, 0.0, 0.0]}