{"objects": [21, 29], "object_poses": {"21": [[-0.010017088547025927, 0.00360272185840252, 0.9999433375608151, -0.053705168905762185], [0.19269162326112838, -0.9812441412784131, 0.005465668466799197, -0.009881757178088146], [0.9812082328751804, 0.1927354549687435, 0.009134995126381973, 0.5670139730847314], [0.0, 0.0, 0.0, 1.0]], "29": [[0.9964331258615218, 0.008425592036569748, -0.08396448704475143, -0.05372087955435631], [-0.05069085803868835, 0.8552421896340344, -0.5157433799684631, -0.15578472875645316], [0.06746452843647541, 0.5181600201374333, 0.852618748875503, 0.5480499890926911], [0.0, 0.0, 0.0, 1.0]]}, "intrinsic": [[1387.14196777, 0.0, 949.0501709], [0.0, 1385.58874512, 538.76617432], [0.0, 0.0, 1.0]], "distortion": [0.0, 0.0, 0.0, 0.0, 0.0, 0.0, 0.0, 0.0]}