{"objects": [21, 29], "object_poses": {"21": [[-0.01327786812638713, 0.013726977613927813, 0.9998176175201232, 0.038711087899134106], [0.28788517471618785, -0.9575145776471242, 0.016969377474943072, 0.055251553668169695], [0.957572882028648, 0.28805798666040133, 0.008761958942380276, 0.5402052030069392], [0.0, 0.0, 0.0, 1.0]], "29": [[0.9968279331105867, -0.0012564945629994506, -0.07957696269591553, 0.04026029911936568], [-0.03322935998183427, 0.9019822445316998, -0.4304925553186319, -0.09179983019495402], [0.07231791898064575, 0.43177129567744543, 0.899079344008825, 0.5356444465337863], [0.0, 0.0, 0.0, 1.0]]}, "intrinsic": [[1387.14196777, 0.0, 949.0501709], [0.0, 1385.58874512, 538.76617432], [0.0, 0.0, 1.0]], "distortion": [0.0, 0.0, 0.0, 0.0, 0.0, 0.0, 0.0, 0.0]}