{"objects": [21, 29], "object_poses": {"21": [[-0.01504748067837344, 0.0007319825751988429, 0.9998865123236507, -0.0488837044065063], [0.27353120826593624, -0.9618510489143546, 0.004820560853307642, -0.016533137897949968], [0.9617454192403587, 0.27357270314099896, 0.014273214995787565, 0.5671693822471434], [0.0, 0.0, 0.0, 1.0]], "29": [[0.9959524130264643, 0.007160785015230998, -0.08959639582453596, -0.049064831033216655], [-0.04629263738054902, 0.8953093836926811, -0.4430328421191764, -0.16350688278963654], [0.07704403098964757, 0.4453872816210708, 0.8920170327180245, 0.5603873798340956], [0.0, 0.0, 0.0, 1.0]]}, "intrinsic": [[1387.14196777, 0.0, 949.0501709], [0.0, 1385.58874512, 538.76617432], [0.0, 0.0, 1.0]], "distortion": [0.0, 0.0, 0.0, 0.0, 0.0, 0.0, 0.0, 0.0]}