{"objects": [21, 29], "object_poses": {"21": [[-0.01509048607872993, -0.0007706146738969945, 0.9998858351746676, -0.030015902198232525], [0.28894924654111087, -0.9573375613443562, 0.0036230598357386793, -0.017562520550610916], [0.9572254750857994, 0.28897093243486177, 0.01466935767150781, 0.5634915940284179], [0.0, 0.0, 0.0, 1.0]], "29": [[0.9958500691389399, 0.008242699428803221, -0.09063496953225832, -0.0304046482366348], [-0.04647068124172895, 0.9023296368371715, -0.4285343653316952, -0.16462575907143656], [0.07825033917444772, 0.43096784612246286, 0.8989680750881306, 0.5590686082318734], [0.0, 0.0, 0.0, 1.0]]}, "intrinsic": [[1387.14196777, 0.0, 949.0501709], [0.0, 1385.58874512, 538.76617432], [0.0, 0.0, 1.0]], "distortion": [0.0, 0.0, 0.0, 0.0, 0.0, 0.0, 0.0, 0.0]}