{"objects": [21, 29], "object_poses": {"21": [[-0.010414436596318537, 0.005394272224293587, 0.9999312183033201, 0.008197456143784476], [0.2904355975563449, -0.9568595190565621, 0.008186846947487792, 0.016683295256637365], [0.9568378667164424, 0.29050088230162574, 0.008398464115953588, 0.5450244448133431], [0.0, 0.0, 0.0, 1.0]], "29": [[0.9965214290327147, 0.006833407481059669, -0.08305628224771715, 0.008450263847451844], [-0.0418211346445423, 0.903058121625183, -0.427477510126381, -0.13038719757959516], [0.07208352222011116, 0.42946400723344, 0.9002025507158644, 0.5408391997494674], [0.0, 0.0, 0.0, 1.0]]}, "intrinsic": [[1387.14196777, 0.0, 949.0501709], [0.0, 1385.58874512, 538.76617432], [0.0, 0.0, 1.0]], "distortion": [0.0, 0.0, 0.0, 0.0, 0.0, 0.0, 0.0, 0.0]}