{"objects": [21, 29], "object_poses": {"21": [[-0.011903518834785064, 0.0035665421355593804, 0.9999227900275875, -0.0037883008614675584], [0.2906216531681141, -0.9568133694294576, 0.006872466143143089, 0.005744087002988785], [0.956764004835667, 0.29068102080846553, 0.010352931592846925, 0.5496453935476817], [0.0, 0.0, 0.0, 1.0]], "29": [[0.9963226255810393, 0.007182148348272033, -0.085379403256436, -0.003720901417838457], [-0.043119495796973634, 0.9031258045583587, -0.42720544264211213, -0.14132736376947858], [0.07404008939443528, 0.42931596509555847, 0.9001143634430808, 0.5454868029127717], [0.0, 0.0, 0.0, 1.0]]}, "intrinsic": [[1387.14196777, 0.0, 949.0501709], [0.0, 1385.58874512, 538.76617432], [0.0, 0.0, 1.0]], "distortion": [0.0, 0.0, 0.0, 0.0, 0.0, 0.0, 0.0, 0.0]}