{"objects": [21, 29], "object_poses": {"21": [[-0.012081201102997399, 0.0036757469989819407, 0.9999202635530089, -0.05096445317834242], [0.22485511832625046, -0.9743718508978447, 0.006298566535686609, -0.012032401181865215], [0.9743173098854393, 0.22491328342700445, 0.010945071753402704, 0.5667118226695503], [0.0, 0.0, 0.0, 1.0]], "29": [[0.9963190983358614, 0.006981763368706569, -0.08543716563356851, -0.05087351430016823], [-0.047910917142971396, 0.8718267582063565, -0.48746553487803196, -0.15848016630566975], [0.07108303812973442, 0.48976459514308385, 0.8689521523274959, 0.552557181330559], [0.0, 0.0, 0.0, 1.0]]}, "intrinsic": [[1387.14196777, 0.0, 949.0501709], [0.0, 1385.58874512, 538.76617432], [0.0, 0.0, 1.0]], "distortion": [0.0, 0.0, 0.0, 0.0, 0.0, 0.0, 0.0, 0.0]}