{"objects": [21, 29], "object_poses": {"21": [[-0.013540682495034637, 0.01310255838179665, 0.999822470682386, 0.027652282997685684], [0.2869853601449995, -0.957793913394361, 0.016438446616638326, 0.04383929546364784], [0.9578392626009938, 0.2871569996161939, 0.009208940840928487, 0.5406841382396009], [0.0, 0.0, 0.0, 1.0]], "29": [[0.9967791437477562, -0.0009716828041560476, -0.08018974012949644, 0.029126655007017138], [-0.03381887063184273, 0.9015735922580564, -0.431301914825452, -0.10320849429149392], [0.0727160407248247, 0.4326246798039172, 0.8986368921015168, 0.5359847971817744], [0.0, 0.0, 0.0, 1.0]]}, "intrinsic": [[1387.14196777, 0.0, 949.0501709], [0.0, 1385.58874512, 538.76617432], [0.0, 0.0, 1.0]], "distortion": [0.0, 0.0, 0.0, 0.0, 0.0, 0.0, 0.0, 0.0]}