{"objects": [21, 29], "object_poses": {"21": [[-0.013104075437435277, 0.00069298831799121, 0.99991389778027, -0.01694654251925573], [0.28979500326999597, -0.9570783429030884, 0.004461123807940424, -0.006477034675034465], [0.9569990278399846, 0.28982851017986133, 0.012340802253058687, 0.556453787108647], [0.0, 0.0, 0.0, 1.0]], "29": [[0.9960673886292425, 0.008498278929613553, -0.08819034280790006, -0.017223935575346017], [-0.04557889143419313, 0.9027222506910101, -0.42780264464236123, -0.1535444511768388], [0.07597579854776115, 0.43013988115798096, 0.8995595370360085, 0.5521633200420789], [0.0, 0.0, 0.0, 1.0]]}, "intrinsic": [[1387.14196777, 0.0, 949.0501709], [0.0, 1385.58874512, 538.76617432], [0.0, 0.0, 1.0]], "distortion": [0.0, 0.0, 0.0, 0.0, 0.0, 0.0, 0.0, 0.0]}