{"objects": [21, 29], "object_poses": {"21": [[-0.01621138841804043, -0.00028184921623173974, 0.9998685470833596, -0.040320750076846185], [0.2887011384636864, -0.9574091058138705, 0.00441098112261432, -0.017561121908207133], [0.9572820083629133, 0.28873469598528, 0.015602301078917913, 0.5669135886582548], [0.0, 0.0, 0.0, 1.0]], "29": [[0.9958131956754823, 0.007126524992125326, -0.09113337456792613, -0.04058892022670199], [-0.045701617362242465, 0.9022295702754092, -0.42882766315984827, -0.16462352686108395], [0.07916717431534342, 0.43119718825868625, 0.8987778053271769, 0.5624540836051289], [0.0, 0.0, 0.0, 1.0]]}, "intrinsic": [[1387.14196777, 0.0, 949.0501709], [0.0, 1385.58874512, 538.76617432], [0.0, 0.0, 1.0]], "distortion": [0.0, 0.0, 0.0, 0.0, 0.0, 0.0, 0.0, 0.0]}