{"objects": [21, 29], "object_poses": {"21": [[-0.012990027978955475, 0.00802836995082949, 0.999883395426211, 0.018516971805405874], [0.28980223566149943, -0.9570180670858273, 0.01144916926730415, 0.02982814070618167], [0.9569983925685062, 0.28991716842444387, 0.010105051907342084, 0.5412037065651163], [0.0, 0.0, 0.0, 1.0]], "29": [[0.9965288599849882, 0.003151433184482198, -0.08318833864143169, 0.01925764931628171], [-0.038609461264424404, 0.902807174605486, -0.4283089013571174, -0.117238097573581], [0.07375324208404826, 0.43003403812925417, 0.8997950796333287, 0.5369278433613879], [0.0, 0.0, 0.0, 1.0]]}, "intrinsic": [[1387.14196777, 0.0, 949.0501709], [0.0, 1385.58874512, 538.76617432], [0.0, 0.0, 1.0]], "distortion": [0.0, 0.0, 0.0, 0.0, 0.0, 0.0, 0.0, 0.0]}