{"objects": [21, 29], "object_poses": {"21": [[-0.10264799345964493, 0.030236309996033404, 0.9942580927488309, 0.09587909510026797], [0.33799158016473596, -0.9390078332685174, 0.06345061700344094, 0.0732966628198905], [0.935534649906916, 0.342563942378932, 0.08616765173399124, 0.5702021265814562], [0.0, 0.0, 0.0, 1.0]], "29": [[0.9882307406975164, -0.07371933201437292, -0.13403530590038873, 0.10391255724132707], [0.016654160839571698, 0.9228574970287838, -0.38478133934029285, -0.07355972789202914], [0.15206131022448083, 0.3780205024401894, 0.9132238814593554, 0.5741988807855841], [0.0, 0.0, 0.0, 1.0]]}, "intrinsic": [[1387.14196777, 0.0, 949.0501709], [0.0, 1385.58874512, 538.76617432], [0.0, 0.0, 1.0]], "distortion": [0.0, 0.0, 0.0, 0.0, 0.0, 0.0, 0.0, 0.0]}