{"objects": [21, 29], "object_poses": {"21": [[-0.021177121721150365, 0.012845822542040747, 0.9996932101194027, 0.078790080467503], [0.2968786640978672, -0.9547348812377636, 0.0185570835905507, 0.08705760746419405], [0.954680359240241, 0.29718057034594203, 0.01640488615588013, 0.5500149813809356], [0.0, 0.0, 0.0, 1.0]], "29": [[0.9962785827389585, -0.0059245481178991964, -0.0859877043842248, 0.0805855501470823], [-0.031044756265240288, 0.9060093653497504, -0.42211758196856103, -0.06002773480062418], [0.08040652140281637, 0.42321617363724523, 0.9024538003065626, 0.5468545335419376], [0.0, 0.0, 0.0, 1.0]]}, "intrinsic": [[1387.14196777, 0.0, 949.0501709], [0.0, 1385.58874512, 538.76617432], [0.0, 0.0, 1.0]], "distortion": [0.0, 0.0, 0.0, 0.0, 0.0, 0.0, 0.0, 0.0]}