{"objects": [21, 29], "object_poses": {"21": [[-0.060187654615496036, 0.01759702297122027, 0.9980319589143655, 0.09032347102025545], [0.3186287609273753, -0.9471988955344441, 0.035916082863005884, 0.08342306366665192], [0.9459667853269339, 0.3201633912253042, 0.0514027623512754, 0.5610476457802426], [0.0, 0.0, 0.0, 1.0]], "29": [[0.9931259985505995, -0.035726163906842405, -0.11146475772814257, 0.09460606572240782], [-0.012232641144480515, 0.9153883330939256, -0.402386085900302, -0.0636442484217663], [0.11640925003418853, 0.4009835917441453, 0.9086589270229243, 0.5614661535781714], [0.0, 0.0, 0.0, 1.0]]}, "intrinsic": [[1387.14196777, 0.0, 949.0501709], [0.0, 1385.58874512, 538.76617432], [0.0, 0.0, 1.0]], "distortion": [0.0, 0.0, 0.0, 0.0, 0.0, 0.0, 0.0, 0.0]}