{"objects": [21, 29], "object_poses": {"21": [[-0.013945399350983005, 0.013590409539317337, 0.9998103953277866, 0.059885679084557886], [0.2887334027045418, -0.9572578993008867, 0.01703926021627873, 0.08518901417929414], [0.9573079692552449, 0.2889162767907249, 0.009425338497197974, 0.5421378268179153], [0.0, 0.0, 0.0, 1.0]], "29": [[0.9967806704137463, -0.0016049977593087, -0.08016058303014409, 0.06144703285318731], [-0.033103282324052186, 0.9023647008248658, -0.42970003421530606, -0.06186625976221405], [0.07302374811603221, 0.43097026659324544, 0.8994065607519455, 0.5377085343835388], [0.0, 0.0, 0.0, 1.0]]}, "intrinsic": [[1387.14196777, 0.0, 949.0501709], [0.0, 1385.58874512, 538.76617432], [0.0, 0.0, 1.0]], "distortion": [0.0, 0.0, 0.0, 0.0, 0.0, 0.0, 0.0, 0.0]}