{"objects": [21, 29], "object_poses": {"21": [[-0.1505212996001071, 0.044161078083113314, 0.9876199357795701, 0.09972763504386857], [0.3603854581892884, -0.9278076293757511, 0.09641226269439847, 0.06391764294595181], [0.920578980800884, 0.370435962150942, 0.12373979979341594, 0.5776717348744682], [0.0, 0.0, 0.0, 1.0]], "29": [[0.9803144483971503, -0.11635760501333253, -0.1595132910430033, 0.11194703241584907], [0.051290641585124884, 0.9302390906460436, -0.36335176388703533, -0.08245498664683587], [0.19066423982906472, 0.3480174449500967, 0.9178948772385767, 0.5862186457216839], [0.0, 0.0, 0.0, 1.0]]}, "intrinsic": [[1387.14196777, 0.0, 949.0501709], [0.0, 1385.58874512, 538.76617432], [0.0, 0.0, 1.0]], "distortion": [0.0, 0.0, 0.0, 0.0, 0.0, 0.0, 0.0, 0.0]}