{"objects": [21, 29], "object_poses": {"21": [[-0.12372570364869358, 0.036373044483160685, 0.9916496114513792, 0.09748849593915965], [0.3484053336791278, -0.9341153013233101, 0.07773240828383414, 0.06871940727340087], [0.9291424399523323, 0.35511351068171854, 0.10290151024515584, 0.5733480596250258], [0.0, 0.0, 0.0, 1.0]], "29": [[0.9850588817107163, -0.09249093231439355, -0.14527362803504484, 0.10736546249169393], [0.031697279254628216, 0.9265049966165554, -0.37494502761394466, -0.07795505600257491], [0.16927575742174222, 0.36473815084822236, 0.9155936867765768, 0.5793777698582437], [0.0, 0.0, 0.0, 1.0]]}, "intrinsic": [[1387.14196777, 0.0, 949.0501709], [0.0, 1385.58874512, 538.76617432], [0.0, 0.0, 1.0]], "distortion": [0.0, 0.0, 0.0, 0.0, 0.0, 0.0, 0.0, 0.0]}