{"objects": [21, 29], "object_poses": {"21": [[-0.08135086525079464, 0.022791424912065896, 0.9964249031780743, 0.09296579492915416], [0.3275286459224019, -0.9436046927562253, 0.04832359577551827, 0.07876280488983967], [0.9413325782225895, 0.33028886562964155, 0.06929821367033741, 0.5657432827924564], [0.0, 0.0, 0.0, 1.0]], "29": [[0.9908857974968288, -0.05384078978934464, -0.12347674142910932, 0.09896343488011192], [0.000785916748094062, 0.9189432275333723, -0.39438905525562556, -0.06823113204860215], [0.1347023335134044, 0.390697471101898, 0.9106101072471331, 0.567773275262418], [0.0, 0.0, 0.0, 1.0]]}, "intrinsic": [[1387.14196777, 0.0, 949.0501709], [0.0, 1385.58874512, 538.76617432], [0.0, 0.0, 1.0]], "distortion": [0.0, 0.0, 0.0, 0.0, 0.0, 0.0, 0.0, 0.0]}