{"objects": [21, 29], "object_poses": {"21": [[-0.014106642722947278, 0.011479955517113864, 0.9998345929464646, 0.07106640560111233], [0.2906816299327084, -0.9567008963143897, 0.015085920950193057, 0.08992840339923902], [0.9567158369394504, 0.290846360837774, 0.010158825555760176, 0.544963811339451], [0.0, 0.0, 0.0, 1.0]], "29": [[0.9966573068891657, -0.00015283957398676276, -0.08169571142060289, 0.07234083678788084], [-0.03492276840706064, 0.9032294956972456, -0.4277345886753808, -0.05713826009211298], [0.07385535099937032, 0.4291578436223367, 0.9002049391034218, 0.5408307294695052], [0.0, 0.0, 0.0, 1.0]]}, "intrinsic": [[1387.14196777, 0.0, 949.0501709], [0.0, 1385.58874512, 538.76617432], [0.0, 0.0, 1.0]], "distortion": [0.0, 0.0, 0.0, 0.0, 0.0, 0.0, 0.0, 0.0]}