{"objects": [21, 29], "object_poses": {"21": [[-0.03799709418593773, 0.013880289260900599, 0.9991814441849232, 0.08651974242487881], [0.30986311686396306, -0.950452788461125, 0.02498691085007745, 0.08831650115023609], [0.9500216153545019, 0.31055890661276103, 0.03181345442908765, 0.5553851165436007], [0.0, 0.0, 0.0, 1.0]], "29": [[0.995055867721013, -0.018020596127968285, -0.09766820480172936, 0.08924589514262224], [-0.023748904284029704, 0.9116985721672201, -0.4101727721991929, -0.0587844392119839], [0.0964355207343618, 0.4104643366036259, 0.9067630444152692, 0.5542935639877392], [0.0, 0.0, 0.0, 1.0]]}, "intrinsic": [[1387.14196777, 0.0, 949.0501709], [0.0, 1385.58874512, 538.76617432], [0.0, 0.0, 1.0]], "distortion": [0.0, 0.0, 0.0, 0.0, 0.0, 0.0, 0.0, 0.0]}