{"objects": [21, 29], "object_poses": {"21": [[-0.012172943241174626, 0.015662498855824755, 0.9998032334326833, 0.04985552272797131], [0.28773772534219133, -0.9575304794589943, 0.01850357592299856, 0.07090415596159294], [0.9576318817101646, 0.2879063511571564, 0.007149272384198875, 0.5405512283528464], [0.0, 0.0, 0.0, 1.0]], "29": [[0.9969933059837923, -0.001943922919646054, -0.077463339633718, 0.0516231512995203], [-0.03170810349774979, 0.9019221065606493, -0.43073322355001564, -0.0761440706312198], [0.07070321064917698, 0.43189435613456806, 0.8991486646506317, 0.5359681511972773], [0.0, 0.0, 0.0, 1.0]]}, "intrinsic": [[1387.14196777, 0.0, 949.0501709], [0.0, 1385.58874512, 538.76617432], [0.0, 0.0, 1.0]], "distortion": [0.0, 0.0, 0.0, 0.0, 0.0, 0.0, 0.0, 0.0]}