{"objects": [21, 29], "object_poses": {"21": [[-0.1829439746391404, 0.04651550409518791, 0.9820223062751753, 0.1012304894563501], [0.4069496562068029, -0.9057037793883047, 0.11871243117262116, 0.05176364289109947], [0.8949432828153976, 0.421351363923887, 0.14676358084716382, 0.5688267724563187], [0.0, 0.0, 0.0, 1.0]], "29": [[0.9733854194361555, -0.14002294760575754, -0.18142326028630473, 0.1152987212940105], [0.07714658323933198, 0.945639381894233, -0.3159344300724464, -0.09372280612539785], [0.21579904986726492, 0.29352978307915945, 0.9312738783633401, 0.5856519933049142], [0.0, 0.0, 0.0, 1.0]]}, "intrinsic": [[1387.14196777, 0.0, 949.0501709], [0.0, 1385.58874512, 538.76617432], [0.0, 0.0, 1.0]], "distortion": [0.0, 0.0, 0.0, 0.0, 0.0, 0.0, 0.0, 0.0]}