{"objects": [21, 29], "object_poses": {"21": [[-0.176940242213585, 0.07887708154544788, 0.9810558377035837, 0.09365690917649655], [0.4088464040630762, -0.9008221448741394, 0.14616456885666557, 0.042943649326192435], [0.8952858585781928, 0.42696354564674, 0.12714307735254404, 0.5229213789279554], [0.0, 0.0, 0.0, 1.0]], "29": [[0.9748476179149422, -0.15992386987778598, -0.15523040194785612, 0.1119603967876889], [0.10492047716782381, 0.9437966971953023, -0.31343179135838606, -0.10197745451163293], [0.19663116567944375, 0.28926138734121043, 0.936837250794924, 0.5405329107967397], [0.0, 0.0, 0.0, 1.0]]}, "intrinsic": [[1387.14196777, 0.0, 949.0501709], [0.0, 1385.58874512, 538.76617432], [0.0, 0.0, 1.0]], "distortion": [0.0, 0.0, 0.0, 0.0, 0.0, 0.0, 0.0, 0.0]}