{"objects": [21, 29], "object_poses": {"21": [[-0.17782388584691797, 0.04926292531063297, 0.9828284844326354, 0.09726637218179898], [0.40622769234114253, -0.9060017637194713, 0.11891116899772267, 0.04691266724328147], [0.8963022523666301, 0.4203973933399849, 0.1410967897418441, 0.5508657915147774], [0.0, 0.0, 0.0, 1.0]], "29": [[0.9746090104088717, -0.13859322985299483, -0.1758669766294161, 0.11147788577977732], [0.07729136870519866, 0.9453772465401367, -0.31668265826830155, -0.09858181859610438], [0.21015071057109008, 0.29504877285478437, 0.9320852431421502, 0.5675000189587942], [0.0, 0.0, 0.0, 1.0]]}, "intrinsic": [[1387.14196777, 0.0, 949.0501709], [0.0, 1385.58874512, 538.76617432], [0.0, 0.0, 1.0]], "distortion": [0.0, 0.0, 0.0, 0.0, 0.0, 0.0, 0.0, 0.0]}