{"objects": [21, 29], "object_poses": {"21": [[-0.16969213717495152, 0.05134063798672613, 0.9841588883265361, 0.10093633557422761], [0.37545690644536805, -0.9199588352292479, 0.11272911285966812, 0.060058876982256315], [0.911173249159277, 0.38863849574478526, 0.13683358374960178, 0.5804252408565354], [0.0, 0.0, 0.0, 1.0]], "29": [[0.9764505665113403, -0.13463178777156298, -0.16857809134384225, 0.11505647190334155], [0.06877457179568768, 0.9348725714651139, -0.34825756760842513, -0.08593901604376264], [0.20448557267939538, 0.3284624131367975, 0.9221160955770923, 0.5919381480950396], [0.0, 0.0, 0.0, 1.0]]}, "intrinsic": [[1387.14196777, 0.0, 949.0501709], [0.0, 1385.58874512, 538.76617432], [0.0, 0.0, 1.0]], "distortion": [0.0, 0.0, 0.0, 0.0, 0.0, 0.0, 0.0, 0.0]}