{"objects": [21, 29], "object_poses": {"21": [[-0.21438543281520772, 0.1108536021788922, 0.9704382335216445, 0.09478096538649199], [0.4362986891016599, -0.8780424942223307, 0.19668460089190934, 0.03556800881539046], [0.8738892035520357, 0.4655672424299204, 0.1398742388411504, 0.5253338295400898], [0.0, 0.0, 0.0, 1.0]], "29": [[0.9646467322146917, -0.20895928211790518, -0.16060105991027399, 0.11930551818138145], [0.15806072892908568, 0.9463356850320738, -0.28189639445245496, -0.1075075269065996], [0.2108873822634751, 0.24654571513545984, 0.9459078825923872, 0.5493181460646079], [0.0, 0.0, 0.0, 1.0]]}, "intrinsic": [[1387.14196777, 0.0, 949.0501709], [0.0, 1385.58874512, 538.76617432], [0.0, 0.0, 1.0]], "distortion": [0.0, 0.0, 0.0, 0.0, 0.0, 0.0, 0.0, 0.0]}