{"objects": [21, 29], "object_poses": {"21": [[-0.2368034686152397, 0.1211026203939941, 0.9639804316403462, 0.09475335469607817], [0.45467012669647366, -0.8630330653900845, 0.22011134439918018, 0.032154754695622345], [0.8586030474798033, 0.49041623482212504, 0.14930747965620175, 0.52667944850786], [0.0, 0.0, 0.0, 1.0]], "29": [[0.9578487184281703, -0.23174197394597054, -0.1697689315427075, 0.12176154147230055], [0.18325946456003755, 0.9480234192937766, -0.26012990047227674, -0.10970824913098304], [0.2212279395887807, 0.21805332829876925, 0.9505319272718519, 0.554835372279338], [0.0, 0.0, 0.0, 1.0]]}, "intrinsic": [[1387.14196777, 0.0, 949.0501709], [0.0, 1385.58874512, 538.76617432], [0.0, 0.0, 1.0]], "distortion": [0.0, 0.0, 0.0, 0.0, 0.0, 0.0, 0.0, 0.0]}