{"objects": [21, 29], "object_poses": {"21": [[-0.1893007167578826, 0.10191199624410857, 0.9766161905561991, 0.09388982394867938], [0.4191042757244371, -0.8910660170366816, 0.1742210072060398, 0.039242436217562626], [0.8879847097244689, 0.4422841827421964, 0.12596768233011582, 0.5238407591026665], [0.0, 0.0, 0.0, 1.0]], "29": [[0.9713764056258317, -0.185353115100568, -0.14856682441235522, 0.1159888257084253], [0.13400838076528715, 0.9439892378142972, -0.3015395045022456, -0.10482451764910228], [0.19613676982688075, 0.2729991604626424, 0.9418077436019411, 0.5439319754888149], [0.0, 0.0, 0.0, 1.0]]}, "intrinsic": [[1387.14196777, 0.0, 949.0501709], [0.0, 1385.58874512, 538.76617432], [0.0, 0.0, 1.0]], "distortion": [0.0, 0.0, 0.0, 0.0, 0.0, 0.0, 0.0, 0.0]}