{"objects": [21, 29], "object_poses": {"21": [[-0.18353447944414827, 0.04991549128797055, 0.9817451495091052, 0.10208613433104474], [0.39698094940212847, -0.9098854734980656, 0.1204763500816386, 0.056992962096903244], [0.8992892864184205, 0.411845685720622, 0.14717985761088678, 0.5811445760978005], [0.0, 0.0, 0.0, 1.0]], "29": [[0.973307275920178, -0.1429390019620246, -0.17955887156851852, 0.11665656576339861], [0.07816430244891576, 0.942052077514008, -0.3262333904955583, -0.08861286530369067], [0.2157852832413146, 0.30349023867276453, 0.9280788687212008, 0.5964401835043602], [0.0, 0.0, 0.0, 1.0]]}, "intrinsic": [[1387.14196777, 0.0, 949.0501709], [0.0, 1385.58874512, 538.76617432], [0.0, 0.0, 1.0]], "distortion": [0.0, 0.0, 0.0, 0.0, 0.0, 0.0, 0.0, 0.0]}