{"objects": [21, 29], "object_poses": {"21": [[-0.25336061637396157, 0.12522192738436524, 0.9592329576139264, 0.09542774184116684], [0.4758255560965279, -0.8472090978647501, 0.23627692367354572, 0.028583684261188846], [0.8422579404410734, 0.5162908224996344, 0.15506562599949505, 0.5267757005242404], [0.0, 0.0, 0.0, 1.0]], "29": [[0.9526210394794804, -0.2460172726938703, -0.17885372983899558, 0.12378888036548097], [0.20140422299290467, 0.9508534807723726, -0.2351892792278173, -0.11207606078785348], [0.22792431660899262, 0.18802435916482527, 0.9553519488957932, 0.5592994148787718], [0.0, 0.0, 0.0, 1.0]]}, "intrinsic": [[1387.14196777, 0.0, 949.0501709], [0.0, 1385.58874512, 538.76617432], [0.0, 0.0, 1.0]], "distortion": [0.0, 0.0, 0.0, 0.0, 0.0, 0.0, 0.0, 0.0]}