{"objects": [21, 29], "object_poses": {"21": [[-0.16994081056614874, 0.056125985174462815, 0.9838546613663656, 0.09633689545034706], [0.4064709642756841, -0.9054999283896972, 0.1218656427671753, 0.04512691483451203], [0.8977201546723333, 0.4206182990247299, 0.13106780848334734, 0.5302999889415725], [0.0, 0.0, 0.0, 1.0]], "29": [[0.9764532137688725, -0.138342426786993, -0.1655309465663235, 0.11113656055723035], [0.08028072722455483, 0.9452226803310133, -0.31640020452610834, -0.1003118396715853], [0.20023517712119107, 0.2956610517781305, 0.9340719545649064, 0.5469086809885487], [0.0, 0.0, 0.0, 1.0]]}, "intrinsic": [[1387.14196777, 0.0, 949.0501709], [0.0, 1385.58874512, 538.76617432], [0.0, 0.0, 1.0]], "distortion": [0.0, 0.0, 0.0, 0.0, 0.0, 0.0, 0.0, 0.0]}