{"objects": [21, 29], "object_poses": {"21": [[-0.23281478022795646, 0.046888436765217326, 0.9713901134997887, 0.07663525187410775], [0.6606809172828201, -0.7253367180173177, 0.19335814188754666, 0.007973367797435349], [0.7136511778493342, 0.6867955445353359, 0.1378908131844662, 0.5336874453006315], [0.0, 0.0, 0.0, 1.0]], "29": [[0.9604964979429707, -0.17405812025922368, -0.21714107905030733, 0.09309605050334202], [0.1752966296205208, 0.9844203555109176, -0.013698733498264587, -0.12427822629383484], [0.21614247403736445, -0.024906513758344965, 0.9760441058115266, 0.5960241762052735], [0.0, 0.0, 0.0, 1.0]]}, "intrinsic": [[1387.14196777, 0.0, 949.0501709], [0.0, 1385.58874512, 538.76617432], [0.0, 0.0, 1.0]], "distortion": [0.0, 0.0, 0.0, 0.0, 0.0, 0.0, 0.0, 0.0]}