{"objects": [21, 29], "object_poses": {"21": [[-0.26646206399404426, 0.11369286398794437, 0.9571164511856759, 0.09368625323734031], [0.5237962836380986, -0.8165036462435873, 0.24281525676499754, 0.02435402035557327], [0.8090954342344002, 0.5660350946267854, 0.15801534720367105, 0.5277511679256597], [0.0, 0.0, 0.0, 1.0]], "29": [[0.949138197039983, -0.24635060492160754, -0.19608177471265656, 0.12105316675439382], [0.21218599103508656, 0.960560286121847, -0.17972490627062987, -0.11426969107019475], [0.2326237050005153, 0.12897796780956025, 0.963976605365275, 0.5687612730970388], [0.0, 0.0, 0.0, 1.0]]}, "intrinsic": [[1387.14196777, 0.0, 949.0501709], [0.0, 1385.58874512, 538.76617432], [0.0, 0.0, 1.0]], "distortion": [0.0, 0.0, 0.0, 0.0, 0.0, 0.0, 0.0, 0.0]}