{"objects": [21, 29], "object_poses": {"21": [[-0.256101773422325, 0.07683262326697485, 0.9635915263491394, 0.0786385374999364], [0.5919390371033937, -0.7756115938132757, 0.21916850114819114, 0.015373328715889756], [0.764212050417323, 0.6265168820904614, 0.15315527562771386, 0.5296615991072249], [0.0, 0.0, 0.0, 1.0]], "29": [[0.9536281764780506, -0.21201035064540577, -0.21364669959158272, 0.10037259133111429], [0.19449445096811582, 0.975776341325524, -0.1001620699266824, -0.1207059001787012], [0.22970679043027073, 0.05396427455823332, 0.9717626497770107, 0.5812114237295165], [0.0, 0.0, 0.0, 1.0]]}, "intrinsic": [[1387.14196777, 0.0, 949.0501709], [0.0, 1385.58874512, 538.76617432], [0.0, 0.0, 1.0]], "distortion": [0.0, 0.0, 0.0, 0.0, 0.0, 0.0, 0.0, 0.0]}