{"objects": [21, 29], "object_poses": {"21": [[-0.2654927474771182, 0.12263928971087881, 0.9562809240261314, 0.09418244184550573], [0.4978953079949871, -0.8319332505402809, 0.24492310818309312, 0.02624523460976058], [0.8255990935760711, 0.5411530941098842, 0.1598107174806233, 0.5275941920891661], [0.0, 0.0, 0.0, 1.0]], "29": [[0.948943877689339, -0.2523271439392327, -0.18930538668354585, 0.12275301928122198], [0.21206039097517448, 0.9545701399425266, -0.20934717220343282, -0.11332302223473134], [0.2335292435122309, 0.15851454306020218, 0.95934208292091, 0.5643601251992034], [0.0, 0.0, 0.0, 1.0]]}, "intrinsic": [[1387.14196777, 0.0, 949.0501709], [0.0, 1385.58874512, 538.76617432], [0.0, 0.0, 1.0]], "distortion": [0.0, 0.0, 0.0, 0.0, 0.0, 0.0, 0.0, 0.0]}