{"objects": [21, 29], "object_poses": {"21": [[-0.25660275378969155, 0.07026742548580767, 0.9639592914968728, 0.07674666518923785], [0.6109576076832404, -0.7610250001152952, 0.2181094927175195, 0.013615319974102091], [0.7489231124498166, 0.6449057590959464, 0.15235069255951433, 0.5310530362037578], [0.0, 0.0, 0.0, 1.0]], "29": [[0.9535359766104, -0.20748734856516507, -0.2184448248301274, 0.09758784334218686], [0.1952898584588398, 0.9777756340065795, -0.07626716676374849, -0.12131644968618222], [0.2294144993081185, 0.030063428421236972, 0.9728644190115989, 0.5858834372656967], [0.0, 0.0, 0.0, 1.0]]}, "intrinsic": [[1387.14196777, 0.0, 949.0501709], [0.0, 1385.58874512, 538.76617432], [0.0, 0.0, 1.0]], "distortion": [0.0, 0.0, 0.0, 0.0, 0.0, 0.0, 0.0, 0.0]}