{"objects": [21, 29], "object_poses": {"21": [[-0.2571938381840202, 0.08733018704947718, 0.9624057190343812, 0.07962378480130838], [0.5707354018935535, -0.7899328742550153, 0.2242033790927818, 0.016842018661787195], [0.7798156388695844, 0.6069427424404391, 0.15332343843425852, 0.5281351181454693], [0.0, 0.0, 0.0, 1.0]], "29": [[0.9530918722425791, -0.22052748851612872, -0.20732464849583157, 0.10287456074988596], [0.19757796358212532, 0.9721809565550908, -0.12580594587848887, -0.12024948704446353], [0.22930074437710182, 0.07894184264639019, 0.9701491401365613, 0.5762249354881679], [0.0, 0.0, 0.0, 1.0]]}, "intrinsic": [[1387.14196777, 0.0, 949.0501709], [0.0, 1385.58874512, 538.76617432], [0.0, 0.0, 1.0]], "distortion": [0.0, 0.0, 0.0, 0.0, 0.0, 0.0, 0.0, 0.0]}