{"objects": [21, 29], "object_poses": {"21": [[-0.25809218117700383, 0.05264470257112923, 0.9646849026011052, 0.07497031583524671], [0.6465627129260475, -0.732533819315049, 0.21295741784080668, 0.010203494193120444], [0.7178753960604922, 0.6786919322129243, 0.15502314949736648, 0.5338224192944672], [0.0, 0.0, 0.0, 1.0]], "29": [[0.9530210599740274, -0.19544846077944775, -0.2314103680152272, 0.09342179706462916], [0.19369837774926754, 0.980587230661576, -0.030489695321131306, -0.12241188290346128], [0.2328772159385739, -0.015766491125681025, 0.9723783317486527, 0.5948143421125357], [0.0, 0.0, 0.0, 1.0]]}, "intrinsic": [[1387.14196777, 0.0, 949.0501709], [0.0, 1385.58874512, 538.76617432], [0.0, 0.0, 1.0]], "distortion": [0.0, 0.0, 0.0, 0.0, 0.0, 0.0, 0.0, 0.0]}