{"objects": [21, 29], "object_poses": {"21": [[-0.2547609566416979, 0.09704896224970627, 0.962121797849561, 0.09321919195171949], [0.5533585964170841, -0.8013145755938704, 0.22735262196011263, 0.022312941651378815], [0.7930265561394046, 0.5903189391058689, 0.15044079031499705, 0.5274037211531817], [0.0, 0.0, 0.0, 1.0]], "29": [[0.9535665586383699, -0.22608001220384347, -0.19899408616464598, 0.1177124589244328], [0.19915477160791878, 0.9689546837003071, -0.14650664790734938, -0.11555767237410497], [0.225938476564731, 0.10007321828120673, 0.9689876964081953, 0.5725599357012537], [0.0, 0.0, 0.0, 1.0]]}, "intrinsic": [[1387.14196777, 0.0, 949.0501709], [0.0, 1385.58874512, 538.76617432], [0.0, 0.0, 1.0]], "distortion": [0.0, 0.0, 0.0, 0.0, 0.0, 0.0, 0.0, 0.0]}