{"objects": [21, 29], "object_poses": {"21": [[-0.2584960652326411, 0.06155694043302077, 0.9640490274585506, 0.07582343967690915], [0.6282244965425592, -0.7473977170931916, 0.21617269584233142, 0.012000261393816214], [0.7338349720496377, 0.6615190062034646, 0.15452779112021264, 0.5324060089053912], [0.0, 0.0, 0.0, 1.0]], "29": [[0.9529596871940135, -0.2023205156165691, -0.2256861616133126, 0.09553777661356296], [0.1950653649395817, 0.9792893737123293, -0.054238601891216036, -0.12183517628561108], [0.23198564176279005, 0.007663647615179069, 0.9726890204588242, 0.5902569431361908], [0.0, 0.0, 0.0, 1.0]]}, "intrinsic": [[1387.14196777, 0.0, 949.0501709], [0.0, 1385.58874512, 538.76617432], [0.0, 0.0, 1.0]], "distortion": [0.0, 0.0, 0.0, 0.0, 0.0, 0.0, 0.0, 0.0]}