{"objects": [21, 29], "object_poses": {"21": [[-0.2572294075601201, 0.09000196262868138, 0.9621500291582723, 0.08531174101315506], [0.5626208167621931, -0.7955548091987493, 0.22483407683576662, 0.01838585571123036], [0.7856785910486007, 0.5991595716365838, 0.1540031145274483, 0.5267699276207521], [0.0, 0.0, 0.0, 1.0]], "29": [[0.953012596280047, -0.22253124357577675, -0.20554035361504752, 0.10893717404905964], [0.19745676772287626, 0.970886295108744, -0.13561204537378882, -0.11911146829699082], [0.2297342295175358, 0.08865465358707658, 0.9692071688681164, 0.5734993065543124], [0.0, 0.0, 0.0, 1.0]]}, "intrinsic": [[1387.14196777, 0.0, 949.0501709], [0.0, 1385.58874512, 538.76617432], [0.0, 0.0, 1.0]], "distortion": [0.0, 0.0, 0.0, 0.0, 0.0, 0.0, 0.0, 0.0]}