{"objects": [21, 29], "object_poses": {"21": [[-0.2143123707400512, 0.06877264114909051, 0.9743410755875821, 0.05596241503027943], [0.6464202017990179, -0.7378364688132313, 0.1942633984963338, 0.007727816032932655], [0.7322643856244122, 0.6714668041821636, 0.11367145827998329, 0.5281477298737286], [0.0, 0.0, 0.0, 1.0]], "29": [[0.9657488031394045, -0.17772991185967407, -0.18905376924350603, 0.07460893289101764], [0.1747073927174434, 0.984078197137512, -0.032671529631602816, -0.1256022426364531], [0.1918504004809429, -0.0014766004694848256, 0.9814230705900313, 0.5875001761414216], [0.0, 0.0, 0.0, 1.0]]}, "intrinsic": [[1387.14196777, 0.0, 949.0501709], [0.0, 1385.58874512, 538.76617432], [0.0, 0.0, 1.0]], "distortion": [0.0, 0.0, 0.0, 0.0, 0.0, 0.0, 0.0, 0.0]}