{"objects": [21, 29], "object_poses": {"21": [[-0.2108046438602303, 0.08647314023305501, 0.9736959474831994, 0.01842957412469967], [0.6047893040233411, -0.7710159587121959, 0.19940985218911253, 0.01962612288338833], [0.767978710555134, 0.6309174172816566, 0.11023571428861509, 0.4983999251536637], [0.0, 0.0, 0.0, 1.0]], "29": [[0.9664428429163275, -0.18846627354371723, -0.1745528433236424, 0.03938226171381545], [0.17570239796960543, 0.980676401483146, -0.08603756692172194, -0.11639285961051782], [0.18739503388178338, 0.05248103762905481, 0.9808816656283432, 0.5504300254340536], [0.0, 0.0, 0.0, 1.0]]}, "intrinsic": [[1387.14196777, 0.0, 949.0501709], [0.0, 1385.58874512, 538.76617432], [0.0, 0.0, 1.0]], "distortion": [0.0, 0.0, 0.0, 0.0, 0.0, 0.0, 0.0, 0.0]}