{"objects": [21, 29], "object_poses": {"21": [[-0.2213013758701558, 0.059904057678405585, 0.973363860491876, 0.07471945490812598], [0.6526199940358097, -0.7325703460128379, 0.1934627393772182, 0.007713747552898276], [0.7246467031751941, 0.6780502872326664, 0.12302423972951389, 0.5318445324528909], [0.0, 0.0, 0.0, 1.0]], "29": [[0.9638618963459883, -0.1758953204814832, -0.20007768742428186, 0.09245620714990904], [0.17454664565787956, 0.984343963776449, -0.02450366230716001, -0.12517050253933987], [0.20125534343692775, -0.011304742792093678, 0.9794735777592466, 0.592462135081246], [0.0, 0.0, 0.0, 1.0]]}, "intrinsic": [[1387.14196777, 0.0, 949.0501709], [0.0, 1385.58874512, 538.76617432], [0.0, 0.0, 1.0]], "distortion": [0.0, 0.0, 0.0, 0.0, 0.0, 0.0, 0.0, 0.0]}