{"objects": [21, 29], "object_poses": {"21": [[-0.2215329117358656, 0.06556233881218985, 0.9729464264528211, 0.03112867663020194], [0.6459035437168646, -0.7376239805333605, 0.1967726494107447, 0.019938698358068996], [0.7305694910354716, 0.6720211626664775, 0.1210610412005942, 0.5102578874826655], [0.0, 0.0, 0.0, 1.0]], "29": [[0.9638104084472524, -0.1802418053042812, -0.19642400105234437, 0.049666052813514244], [0.17719850035248036, 0.9836180698688287, -0.033108671075169356, -0.11334005175281991], [0.19917376343683083, -0.0028955566276050067, 0.9799599112771074, 0.5697595723679665], [0.0, 0.0, 0.0, 1.0]]}, "intrinsic": [[1387.14196777, 0.0, 949.0501709], [0.0, 1385.58874512, 538.76617432], [0.0, 0.0, 1.0]], "distortion": [0.0, 0.0, 0.0, 0.0, 0.0, 0.0, 0.0, 0.0]}