{"objects": [21, 29], "object_poses": {"21": [[-0.2159786904958103, 0.08075149836116632, 0.9730531335770677, 0.019178521483607908], [0.6207301400025867, -0.7579076190082853, 0.2006741994915326, 0.01901591769463229], [0.7536891259293088, 0.6473447586577233, 0.11356700618706025, 0.5003989008593268], [0.0, 0.0, 0.0, 1.0]], "29": [[0.9651822851316881, -0.18773054809381629, -0.18215487306241465, 0.03957534964260903], [0.1785725206854972, 0.9817382690065659, -0.06558830706788123, -0.11592033341968838], [0.19114133860580165, 0.030776817255793402, 0.9810799030637594, 0.5553851499343202], [0.0, 0.0, 0.0, 1.0]]}, "intrinsic": [[1387.14196777, 0.0, 949.0501709], [0.0, 1385.58874512, 538.76617432], [0.0, 0.0, 1.0]], "distortion": [0.0, 0.0, 0.0, 0.0, 0.0, 0.0, 0.0, 0.0]}