{"objects": [21, 29], "object_poses": {"21": [[-0.22012500276857025, 0.07438288651891072, 0.9726315691716266, 0.019545558225420978], [0.6365287882404683, -0.7445999525048279, 0.20100251856863788, 0.018476056986950817], [0.7391725677385896, 0.6633536740856498, 0.11655821798489048, 0.5024166325278825], [0.0, 0.0, 0.0, 1.0]], "29": [[0.9641470708059338, -0.18582076462622193, -0.18944938450699741, 0.039248031522901405], [0.18051630680171524, 0.9825403696607425, -0.045036484827434574, -0.11534208783770472], [0.19451038233221338, 0.00922309170870506, 0.9808570975143723, 0.5603115952856357], [0.0, 0.0, 0.0, 1.0]]}, "intrinsic": [[1387.14196777, 0.0, 949.0501709], [0.0, 1385.58874512, 538.76617432], [0.0, 0.0, 1.0]], "distortion": [0.0, 0.0, 0.0, 0.0, 0.0, 0.0, 0.0, 0.0]}