{"objects": [21, 29], "object_poses": {"21": [[-0.21171838406528704, 0.07260919427463068, 0.9746297916417199, 0.04691570186064767], [0.6462536285610955, -0.7376972627878124, 0.1953432774553408, 0.012032561260570007], [0.7331654475085444, 0.6712158023930652, 0.10926011713994203, 0.5249384314925645], [0.0, 0.0, 0.0, 1.0]], "29": [[0.96641154495899, -0.17881503222610087, -0.1845911970273059, 0.06597598205513097], [0.17578522222135323, 0.9838824126038094, -0.032786488337559726, -0.12127135919285759], [0.1874787492453092, -0.0007631637414698649, 0.9822683625988006, 0.5842181123429714], [0.0, 0.0, 0.0, 1.0]]}, "intrinsic": [[1387.14196777, 0.0, 949.0501709], [0.0, 1385.58874512, 538.76617432], [0.0, 0.0, 1.0]], "distortion": [0.0, 0.0, 0.0, 0.0, 0.0, 0.0, 0.0, 0.0]}