{"objects": [21, 29], "object_poses": {"21": [[-0.21630247546054332, 0.06698637628326227, 0.9740257001240201, 0.06569280731573385], [0.6455561500627341, -0.7386208149268773, 0.19415599108176732, 0.0070508806290829895], [0.7324414626615724, 0.6707847025307008, 0.11652204351528943, 0.5294519716705222], [0.0, 0.0, 0.0, 1.0]], "29": [[0.9652235397146564, -0.17775455665853251, -0.19169464251213245, 0.08418341320143488], [0.17450817697211096, 0.9840745266083014, -0.03382635437834896, -0.12634812727562583], [0.19465460320936892, -0.000802289091400927, 0.9808715215468469, 0.5886981718448049], [0.0, 0.0, 0.0, 1.0]]}, "intrinsic": [[1387.14196777, 0.0, 949.0501709], [0.0, 1385.58874512, 538.76617432], [0.0, 0.0, 1.0]], "distortion": [0.0, 0.0, 0.0, 0.0, 0.0, 0.0, 0.0, 0.0]}