{"objects": [21, 29], "object_poses": {"21": [[-0.2220659946076208, 0.06915672817068425, 0.9725759821153633, 0.022371940630560333], [0.6472040442967553, -0.7355915126976059, 0.2000801126878384, 0.018592986300672798], [0.7292555238631064, 0.6738860982361793, 0.11859134672971865, 0.5032445062606109], [0.0, 0.0, 0.0, 1.0]], "29": [[0.9636548460793356, -0.1832645926053516, -0.19437959441521302, 0.04143604688311883], [0.18069032606865798, 0.983049856136196, -0.031048130633226055, -0.11446623562575364], [0.19677485533734015, -0.005202830749566108, 0.9804348967979313, 0.5630701977668293], [0.0, 0.0, 0.0, 1.0]]}, "intrinsic": [[1387.14196777, 0.0, 949.0501709], [0.0, 1385.58874512, 538.76617432], [0.0, 0.0, 1.0]], "distortion": [0.0, 0.0, 0.0, 0.0, 0.0, 0.0, 0.0, 0.0]}