{"objects": [21, 29], "object_poses": {"21": [[-0.2195674198783687, 0.06689066679033222, 0.9733014881445062, 0.03893133568893575], [0.6434330156377795, -0.7399829840058003, 0.19600800434969784, 0.01674336562457779], [0.7333376456416454, 0.6692912834321272, 0.11943649110112295, 0.5209371510026979], [0.0, 0.0, 0.0, 1.0]], "29": [[0.9643437083264467, -0.17989446637977574, -0.19411129069981867, 0.0575618472642532], [0.17616513687766308, 0.9836854502659352, -0.03645242768307524, -0.11674831061981755], [0.19750204242004415, 0.0009570271937646166, 0.9803020082295413, 0.5799302562182698], [0.0, 0.0, 0.0, 1.0]]}, "intrinsic": [[1387.14196777, 0.0, 949.0501709], [0.0, 1385.58874512, 538.76617432], [0.0, 0.0, 1.0]], "distortion": [0.0, 0.0, 0.0, 0.0, 0.0, 0.0, 0.0, 0.0]}