{"objects": [21, 29], "object_poses": {"21": [[-0.1968884837935851, 0.09835108872510158, 0.9754803884733203, -0.004240299272581016], [0.5828670976845133, -0.7882946998332371, 0.1971228364539887, 0.01976917627184077], [0.7883532656026088, 0.6073866392681202, 0.09788053459337218, 0.4970898004899393], [0.0, 0.0, 0.0, 1.0]], "29": [[0.9696556944855625, -0.18784838223550515, -0.15646347638743574, 0.017717549520556014], [0.1712585102046362, 0.9786532093489911, -0.11361522131043793, -0.11763388712685185], [0.17446591883295612, 0.08337194445635175, 0.9811272914578155, 0.5448973427411847], [0.0, 0.0, 0.0, 1.0]]}, "intrinsic": [[1387.14196777, 0.0, 949.0501709], [0.0, 1385.58874512, 538.76617432], [0.0, 0.0, 1.0]], "distortion": [0.0, 0.0, 0.0, 0.0, 0.0, 0.0, 0.0, 0.0]}