{"objects": [21, 29], "object_poses": {"21": [[-0.16451353983254766, 0.14264857713432363, 0.9760054706062499, -0.053249977863745385], [0.5064556509002239, -0.8368816245043256, 0.20768201712772302, 0.01963521290673098], [0.846426588005716, 0.5284699896953111, 0.06543318048546388, 0.4880721282772704], [0.0, 0.0, 0.0, 1.0]], "29": [[0.9746211692891306, -0.19879553859410465, -0.10292672251939365, -0.02662525844324129], [0.17501097231056592, 0.9633266484835782, -0.2034033625393624, -0.12098661765333929], [0.13958773565186902, 0.18022791725059317, 0.9736699450527925, 0.5221886218952607], [0.0, 0.0, 0.0, 1.0]]}, "intrinsic": [[1387.14196777, 0.0, 949.0501709], [0.0, 1385.58874512, 538.76617432], [0.0, 0.0, 1.0]], "distortion": [0.0, 0.0, 0.0, 0.0, 0.0, 0.0, 0.0, 0.0]}