{"objects": [21, 29], "object_poses": {"21": [[-0.20504069497832556, 0.09150745129106942, 0.974466366664867, 0.017787421732217173], [0.5886809874817639, -0.7838736358197681, 0.19747612018722674, 0.020231498226589484], [0.7819290302708441, 0.6141404639208506, 0.10685729827570459, 0.4963290495847475], [0.0, 0.0, 0.0, 1.0]], "29": [[0.9678123939354514, -0.18829449280048316, -0.16698608961813502, 0.03917239117375326], [0.17217393694768474, 0.9793045438968602, -0.10638959412888471, -0.1168267601039869], [0.18356281099635272, 0.07421451531864265, 0.9802024791517037, 0.5453701237618658], [0.0, 0.0, 0.0, 1.0]]}, "intrinsic": [[1387.14196777, 0.0, 949.0501709], [0.0, 1385.58874512, 538.76617432], [0.0, 0.0, 1.0]], "distortion": [0.0, 0.0, 0.0, 0.0, 0.0, 0.0, 0.0, 0.0]}