{"objects": [21, 29], "object_poses": {"21": [[-0.19726857780283266, 0.09870339160907571, 0.9753680068038542, -0.021754255891918095], [0.5772470232504205, -0.7924641636077546, 0.1969426910194893, 0.01916817371629026], [0.7923831032778138, 0.6018788830672959, 0.09935203952355243, 0.4949622583506339], [0.0, 0.0, 0.0, 1.0]], "29": [[0.9695493966329892, -0.1883667001382675, -0.15649905356788474, 0.0002706126584348656], [0.17054134477606084, 0.9779494176957191, -0.12054288096187636, -0.11855381983736801], [0.1757544230185901, 0.09018271845334014, 0.9802945782170676, 0.541811673587303], [0.0, 0.0, 0.0, 1.0]]}, "intrinsic": [[1387.14196777, 0.0, 949.0501709], [0.0, 1385.58874512, 538.76617432], [0.0, 0.0, 1.0]], "distortion": [0.0, 0.0, 0.0, 0.0, 0.0, 0.0, 0.0, 0.0]}