{"objects": [21, 29], "object_poses": {"21": [[-0.16934367445624718, 0.12256819760958644, 0.9779058016273366, -0.02621626280676731], [0.5338161097927413, -0.8226781429756903, 0.19555314877501065, 0.021121932514460873], [0.8284703258701562, 0.5551375595335043, 0.07388646119408693, 0.48786648525689263], [0.0, 0.0, 0.0, 1.0]], "29": [[0.9749589233286056, -0.18716750052095676, -0.12009756271748803, -0.002169186386202865], [0.16513492299958027, 0.9710269980668351, -0.17273397532403856, -0.11878471550314773], [0.14894816221715254, 0.1485762288324028, 0.9776193273447924, 0.526534016949161], [0.0, 0.0, 0.0, 1.0]]}, "intrinsic": [[1387.14196777, 0.0, 949.0501709], [0.0, 1385.58874512, 538.76617432], [0.0, 0.0, 1.0]], "distortion": [0.0, 0.0, 0.0, 0.0, 0.0, 0.0, 0.0, 0.0]}