{"objects": [21, 29], "object_poses": {"21": [[-0.18640918814882373, 0.09923897069437237, 0.9774473086919967, -0.02246637183012623], [0.5657692989297515, -0.8025219308598585, 0.18937700725671325, 0.019921442568308634], [0.8032164807586034, 0.5883112927562191, 0.0934510987269464, 0.49222451714439547], [0.0, 0.0, 0.0, 1.0]], "29": [[0.9721617898706045, -0.1814157239809982, -0.14828954584882068, -0.0008762045324296475], [0.1618002340416267, 0.9775241638361691, -0.13515618143645783, -0.11866000157891876], [0.16947607081731342, 0.1074003920330758, 0.9796647473556841, 0.53668076603247], [0.0, 0.0, 0.0, 1.0]]}, "intrinsic": [[1387.14196777, 0.0, 949.0501709], [0.0, 1385.58874512, 538.76617432], [0.0, 0.0, 1.0]], "distortion": [0.0, 0.0, 0.0, 0.0, 0.0, 0.0, 0.0, 0.0]}