{"objects": [21, 29], "object_poses": {"21": [[-0.19635952935027626, 0.10037631475649683, 0.9753807106300862, -0.017665134024897028], [0.5819434309125194, -0.7886774814122977, 0.19831710347553913, 0.019958369244783336], [0.7891671422779245, 0.6065578502905286, 0.09645100206752807, 0.4977419127863609], [0.0, 0.0, 0.0, 1.0]], "29": [[0.9697152515897717, -0.18899135739165124, -0.1547081047180905, 0.00455064143101136], [0.17238056197244273, 0.9783357445351114, -0.11464777720917993, -0.11745611923721888], [0.1730239078516849, 0.0845070280876108, 0.9812855290462309, 0.5453972139310855], [0.0, 0.0, 0.0, 1.0]]}, "intrinsic": [[1387.14196777, 0.0, 949.0501709], [0.0, 1385.58874512, 538.76617432], [0.0, 0.0, 1.0]], "distortion": [0.0, 0.0, 0.0, 0.0, 0.0, 0.0, 0.0, 0.0]}