{"objects": [21, 29], "object_poses": {"21": [[-0.177814181579327, 0.10592413887092507, 0.9783466633222276, -0.02409684901031467], [0.5513273067873389, -0.8127841201448994, 0.1882024835938901, 0.020560970951476243], [0.8151198179531003, 0.5728543015852655, 0.08612567291676247, 0.4895787959006284], [0.0, 0.0, 0.0, 1.0]], "29": [[0.9739008549363242, -0.18055643971137075, -0.13753725616380152, -0.001976485683567536], [0.15927805089122757, 0.9753686564198086, -0.15259910411965255, -0.11877625149033866], [0.16170227969514103, 0.12670973187794723, 0.9786710461584233, 0.5313297003167601], [0.0, 0.0, 0.0, 1.0]]}, "intrinsic": [[1387.14196777, 0.0, 949.0501709], [0.0, 1385.58874512, 538.76617432], [0.0, 0.0, 1.0]], "distortion": [0.0, 0.0, 0.0, 0.0, 0.0, 0.0, 0.0, 0.0]}