{"objects": [21, 29], "object_poses": {"21": [[-0.16278688316427997, 0.14274889951362837, 0.9762802785866957, -0.03975381002529402], [0.504983588456315, -0.838005467830815, 0.20673270490042855, 0.020877664687240616], [0.8476390777090472, 0.5266588910987002, 0.06433044665821981, 0.48745406447305245], [0.0, 0.0, 0.0, 1.0]], "29": [[0.9749819286444487, -0.19770253101104684, -0.10160683071818113, -0.013196037970283209], [0.1739218561694223, 0.9631496814824393, -0.20516792879704762, -0.11983124104600312], [0.13842480544812483, 0.18236337431653168, 0.9734383251878608, 0.5212623273964749], [0.0, 0.0, 0.0, 1.0]]}, "intrinsic": [[1387.14196777, 0.0, 949.0501709], [0.0, 1385.58874512, 538.76617432], [0.0, 0.0, 1.0]], "distortion": [0.0, 0.0, 0.0, 0.0, 0.0, 0.0, 0.0, 0.0]}