{"objects": [21, 29], "object_poses": {"21": [[-0.19887853421155177, 0.0956865000408305, 0.975341695171395, 0.00901655874430135], [0.5823583101481058, -0.7889147457528073, 0.19614362731231738, 0.020089076450894583], [0.7882297426710753, 0.607007098511811, 0.10117437978543141, 0.4963334432482811], [0.0, 0.0, 0.0, 1.0]], "29": [[0.9692482738363676, -0.18722049208078279, -0.15970682831447142, 0.0306957826061503], [0.17021775551156101, 0.978751665632918, -0.11432887968228625, -0.11737575305557024], [0.17771803333889893, 0.08362813142614092, 0.9805216143769278, 0.5440905574050059], [0.0, 0.0, 0.0, 1.0]]}, "intrinsic": [[1387.14196777, 0.0, 949.0501709], [0.0, 1385.58874512, 538.76617432], [0.0, 0.0, 1.0]], "distortion": [0.0, 0.0, 0.0, 0.0, 0.0, 0.0, 0.0, 0.0]}