{"objects": [21, 29], "object_poses": {"21": [[-0.1473229323805139, 0.14048801690618648, 0.9790602998286588, -0.07282199099645004], [0.5067432021053786, -0.8393586956005655, 0.19669343466346925, 0.019718350522992645], [0.849415846752812, 0.5251096049640419, 0.05246543681048184, 0.4857521207939467], [0.0, 0.0, 0.0, 1.0]], "29": [[0.9783211141253818, -0.18557212770634524, -0.09192814082221121, -0.04730488263354912], [0.16390752257635957, 0.9651555572353046, -0.20398302473662122, -0.12125165528602866], [0.12657851989721536, 0.18449318620577496, 0.9746487277703089, 0.5192729306599468], [0.0, 0.0, 0.0, 1.0]]}, "intrinsic": [[1387.14196777, 0.0, 949.0501709], [0.0, 1385.58874512, 538.76617432], [0.0, 0.0, 1.0]], "distortion": [0.0, 0.0, 0.0, 0.0, 0.0, 0.0, 0.0, 0.0]}