{"objects": [21, 29], "object_poses": {"21": [[0.0035272685530714667, 0.1292548132759439, 0.9916051389648831, -0.0969851732098112], [0.5124098999100369, -0.851769012677561, 0.1092045947590384, 0.02102785840383009], [0.8587337496865617, 0.5077230960743281, -0.06923586398651625, 0.4567185060058124], [0.0, 0.0, 0.0, 1.0]], "29": [[0.9970862680880792, -0.07550089842829459, 0.010889826753648512, -0.08009558239569853], [0.07614599938706477, 0.9765848194954265, -0.20120605634135644, -0.1218519861969023], [0.004556398528436226, 0.20144901257542852, 0.9794884045076007, 0.4874983984694719], [0.0, 0.0, 0.0, 1.0]]}, "intrinsic": [[1387.14196777, 0.0, 949.0501709], [0.0, 1385.58874512, 538.76617432], [0.0, 0.0, 1.0]], "distortion": [0.0, 0.0, 0.0, 0.0, 0.0, 0.0, 0.0, 0.0]}