{"objects": [21, 29], "object_poses": {"21": [[-0.014573144391809886, 0.1256772497808943, 0.9919641386411386, -0.09002874740396447], [0.5121615193289781, -0.8511073145552708, 0.11535561204014202, 0.019948167669587513], [0.8587655102419813, 0.5097269543569717, -0.05196374140493193, 0.4633963559570679], [0.0, 0.0, 0.0, 1.0]], "29": [[0.996366056683714, -0.0850336404859907, -0.004895005031909011, -0.07279293861915087], [0.08230917165271884, 0.9760381208404317, -0.2014318418923221, -0.12283382514302471], [0.02190619433874949, 0.20029694618737492, 0.9794903021457718, 0.4944372882089274], [0.0, 0.0, 0.0, 1.0]]}, "intrinsic": [[1387.14196777, 0.0, 949.0501709], [0.0, 1385.58874512, 538.76617432], [0.0, 0.0, 1.0]], "distortion": [0.0, 0.0, 0.0, 0.0, 0.0, 0.0, 0.0, 0.0]}