{"objects": [21, 29], "object_poses": {"21": [[-0.08924303400163651, 0.13057591476354521, 0.9874135969115757, -0.07834172212779572], [0.5066455962785009, -0.8475764321866778, 0.15787473316940895, 0.01869631536848837], [0.8575231312645668, 0.5143579707609996, 0.009484580161633241, 0.4799036523727654], [0.0, 0.0, 0.0, 1.0]], "29": [[0.9886871577604941, -0.13899941592533036, -0.056363697997110815, -0.05692929813427505], [0.12466666688042777, 0.9704730014577571, -0.2064954614767802, -0.12337730674900133], [0.08340219570501656, 0.1971327365355619, 0.9768227873762944, 0.5115880972662852], [0.0, 0.0, 0.0, 1.0]]}, "intrinsic": [[1387.14196777, 0.0, 949.0501709], [0.0, 1385.58874512, 538.76617432], [0.0, 0.0, 1.0]], "distortion": [0.0, 0.0, 0.0, 0.0, 0.0, 0.0, 0.0, 0.0]}