{"objects": [21, 29], "object_poses": {"21": [[-0.1637531201827281, 0.13494300335614667, 0.9772283773385078, -0.027849743434482432], [0.5144789087786084, -0.8335376493856481, 0.2013117966703103, 0.019686362107938615], [0.8417222630133977, 0.535728824034958, 0.0670690617626972, 0.48643376764481533], [0.0, 0.0, 0.0, 1.0]], "29": [[0.9753642474288982, -0.1925651087710502, -0.10762557187522052, -0.002336773402216441], [0.16925614929485808, 0.9661415845103997, -0.19473775855139858, -0.12083752294439515], [0.14148123820264175, 0.17172395745421637, 0.9749327882848743, 0.5217811316342731], [0.0, 0.0, 0.0, 1.0]]}, "intrinsic": [[1387.14196777, 0.0, 949.0501709], [0.0, 1385.58874512, 538.76617432], [0.0, 0.0, 1.0]], "distortion": [0.0, 0.0, 0.0, 0.0, 0.0, 0.0, 0.0, 0.0]}