{"objects": [21, 29], "object_poses": {"21": [[-0.05402436448882352, 0.13130415374916998, 0.9898689747889884, -0.08028737810113687], [0.5095772859224197, -0.8488902351773363, 0.14041495038817997, 0.018422703055824774], [0.8587271730378175, 0.51200057405123, -0.021048858821619585, 0.47679295666761945], [0.0, 0.0, 0.0, 1.0]], "29": [[0.9928186038164787, -0.11578704731310217, -0.030076229657798277, -0.06042125602737819], [0.10731324586676975, 0.9731063676495979, -0.20383293281841267, -0.1239539607482884], [0.05286858403110714, 0.1991415499445791, 0.9785435891712883, 0.5081223813165512], [0.0, 0.0, 0.0, 1.0]]}, "intrinsic": [[1387.14196777, 0.0, 949.0501709], [0.0, 1385.58874512, 538.76617432], [0.0, 0.0, 1.0]], "distortion": [0.0, 0.0, 0.0, 0.0, 0.0, 0.0, 0.0, 0.0]}