{"objects": [21, 29], "object_poses": {"21": [[-0.12762000983970312, 0.13561946138228012, 0.9825072492266423, -0.07703325975855135], [0.5032070986787183, -0.8447891355842236, 0.18197233921180012, 0.019731659036386184], [0.8546904404097794, 0.5176279340349089, 0.03956732210918429, 0.4811112877213628], [0.0, 0.0, 0.0, 1.0]], "29": [[0.982348953729915, -0.16864856354782737, -0.08092091892095504, -0.0531193250472102], [0.14871031271939789, 0.9665274978910675, -0.2090689807488022, -0.12181622093398703], [0.11347147657740839, 0.19334491933768677, 0.974547056929349, 0.5133546041386695], [0.0, 0.0, 0.0, 1.0]]}, "intrinsic": [[1387.14196777, 0.0, 949.0501709], [0.0, 1385.58874512, 538.76617432], [0.0, 0.0, 1.0]], "distortion": [0.0, 0.0, 0.0, 0.0, 0.0, 0.0, 0.0, 0.0]}