{"objects": [21, 29], "object_poses": {"21": [[-0.03284327527291775, 0.12780161562098444, 0.9912558026634815, -0.08799160049353613], [0.5107417182269032, -0.8503679167678104, 0.12655948559713778, 0.01899781580744947], [0.8591066386264163, 0.5104323198785987, -0.03734474918077403, 0.47037566376417655], [0.0, 0.0, 0.0, 1.0]], "29": [[0.994952356718076, -0.09891511439756137, -0.016899940972685025, -0.06960510755349913], [0.09345935034004614, 0.9747355601373446, -0.2028692624272211, -0.12362573857896392], [0.03653980973103368, 0.20026579325352623, 0.9790599850659641, 0.5014846441817955], [0.0, 0.0, 0.0, 1.0]]}, "intrinsic": [[1387.14196777, 0.0, 949.0501709], [0.0, 1385.58874512, 538.76617432], [0.0, 0.0, 1.0]], "distortion": [0.0, 0.0, 0.0, 0.0, 0.0, 0.0, 0.0, 0.0]}