{"objects": [21, 29], "object_poses": {"21": [[-0.16622141065073265, 0.14134796426246352, 0.9759053210430546, -0.061305693987085186], [0.5070612642349426, -0.8365525998845129, 0.20752980975978352, 0.01838806222287337], [0.845730049693012, 0.5293396835920461, 0.0673808757803804, 0.48878278778172546], [0.0, 0.0, 0.0, 1.0]], "29": [[0.974355748701933, -0.1989854074241813, -0.1050508572251789, -0.03478253133612577], [0.17490921926654826, 0.9634883456413291, -0.20272388322275628, -0.12221601084030803], [0.14155437113378116, 0.17915081759673193, 0.9735847906409345, 0.5230512358368439], [0.0, 0.0, 0.0, 1.0]]}, "intrinsic": [[1387.14196777, 0.0, 949.0501709], [0.0, 1385.58874512, 538.76617432], [0.0, 0.0, 1.0]], "distortion": [0.0, 0.0, 0.0, 0.0, 0.0, 0.0, 0.0, 0.0]}