{"objects": [21, 29], "object_poses": {"21": [[0.017899224606136917, 0.1320308602299319, 0.9910839872106971, -0.1045565466475894], [0.5119475251676799, -0.8526559160009055, 0.10434376063451106, 0.022109841664005037], [0.8588302214251599, 0.5055153220779852, -0.08285475189272604, 0.4502498407830721], [0.0, 0.0, 0.0, 1.0]], "29": [[0.9974185149113175, -0.06788824462161941, 0.02339855453472383, -0.08795063451493976], [0.07122082175015501, 0.976842585545765, -0.20175767051963317, -0.12086733832070662], [-0.009159730419210123, 0.20290330038338497, 0.979155937546307, 0.48073065010523636], [0.0, 0.0, 0.0, 1.0]]}, "intrinsic": [[1387.14196777, 0.0, 949.0501709], [0.0, 1385.58874512, 538.76617432], [0.0, 0.0, 1.0]], "distortion": [0.0, 0.0, 0.0, 0.0, 0.0, 0.0, 0.0, 0.0]}