{"objects": [21, 29], "object_poses": {"21": [[0.12164769068266579, 0.05343741737226595, 0.9911338364601253, -0.11437089310525078], [0.5575098135516382, -0.8298323904434578, -0.023685682690615505, 0.026225654479268112], [0.8212092590474086, 0.5554481489711587, -0.1307390785470171, 0.453624310183998], [0.0, 0.0, 0.0, 1.0]], "29": [[0.9970737548664906, 0.06005390779344532, 0.04730174959968231, -0.11357701613805743], [-0.052757948356643804, 0.9883555723150369, -0.14272302392754707, -0.11556984548937577], [-0.05532202311604529, 0.1398098381107778, 0.9886317225973463, 0.4928762655375254], [0.0, 0.0, 0.0, 1.0]]}, "intrinsic": [[1387.14196777, 0.0, 949.0501709], [0.0, 1385.58874512, 538.76617432], [0.0, 0.0, 1.0]], "distortion": [0.0, 0.0, 0.0, 0.0, 0.0, 0.0, 0.0, 0.0]}