{"objects": [21, 29], "object_poses": {"21": [[0.09177898124624945, -0.0243077292340937, 0.9954826733303264, -0.04715567185556549], [0.5436005609494459, -0.8363746293898285, -0.07054012651308157, 0.014158840404559725], [0.8343111222660589, 0.5476190405861698, -0.0635479161785484, 0.4649260894553879], [0.0, 0.0, 0.0, 1.0]], "29": [[0.9948639250651757, 0.09750298011454331, -0.027183441149240834, -0.05581689666380296], [-0.10053853479022674, 0.9829938911994954, -0.15367176997327367, -0.12785329428607917], [0.011737701059611798, 0.1556154835910221, 0.9877479676722083, 0.5024073759394598], [0.0, 0.0, 0.0, 1.0]]}, "intrinsic": [[1387.14196777, 0.0, 949.0501709], [0.0, 1385.58874512, 538.76617432], [0.0, 0.0, 1.0]], "distortion": [0.0, 0.0, 0.0, 0.0, 0.0, 0.0, 0.0, 0.0]}