{"objects": [21, 29], "object_poses": {"21": [[0.03865798579425638, 0.11556127131299386, 0.9925478087764165, -0.10562365721463893], [0.517016753315938, -0.8523129375805482, 0.07909698618449822, 0.021827640713323215], [0.8551018868678633, 0.5101061154361408, -0.09269581473655712, 0.4498737693274013], [0.0, 0.0, 0.0, 1.0]], "29": [[0.9987492518902635, -0.04171264060770265, 0.027567870106141236, -0.09228676898907445], [0.04631516501962175, 0.9795510778274917, -0.1957922149019606, -0.12131362955849023], [-0.018837126581889352, 0.19682413861247314, 0.98025783400165, 0.48117894794855753], [0.0, 0.0, 0.0, 1.0]]}, "intrinsic": [[1387.14196777, 0.0, 949.0501709], [0.0, 1385.58874512, 538.76617432], [0.0, 0.0, 1.0]], "distortion": [0.0, 0.0, 0.0, 0.0, 0.0, 0.0, 0.0, 0.0]}