{"objects": [21, 29], "object_poses": {"21": [[0.11355973065363612, 0.07133306891914787, 0.9909670937283738, -0.12056033031730926], [0.5512208748403847, -0.8343535762438297, -0.003107563247947562, 0.030329659138011056], [0.8265952665688793, 0.5465946423884123, -0.13406924404281065, 0.45538987220181515], [0.0, 0.0, 0.0, 1.0]], "29": [[0.9977189611048456, 0.04137632038723369, 0.053337367418141685, -0.11689175884732453], [-0.03283941914625848, 0.9878317545433879, -0.15201972656822726, -0.11182306570959827], [-0.05897836215105701, 0.1499213954942891, 0.9869372462173239, 0.49315830416346196], [0.0, 0.0, 0.0, 1.0]]}, "intrinsic": [[1387.14196777, 0.0, 949.0501709], [0.0, 1385.58874512, 538.76617432], [0.0, 0.0, 1.0]], "distortion": [0.0, 0.0, 0.0, 0.0, 0.0, 0.0, 0.0, 0.0]}