{"objects": [21, 29], "object_poses": {"21": [[0.10081984222553195, -0.0066377634544168085, 0.9948825556365696, -0.05587019061225251], [0.5452108225753145, -0.8360890963636468, -0.060829120399494195, 0.018484207418920873], [0.83221422624248, 0.5485535188458386, -0.08067539030882864, 0.46245660771298136], [0.0, 0.0, 0.0, 1.0]], "29": [[0.9958578033618309, 0.09051454890137187, -0.008622755971741726, -0.062488067487253746], [-0.09076568751689798, 0.9840398976817042, -0.1530590400472172, -0.12357290536487031], [-0.005368934060986038, 0.15320768978015492, 0.9881794261870094, 0.5001831297402317], [0.0, 0.0, 0.0, 1.0]]}, "intrinsic": [[1387.14196777, 0.0, 949.0501709], [0.0, 1385.58874512, 538.76617432], [0.0, 0.0, 1.0]], "distortion": [0.0, 0.0, 0.0, 0.0, 0.0, 0.0, 0.0, 0.0]}