{"objects": [21, 29], "object_poses": {"21": [[0.10935171155117243, 0.013495671498936643, 0.9939115001003017, -0.075374909762878], [0.5495184440159597, -0.8340355647871965, -0.049134065131910605, 0.02075820296767339], [0.8282944421322105, 0.5515455951423259, -0.09861933690707611, 0.45937384865248687], [0.0, 0.0, 0.0, 1.0]], "29": [[0.996621729301642, 0.0813556312049136, 0.011242328721086228, -0.07958160993099245], [-0.07877274452078312, 0.9856298899307478, -0.14942749009394068, -0.12122521446597245], [-0.02323754299589018, 0.14803709449445968, 0.9887087717063925, 0.49771863837196123], [0.0, 0.0, 0.0, 1.0]]}, "intrinsic": [[1387.14196777, 0.0, 949.0501709], [0.0, 1385.58874512, 538.76617432], [0.0, 0.0, 1.0]], "distortion": [0.0, 0.0, 0.0, 0.0, 0.0, 0.0, 0.0, 0.0]}