{"objects": [21, 29], "object_poses": {"21": [[0.11821882115121177, 0.03451245557630818, 0.9923876262508121, -0.09499596154335377], [0.5540556182013854, -0.8316534557769533, -0.037079663344459286, 0.02282176513271844], [0.8240428886078083, 0.5542214538470633, -0.11743891105826319, 0.4564272476369038], [0.0, 0.0, 0.0, 1.0]], "29": [[0.9969088185856811, 0.07175945471646851, 0.03199043739799288, -0.09668336548551626], [-0.06638917748604965, 0.9871378923677316, -0.1454347226921002, -0.11905319623445948], [-0.04201528934620456, 0.14286133875404333, 0.9888505212369401, 0.4953625536722979], [0.0, 0.0, 0.0, 1.0]]}, "intrinsic": [[1387.14196777, 0.0, 949.0501709], [0.0, 1385.58874512, 538.76617432], [0.0, 0.0, 1.0]], "distortion": [0.0, 0.0, 0.0, 0.0, 0.0, 0.0, 0.0, 0.0]}