{"objects": [21, 29], "object_poses": {"21": [[0.059930515024414585, 0.09878642411350512, 0.993302358690336, -0.11066863833234836], [0.5238813104812958, -0.8501444821213168, 0.052940835345563556, 0.02316822121550577], [0.8496803551320408, 0.5171997698467714, -0.10270195798103988, 0.4528761353269189], [0.0, 0.0, 0.0, 1.0]], "29": [[0.9993766612461611, -0.014978170570660006, 0.03196784889305956, -0.10066666551755171], [0.020707596247491047, 0.9821022736218626, -0.18720662275793087, -0.11996544846663432], [-0.02859168435305039, 0.18775190692276564, 0.9818002531231754, 0.48543413271938995], [0.0, 0.0, 0.0, 1.0]]}, "intrinsic": [[1387.14196777, 0.0, 949.0501709], [0.0, 1385.58874512, 538.76617432], [0.0, 0.0, 1.0]], "distortion": [0.0, 0.0, 0.0, 0.0, 0.0, 0.0, 0.0, 0.0]}