{"objects": [21, 29], "object_poses": {"21": [[0.08001303399657977, 0.0857251142885412, 0.9931007598279685, -0.11312974136875878], [0.5322919098635613, -0.846024060634153, 0.030143183672408088, 0.027143010988457617], [0.8427711653138514, 0.526207652555836, -0.11332373673336554, 0.4548706302856794], [0.0, 0.0, 0.0, 1.0]], "29": [[0.9992421179720388, 0.008192779009857298, 0.038053489233804166, -0.10588806086393415], [-0.0013512135947935525, 0.9843109640855993, -0.17643724154131948, -0.11578628330976404], [-0.03890197800360542, 0.1762521045349074, 0.9835760426903625, 0.4890186162577749], [0.0, 0.0, 0.0, 1.0]]}, "intrinsic": [[1387.14196777, 0.0, 949.0501709], [0.0, 1385.58874512, 538.76617432], [0.0, 0.0, 1.0]], "distortion": [0.0, 0.0, 0.0, 0.0, 0.0, 0.0, 0.0, 0.0]}