{"objects": [21, 29], "object_poses": {"21": [[0.098856718342287, 0.07669848503016137, 0.9921414675502087, -0.11653718844365643], [0.5417211588050694, -0.8404863099540553, 0.010997676241635343, 0.029246432554061175], [0.8347248261202544, 0.5363768313172205, -0.12463691060280944, 0.45613593341837627], [0.0, 0.0, 0.0, 1.0]], "29": [[0.9985624602238158, 0.027533459521678665, 0.04598827718610612, -0.11143428862607133], [-0.0196285439122846, 0.9862226372813722, -0.16425477155221146, -0.11333194842079092], [-0.04987718211428567, 0.16311596586647645, 0.9853453447313767, 0.49208973353899876], [0.0, 0.0, 0.0, 1.0]]}, "intrinsic": [[1387.14196777, 0.0, 949.0501709], [0.0, 1385.58874512, 538.76617432], [0.0, 0.0, 1.0]], "distortion": [0.0, 0.0, 0.0, 0.0, 0.0, 0.0, 0.0, 0.0]}