{"objects": [21, 29], "object_poses": {"21": [[0.07664630190792653, -0.0521486120692778, 0.9956936610539898, -0.008821109255860937], [0.5438724801598583, -0.8347918808648042, -0.085587621575633, 0.012903778204520155], [0.8356602597518957, 0.5480903555997484, -0.035621515548038434, 0.45574599527400356], [0.0, 0.0, 0.0, 1.0]], "29": [[0.9925245786040622, 0.10790323858110423, -0.057025011797953364, -0.020659636145626964], [-0.11541899415060937, 0.9817384572602159, -0.15122188110720763, -0.12888540675233673], [0.03966631639197161, 0.15667320332478868, 0.9868536318542137, 0.49320245481601804], [0.0, 0.0, 0.0, 1.0]]}, "intrinsic": [[1387.14196777, 0.0, 949.0501709], [0.0, 1385.58874512, 538.76617432], [0.0, 0.0, 1.0]], "distortion": [0.0, 0.0, 0.0, 0.0, 0.0, 0.0, 0.0, 0.0]}