{"objects": [21, 29], "object_poses": {"21": [[0.09430174794703783, -0.03703039503219717, 0.99485472817789, -0.03251668230850241], [0.5426419061920583, -0.8358978314194001, -0.08255045168017211, 0.01619568709608743], [0.834653785697031, 0.5476345179698883, -0.058732382460672715, 0.44163446046254834], [0.0, 0.0, 0.0, 1.0]], "29": [[0.9935112889712708, 0.10859585615433433, -0.03379731812984788, -0.043070112008042116], [-0.11252231673905147, 0.9817819076113758, -0.15311111691400525, -0.12569329182873784], [0.01655436263764543, 0.15592057565659884, 0.987630865842389, 0.4790971463288798], [0.0, 0.0, 0.0, 1.0]]}, "intrinsic": [[1387.14196777, 0.0, 949.0501709], [0.0, 1385.58874512, 538.76617432], [0.0, 0.0, 1.0]], "distortion": [0.0, 0.0, 0.0, 0.0, 0.0, 0.0, 0.0, 0.0]}