{"objects": [21, 29], "object_poses": {"21": [[0.08501645178826499, -0.04467512385276821, 0.9953774842913035, -0.017514382654802985], [0.5429560212833286, -0.8355617579058321, -0.08387674098043724, 0.014645907875671715], [0.8354465643459869, 0.5475771014515335, -0.04677986840968132, 0.44871255738860233], [0.0, 0.0, 0.0, 1.0]], "29": [[0.9930939516012087, 0.10800667952137782, -0.04581441336393133, -0.028701029225024294], [-0.11380736775291565, 0.9817212380239171, -0.15254931615038209, -0.12720955272851853], [0.028500637506316255, 0.15670982097993544, 0.987233379536055, 0.48611840300607284], [0.0, 0.0, 0.0, 1.0]]}, "intrinsic": [[1387.14196777, 0.0, 949.0501709], [0.0, 1385.58874512, 538.76617432], [0.0, 0.0, 1.0]], "distortion": [0.0, 0.0, 0.0, 0.0, 0.0, 0.0, 0.0, 0.0]}