{"objects": [21, 29], "object_poses": {"21": [[0.11922438136620765, -0.0006753668480446772, 0.9928671062974519, -0.06010588147343962], [0.5179951283983865, -0.8530765014362615, -0.0627816028213216, 0.023914334175061336], [0.8470339980445807, 0.5217854219666324, -0.10135768140461912, 0.42253178064494257], [0.0, 0.0, 0.0, 1.0]], "29": [[0.9950993236410209, 0.09845935516120043, 0.009115452289461092, -0.0667498404168522], [-0.09510268575211721, 0.9782440458017737, -0.18437479767072568, -0.11923922384956526], [-0.027070560613593843, 0.18260433246401336, 0.9828137374464444, 0.4558518449534063], [0.0, 0.0, 0.0, 1.0]]}, "intrinsic": [[1387.14196777, 0.0, 949.0501709], [0.0, 1385.58874512, 538.76617432], [0.0, 0.0, 1.0]], "distortion": [0.0, 0.0, 0.0, 0.0, 0.0, 0.0, 0.0, 0.0]}