{"objects": [21, 29], "object_poses": {"21": [[0.11316432670213625, -0.010420789655214356, 0.9935216365560562, -0.05225810004553946], [0.5280608479467775, -0.8463966555094883, -0.06902494047871391, 0.02201947218419059], [0.8416326847430443, 0.5324510387681883, -0.09027909662206475, 0.4259120634767097], [0.0, 0.0, 0.0, 1.0]], "29": [[0.9948237877835808, 0.10159660601210954, -0.001939305743675671, -0.05997916538597439], [-0.10041489743900958, 0.9799698799439257, -0.17197640179690665, -0.12066630102284132], [-0.015571757519938225, 0.17128095063234072, 0.9850991606524861, 0.4609615331644559], [0.0, 0.0, 0.0, 1.0]]}, "intrinsic": [[1387.14196777, 0.0, 949.0501709], [0.0, 1385.58874512, 538.76617432], [0.0, 0.0, 1.0]], "distortion": [0.0, 0.0, 0.0, 0.0, 0.0, 0.0, 0.0, 0.0]}