{"objects": [21, 29], "object_poses": {"21": [[0.10921210871209973, -0.01883188603720445, 0.9938400652916688, -0.0432166869010171], [0.5365436016246585, -0.8405431844529875, -0.07488737293614504, 0.020275253700080154], [0.8367757637899762, 0.541417135984742, -0.08169336567790854, 0.4295687210025536], [0.0, 0.0, 0.0, 1.0]], "29": [[0.9943996679250993, 0.10516025310980502, -0.010517680179213371, -0.05192685522716864], [-0.10547579571098831, 0.9812478962861145, -0.16133016628398392, -0.12198444016667798], [-0.006645069571009522, 0.1615360244650279, 0.9868444435930318, 0.46608751780281005], [0.0, 0.0, 0.0, 1.0]]}, "intrinsic": [[1387.14196777, 0.0, 949.0501709], [0.0, 1385.58874512, 538.76617432], [0.0, 0.0, 1.0]], "distortion": [0.0, 0.0, 0.0, 0.0, 0.0, 0.0, 0.0, 0.0]}