{"objects": [21, 29], "object_poses": {"21": [[0.06910905256789726, -0.05883276589296164, 0.9958728053875966, -0.0028272017262241933], [0.5449191536268058, -0.8339543305400497, -0.08708209106440985, 0.011091302230147426], [0.8356357189971091, 0.5486883270408529, -0.025574692672602265, 0.46291960593092557], [0.0, 0.0, 0.0, 1.0]], "29": [[0.9919096682603161, 0.10777445222322221, -0.06708112595740282, -0.015246267224396592], [-0.116804383034745, 0.9817971568647388, -0.1497700867202728, -0.13062846320920585], [0.049718669688559466, 0.15639376656475235, 0.9864426205634568, 0.5004507256456217], [0.0, 0.0, 0.0, 1.0]]}, "intrinsic": [[1387.14196777, 0.0, 949.0501709], [0.0, 1385.58874512, 538.76617432], [0.0, 0.0, 1.0]], "distortion": [0.0, 0.0, 0.0, 0.0, 0.0, 0.0, 0.0, 0.0]}