{"objects": [21, 29], "object_poses": {"21": [[0.08122593047438872, -0.04128776326051492, 0.9958401823704063, -0.025184768982202788], [0.5424643934641837, -0.8363633731479727, -0.07892204939107184, 0.012317413403012567], [0.8361427689348915, 0.5466183574135581, -0.0455372517440355, 0.4668772152797519], [0.0, 0.0, 0.0, 1.0]], "29": [[0.9936037622423668, 0.1029591060036773, -0.04637872517390604, -0.035722196966557485], [-0.10894495624222154, 0.9820712990237721, -0.15384069729155125, -0.12963179923870788], [0.0297079142184818, 0.1579094237995131, 0.9870066127985686, 0.504115551613995], [0.0, 0.0, 0.0, 1.0]]}, "intrinsic": [[1387.14196777, 0.0, 949.0501709], [0.0, 1385.58874512, 538.76617432], [0.0, 0.0, 1.0]], "distortion": [0.0, 0.0, 0.0, 0.0, 0.0, 0.0, 0.0, 0.0]}