{"objects": [21, 29], "object_poses": {"21": [[0.07155179750603334, -0.05677972252095429, 0.9958194632482887, -0.011960967035944903], [0.5423458390964266, -0.8356784051617451, -0.08661751532526264, 0.010291642418293445], [0.8371029393619706, 0.5462761813009736, -0.029000045772009892, 0.46889159350616166], [0.0, 0.0, 0.0, 1.0]], "29": [[0.9921061452428857, 0.10789998012488936, -0.06389828526940379, -0.0242076863647972], [-0.11657522019427571, 0.981347863666791, -0.15286133753598882, -0.1315488795202316], [0.04621271045910123, 0.15910362901481614, 0.9861797101068089, 0.5060210192081462], [0.0, 0.0, 0.0, 1.0]]}, "intrinsic": [[1387.14196777, 0.0, 949.0501709], [0.0, 1385.58874512, 538.76617432], [0.0, 0.0, 1.0]], "distortion": [0.0, 0.0, 0.0, 0.0, 0.0, 0.0, 0.0, 0.0]}