{"objects": [21, 29], "object_poses": {"21": [[0.10491449688756543, -0.028641348138068016, 0.9940687207229051, -0.03470792234175199], [0.5428008345225102, -0.8359102021894632, -0.08137191110723772, 0.0186733216820954], [0.83328278656438, 0.5481184242957108, -0.07215255063469873, 0.4342108103861435], [0.0, 0.0, 0.0, 1.0]], "29": [[0.9937772693489376, 0.10952361837788702, -0.020280925590375448, -0.044586055585500106], [-0.11134108535210056, 0.9819190507026626, -0.1530952010345456, -0.12322597102958271], [0.003146686829477136, 0.15440063110171243, 0.9880033114708678, 0.4718182998346072], [0.0, 0.0, 0.0, 1.0]]}, "intrinsic": [[1387.14196777, 0.0, 949.0501709], [0.0, 1385.58874512, 538.76617432], [0.0, 0.0, 1.0]], "distortion": [0.0, 0.0, 0.0, 0.0, 0.0, 0.0, 0.0, 0.0]}