{"objects": [21, 29], "object_poses": {"21": [[0.19788276125721493, -0.0064292080126873595, 0.9802046103143771, -0.12044325455977234], [0.47799415215383206, -0.872394893795938, -0.10221907740495681, 0.04440488272671689], [0.855782684624994, 0.48875946493455463, -0.16955878665799085, 0.45540777768767676], [0.0, 0.0, 0.0, 1.0]], "29": [[0.9857502442224187, 0.15543520377662787, 0.06431448858833083, -0.131552505709456], [-0.1375500391446997, 0.9648967916330682, -0.22372788880135877, -0.0995359937815985], [-0.09683203368075768, 0.21169336060240548, 0.9725273663656565, 0.48377886614024074], [0.0, 0.0, 0.0, 1.0]]}, "intrinsic": [[1387.14196777, 0.0, 949.0501709], [0.0, 1385.58874512, 538.76617432], [0.0, 0.0, 1.0]], "distortion": [0.0, 0.0, 0.0, 0.0, 0.0, 0.0, 0.0, 0.0]}