{"objects": [21, 29], "object_poses": {"21": [[0.17886792654526432, -0.010796701708701135, 0.9838138523550182, -0.10688802744830778], [0.48026882229105233, -0.8717540734387126, -0.09688495124726329, 0.04118523793722717], [0.8586897712145908, 0.48982473056720355, -0.150743524359106, 0.44136705674967586], [0.0, 0.0, 0.0, 1.0]], "29": [[0.98817472999516, 0.1459288904997917, 0.047068693592567955, -0.11772174752624526], [-0.13208527025296188, 0.9660493178673071, -0.22204098006972178, -0.10277777500467239], [-0.07787287320506833, 0.21319820441462625, 0.9739005807849065, 0.46973237827148145], [0.0, 0.0, 0.0, 1.0]]}, "intrinsic": [[1387.14196777, 0.0, 949.0501709], [0.0, 1385.58874512, 538.76617432], [0.0, 0.0, 1.0]], "distortion": [0.0, 0.0, 0.0, 0.0, 0.0, 0.0, 0.0, 0.0]}