{"objects": [21, 29], "object_poses": {"21": [[0.12833544475240607, 0.011513352774952244, 0.9916639835791616, -0.07656376800014739], [0.49195500265630215, -0.8689705217163116, -0.05357711964565968, 0.027073166580945385], [0.8611099168989066, 0.49472990115412274, -0.11718376987617872, 0.4186590440646381], [0.0, 0.0, 0.0, 1.0]], "29": [[0.9951318516595965, 0.09555972934061802, 0.024102612740301753, -0.08193176021962223], [-0.08819222934985302, 0.9726301308993515, -0.21497153101985994, -0.11709022696556448], [-0.0439855487048139, 0.21179935456716512, 0.9763228487083968, 0.4475625156858434], [0.0, 0.0, 0.0, 1.0]]}, "intrinsic": [[1387.14196777, 0.0, 949.0501709], [0.0, 1385.58874512, 538.76617432], [0.0, 0.0, 1.0]], "distortion": [0.0, 0.0, 0.0, 0.0, 0.0, 0.0, 0.0, 0.0]}