{"objects": [21, 29], "object_poses": {"21": [[0.1694048451711928, -0.013589098941719929, 0.9854528577372367, -0.099618903255458], [0.4785134258282626, -0.8730022166455595, -0.09429756642695547, 0.037322330462466635], [0.8615839481644411, 0.48752688758867385, -0.14138823905642847, 0.4354805206580109], [0.0, 0.0, 0.0, 1.0]], "29": [[0.989183586971156, 0.14165260180187544, 0.03808374547828989, -0.11040167952329494], [-0.12967070960108204, 0.9658365935305293, -0.22437731986300294, -0.10673534964628395], [-0.06856630614556292, 0.21701201579661936, 0.9737578994090118, 0.46338081794522107], [0.0, 0.0, 0.0, 1.0]]}, "intrinsic": [[1387.14196777, 0.0, 949.0501709], [0.0, 1385.58874512, 538.76617432], [0.0, 0.0, 1.0]], "distortion": [0.0, 0.0, 0.0, 0.0, 0.0, 0.0, 0.0, 0.0]}