{"objects": [21, 29], "object_poses": {"21": [[0.13149751079054336, 0.008095497137773893, 0.9912834446221691, -0.0852283072387007], [0.4666152850864164, -0.8827679699189698, -0.05468900263188369, 0.026668941694551695], [0.8746305393591145, 0.46973947482752715, -0.11985927335482549, 0.4210128509235348], [0.0, 0.0, 0.0, 1.0]], "29": [[0.9946727172053632, 0.10020827691048427, 0.02417616359038978, -0.09122049096667711], [-0.09139265526582503, 0.9657537123003412, -0.2428315254277781, -0.11823433997335464], [-0.047681948479263186, 0.2393283694357011, 0.9697671696714011, 0.4458008066099891], [0.0, 0.0, 0.0, 1.0]]}, "intrinsic": [[1387.14196777, 0.0, 949.0501709], [0.0, 1385.58874512, 538.76617432], [0.0, 0.0, 1.0]], "distortion": [0.0, 0.0, 0.0, 0.0, 0.0, 0.0, 0.0, 0.0]}