{"objects": [21, 29], "object_poses": {"21": [[0.18914311283071333, -0.005748041634870062, 0.9819327079215163, -0.11511879944147041], [0.48061668448804307, -0.871473657910649, -0.09767940499184723, 0.04608339475920664], [0.856289954081228, 0.4904086291912136, -0.16207063569433885, 0.44897171193044205], [0.0, 0.0, 0.0, 1.0]], "29": [[0.9871119137727498, 0.14907945618648066, 0.05818406509570324, -0.12572639316863832], [-0.13284235678952294, 0.9660619970258575, -0.22153357791772182, -0.09785596611026703], [-0.08923551944445858, 0.21094912572837532, 0.9734153730160229, 0.47754179066464986], [0.0, 0.0, 0.0, 1.0]]}, "intrinsic": [[1387.14196777, 0.0, 949.0501709], [0.0, 1385.58874512, 538.76617432], [0.0, 0.0, 1.0]], "distortion": [0.0, 0.0, 0.0, 0.0, 0.0, 0.0, 0.0, 0.0]}