{"objects": [21, 29], "object_poses": {"21": [[0.15986612781443793, -0.0125505512042507, 0.9870589166012821, -0.0931290844977245], [0.47538489974968207, -0.8753532220339776, -0.08812453554331781, 0.03333943514040416], [0.8651312144799796, 0.48332103237828494, -0.13397298755042897, 0.4301695807336534], [0.0, 0.0, 0.0, 1.0]], "29": [[0.9904102097630988, 0.13449258225612654, 0.03161268282053281, -0.10332289031763728], [-0.12381921314341272, 0.9655788578544879, -0.22874936441655588, -0.11090615581062269], [-0.06128963088139826, 0.22264144848278244, 0.9729719248590478, 0.4573100646122987], [0.0, 0.0, 0.0, 1.0]]}, "intrinsic": [[1387.14196777, 0.0, 949.0501709], [0.0, 1385.58874512, 538.76617432], [0.0, 0.0, 1.0]], "distortion": [0.0, 0.0, 0.0, 0.0, 0.0, 0.0, 0.0, 0.0]}