{"objects": [21, 29], "object_poses": {"21": [[0.13526801155337598, 0.016720120992163308, 0.9906679577963614, -0.08535232528221792], [0.47511478004313473, -0.8784994700416661, -0.050046247822215735, 0.028615798880021193], [0.8694644965925645, 0.477450645292817, -0.12677685307071798, 0.4173542798985964], [0.0, 0.0, 0.0, 1.0]], "29": [[0.9948064780707464, 0.09635915033910326, 0.03278696897277701, -0.09031683335503801], [-0.08608722437615271, 0.9684021108464103, -0.23406482330208642, -0.11609366944155741], [-0.054305257459156125, 0.23002666335482308, 0.9716679850433235, 0.4434662213957927], [0.0, 0.0, 0.0, 1.0]]}, "intrinsic": [[1387.14196777, 0.0, 949.0501709], [0.0, 1385.58874512, 538.76617432], [0.0, 0.0, 1.0]], "distortion": [0.0, 0.0, 0.0, 0.0, 0.0, 0.0, 0.0, 0.0]}