{"objects": [21, 29], "object_poses": {"21": [[0.13556087327764774, -0.006677646532499158, 0.9907465158520611, -0.08214961089354442], [0.4699990586785464, -0.8798678219371227, -0.07023888353975474, 0.026246071058575737], [0.8721950094316548, 0.47517157423021306, -0.11613716272623653, 0.4216516500036877], [0.0, 0.0, 0.0, 1.0]], "29": [[0.9933463417902495, 0.11385573217836709, 0.01731812640197921, -0.09039213353855524], [-0.10654192536584786, 0.9656100643753615, -0.23716243740600723, -0.11839536439963544], [-0.04372486010594457, 0.23373933307671702, 0.9713156339633262, 0.4473075658927505], [0.0, 0.0, 0.0, 1.0]]}, "intrinsic": [[1387.14196777, 0.0, 949.0501709], [0.0, 1385.58874512, 538.76617432], [0.0, 0.0, 1.0]], "distortion": [0.0, 0.0, 0.0, 0.0, 0.0, 0.0, 0.0, 0.0]}