{"objects": [21, 29], "object_poses": {"21": [[0.12283720620504437, 0.004866203017917445, 0.9924149035760892, -0.06765425505217817], [0.5063699188334897, -0.8603325965300266, -0.05845792203349817, 0.02546439298427433], [0.8535224227120851, 0.5097098619961152, -0.10814495139209127, 0.42030826646827296], [0.0, 0.0, 0.0, 1.0]], "29": [[0.9951840011276823, 0.09678631477253344, 0.015531038995118266, -0.07369345352673234], [-0.09181448549694954, 0.9758602517103054, -0.1981586974746245, -0.11816258751297665], [-0.03433517369179474, 0.195778391056474, 0.9800468955325065, 0.45164719762584904], [0.0, 0.0, 0.0, 1.0]]}, "intrinsic": [[1387.14196777, 0.0, 949.0501709], [0.0, 1385.58874512, 538.76617432], [0.0, 0.0, 1.0]], "distortion": [0.0, 0.0, 0.0, 0.0, 0.0, 0.0, 0.0, 0.0]}