{"objects": [21, 29], "object_poses": {"21": [[0.14789761208608976, -0.011902336666415306, 0.9889310545842523, -0.08648076432288293], [0.47232800650941476, -0.8776745358349918, -0.08120137568835002, 0.02933332952028228], [0.8689260904162543, 0.4791093231494444, -0.1241841610883117, 0.4252997394176644], [0.0, 0.0, 0.0, 1.0]], "29": [[0.9917632874365685, 0.12599029635427206, 0.02306570869475323, -0.09602679365825342], [-0.11721475451185273, 0.9653607667995502, -0.23310789615309038, -0.11510011669993925], [-0.051636063151192534, 0.22848421203391006, 0.972177289301442, 0.45166568313205974], [0.0, 0.0, 0.0, 1.0]]}, "intrinsic": [[1387.14196777, 0.0, 949.0501709], [0.0, 1385.58874512, 538.76617432], [0.0, 0.0, 1.0]], "distortion": [0.0, 0.0, 0.0, 0.0, 0.0, 0.0, 0.0, 0.0]}