{"objects": [21, 29], "object_poses": {"21": [[0.2844312736733739, -0.06478334396650068, 0.9565050804366226, -0.14306548309107958], [0.3594057848843538, -0.917744716320082, -0.1690328886880908, 0.05049721953682096], [0.88877799947355, 0.39185169900243855, -0.23775178998421775, 0.46405405352525886], [0.0, 0.0, 0.0, 1.0]], "29": [[0.962277732041738, 0.25641293292341455, 0.09096138876600197, -0.166336118205286], [-0.21266076235528883, 0.9174064161985752, -0.33636418904539017, -0.0941639115801024], [-0.16969668992379872, 0.3043318506947782, 0.9373287353333448, 0.47743107622935155], [0.0, 0.0, 0.0, 1.0]]}, "intrinsic": [[1387.14196777, 0.0, 949.0501709], [0.0, 1385.58874512, 538.76617432], [0.0, 0.0, 1.0]], "distortion": [0.0, 0.0, 0.0, 0.0, 0.0, 0.0, 0.0, 0.0]}