{"objects": [21, 29], "object_poses": {"21": [[0.3520111930745463, -0.13732766057675697, 0.9258667472108283, -0.13950336766911353], [0.28928880382543176, -0.9247848468336121, -0.24715374779313173, 0.058865266731587096], [0.8901685839949014, 0.3548437694358687, -0.28580726261076717, 0.48265786993074505], [0.0, 0.0, 0.0, 1.0]], "29": [[0.9300668827748998, 0.3549893169004223, 0.09464765423385443, -0.17602198783843587], [-0.29424882743487313, 0.8740197820643796, -0.386661412754552, -0.08342499645646068], [-0.2199845929118698, 0.3317710135721871, 0.9173520444380628, 0.4908542980477305], [0.0, 0.0, 0.0, 1.0]]}, "intrinsic": [[1387.14196777, 0.0, 949.0501709], [0.0, 1385.58874512, 538.76617432], [0.0, 0.0, 1.0]], "distortion": [0.0, 0.0, 0.0, 0.0, 0.0, 0.0, 0.0, 0.0]}