{"objects": [21, 29], "object_poses": {"21": [[0.2999055873287905, -0.07796587913815921, 0.9507775556770347, -0.14306518359301623], [0.34776607322772374, -0.9191347748850992, -0.18506761982771078, 0.05369982756841429], [0.888321674282883, 0.38615099027082583, -0.24853976686260726, 0.4688409102261757], [0.0, 0.0, 0.0, 1.0]], "29": [[0.9564133288970152, 0.27647300997745505, 0.09400116521700047, -0.16889226916719013], [-0.22927567789589343, 0.9103130294589333, -0.34461986582709714, -0.09059558820111802], [-0.1808485770846028, 0.3080468522016005, 0.9340240516256368, 0.48145458097319255], [0.0, 0.0, 0.0, 1.0]]}, "intrinsic": [[1387.14196777, 0.0, 949.0501709], [0.0, 1385.58874512, 538.76617432], [0.0, 0.0, 1.0]], "distortion": [0.0, 0.0, 0.0, 0.0, 0.0, 0.0, 0.0, 0.0]}