{"objects": [21, 29], "object_poses": {"21": [[0.316624233103929, -0.09166730827338931, 0.9441113279721149, -0.14265047913813345], [0.333657842118371, -0.9209474578279163, -0.20131622963193535, 0.05483001155354972], [0.8879310442845567, 0.37875174522927063, -0.26100876629247916, 0.47312441948730766], [0.0, 0.0, 0.0, 1.0]], "29": [[0.9496366822750079, 0.2977375724946907, 0.09768576970420721, -0.17116361819105735], [-0.24624646057487587, 0.9018666256882258, -0.3549637588882693, -0.0890431052696875], [-0.1937855833958755, 0.3130318312803234, 0.9297624536800883, 0.48473636195994463], [0.0, 0.0, 0.0, 1.0]]}, "intrinsic": [[1387.14196777, 0.0, 949.0501709], [0.0, 1385.58874512, 538.76617432], [0.0, 0.0, 1.0]], "distortion": [0.0, 0.0, 0.0, 0.0, 0.0, 0.0, 0.0, 0.0]}