{"objects": [21, 29], "object_poses": {"21": [[0.23703930743819324, -0.023487884454288448, 0.9712160861585302, -0.13819236022549958], [0.40672018050715986, -0.9054821664653648, -0.12116410764504376, 0.0471884964145044], [0.8822647343612048, 0.4237338380364016, -0.20508186903160638, 0.45947936729258715], [0.0, 0.0, 0.0, 1.0]], "29": [[0.9774784208522669, 0.19424414598291997, 0.08249332409075684, -0.1535020859842326], [-0.1619381340697979, 0.9410433621644844, -0.2970074599402593, -0.0980196986595831], [-0.1353217554651438, 0.2769595679472709, 0.951305114156496, 0.47757639554559583], [0.0, 0.0, 0.0, 1.0]]}, "intrinsic": [[1387.14196777, 0.0, 949.0501709], [0.0, 1385.58874512, 538.76617432], [0.0, 0.0, 1.0]], "distortion": [0.0, 0.0, 0.0, 0.0, 0.0, 0.0, 0.0, 0.0]}