{"objects": [21, 29], "object_poses": {"21": [[0.2716241990456057, -0.05171429087909198, 0.9610129690132782, -0.14322984335357158], [0.36627452079724254, -0.9178558411684177, -0.15291706983778472, 0.04949311845250781], [0.8899793648774029, 0.39353054132036186, -0.23037023058659417, 0.4604409368669289], [0.0, 0.0, 0.0, 1.0]], "29": [[0.967042863921583, 0.23821041969980258, 0.0899104848435664, -0.16408327504269127], [-0.19628620387544302, 0.9223995608775526, -0.3326421143828238, -0.0955203318280396], [-0.16217220941495672, 0.30403099519514787, 0.9387573320374814, 0.4739887660506201], [0.0, 0.0, 0.0, 1.0]]}, "intrinsic": [[1387.14196777, 0.0, 949.0501709], [0.0, 1385.58874512, 538.76617432], [0.0, 0.0, 1.0]], "distortion": [0.0, 0.0, 0.0, 0.0, 0.0, 0.0, 0.0, 0.0]}