{"objects": [21, 29], "object_poses": {"21": [[0.20846401262189773, -0.008230914830657436, 0.9779954025876799, -0.12709539881701287], [0.46288206380291, -0.8800505313628764, -0.1060719437810251, 0.04430409270490765], [0.8615584428529145, 0.4748087133667386, -0.17964892223413878, 0.4571398980176432], [0.0, 0.0, 0.0, 1.0]], "29": [[0.983920254199415, 0.16385044103034418, 0.07109125368383132, -0.1389482038215448], [-0.1425999936314637, 0.9603154231018258, -0.23970717546431042, -0.09999496856968926], [-0.10754615377819472, 0.22571513269369714, 0.9682388670573986, 0.48330479778559027], [0.0, 0.0, 0.0, 1.0]]}, "intrinsic": [[1387.14196777, 0.0, 949.0501709], [0.0, 1385.58874512, 538.76617432], [0.0, 0.0, 1.0]], "distortion": [0.0, 0.0, 0.0, 0.0, 0.0, 0.0, 0.0, 0.0]}