{"objects": [21, 29], "object_poses": {"21": [[0.22231012856060667, -0.013728319424924588, 0.9748793463732544, -0.13437476678877505], [0.4348076713305771, -0.8935643886931349, -0.1117361723505508, 0.04575479029119672], [0.8726514170569195, 0.4487251012649495, -0.19267923552711788, 0.4582347866072551], [0.0, 0.0, 0.0, 1.0]], "29": [[0.9810928933589355, 0.1771794472243142, 0.07787283275890916, -0.1476383630610734], [-0.15044602270098686, 0.9513073535473439, -0.2690358960068574, -0.09911233574252332], [-0.12174862978310734, 0.2522335476657405, 0.9599768271046448, 0.48025529658608623], [0.0, 0.0, 0.0, 1.0]]}, "intrinsic": [[1387.14196777, 0.0, 949.0501709], [0.0, 1385.58874512, 538.76617432], [0.0, 0.0, 1.0]], "distortion": [0.0, 0.0, 0.0, 0.0, 0.0, 0.0, 0.0, 0.0]}