{"objects": [21, 29], "object_poses": {"21": [[0.25436731545877, -0.03807489406741827, 0.9663578898462326, -0.14187958764074174], [0.37879472738936204, -0.9154666175460793, -0.1357771212714682, 0.04882099658832639], [0.8898380882656799, 0.400588535283405, -0.21844221677867096, 0.4594922488236324], [0.0, 0.0, 0.0, 1.0]], "29": [[0.9724734283042875, 0.2166058475402685, 0.08589143178155904, -0.16002916931593458], [-0.17846252620348896, 0.9293666642458566, -0.3231543441292539, -0.09646100262161855], [-0.14982175403856585, 0.2989306110118229, 0.9424404128733641, 0.4740195831162379], [0.0, 0.0, 0.0, 1.0]]}, "intrinsic": [[1387.14196777, 0.0, 949.0501709], [0.0, 1385.58874512, 538.76617432], [0.0, 0.0, 1.0]], "distortion": [0.0, 0.0, 0.0, 0.0, 0.0, 0.0, 0.0, 0.0]}