{"objects": [21, 29], "object_poses": {"21": [[0.3514311782350416, -0.2196451257245971, 0.9100835927044101, -0.07620051189192467], [0.2626103259427853, -0.9099361348788713, -0.3210172069374662, 0.049936500501492787], [0.898627811539659, 0.35181280418304134, -0.26209884994084154, 0.4829324334207381], [0.0, 0.0, 0.0, 1.0]], "29": [[0.9088482747140222, 0.4151749946765942, 0.04030554979967672, -0.12416068468376601], [-0.3681239083647253, 0.8437666194720532, -0.390567126055166, -0.08896287482777959], [-0.19616218198124283, 0.34012882215420037, 0.9196916780641027, 0.49028739161142193], [0.0, 0.0, 0.0, 1.0]]}, "intrinsic": [[1387.14196777, 0.0, 949.0501709], [0.0, 1385.58874512, 538.76617432], [0.0, 0.0, 1.0]], "distortion": [0.0, 0.0, 0.0, 0.0, 0.0, 0.0, 0.0, 0.0]}