{"objects": [21, 29], "object_poses": {"21": [[0.3672819639404307, -0.1912313895281895, 0.9102387129886248, -0.12385079877612265], [0.26134140892624835, -0.9179927528172583, -0.29831187330618003, 0.056314773130219486], [0.8926391359023564, 0.3474476384063042, -0.2871855003675845, 0.48590784228293377], [0.0, 0.0, 0.0, 1.0]], "29": [[0.9116238801853038, 0.40484113626167245, 0.07103207350392836, -0.16858766225135036], [-0.3460864976213618, 0.8492736523909821, -0.39869587346581536, -0.08367170241925842], [-0.22173415893832754, 0.33887743764501255, 0.9143281932736592, 0.4929583572078393], [0.0, 0.0, 0.0, 1.0]]}, "intrinsic": [[1387.14196777, 0.0, 949.0501709], [0.0, 1385.58874512, 538.76617432], [0.0, 0.0, 1.0]], "distortion": [0.0, 0.0, 0.0, 0.0, 0.0, 0.0, 0.0, 0.0]}