{"objects": [21, 29], "object_poses": {"21": [[0.3703428810371158, -0.18605136780929543, 0.9100719966032517, -0.12274633302333882], [0.26355045488664974, -0.9184286393191966, -0.295008461247022, 0.05352786979347973], [0.8907229132531456, 0.3491041721529362, -0.2910995856940469, 0.48325468441207237], [0.0, 0.0, 0.0, 1.0]], "29": [[0.9119434891062673, 0.4030689714179867, 0.07677549711172453, -0.16690337161321778], [-0.34272024280468455, 0.8511418037796465, -0.3976184918117317, -0.086625885836146], [-0.22561451160907903, 0.3362930777443766, 0.9143331220144123, 0.49062969471410733], [0.0, 0.0, 0.0, 1.0]]}, "intrinsic": [[1387.14196777, 0.0, 949.0501709], [0.0, 1385.58874512, 538.76617432], [0.0, 0.0, 1.0]], "distortion": [0.0, 0.0, 0.0, 0.0, 0.0, 0.0, 0.0, 0.0]}