{"objects": [21, 29], "object_poses": {"21": [[0.37045061556426134, -0.18597712612755216, 0.9100433231365451, -0.12290650721062824], [0.2633987526396886, -0.9184984643695193, -0.29492654688701336, 0.05410245935243235], [0.8907229864194132, 0.34895999700277835, -0.2912721784790066, 0.4829685768973568], [0.0, 0.0, 0.0, 1.0]], "29": [[0.911924838483525, 0.40308609301077064, 0.07690702554466648, -0.16705819350446072], [-0.34265027536883874, 0.851092770124172, -0.3977837169015735, -0.08605403067162692], [-0.22579609772197923, 0.33639663830616023, 0.9142501976974637, 0.4903236399575091], [0.0, 0.0, 0.0, 1.0]]}, "intrinsic": [[1387.14196777, 0.0, 949.0501709], [0.0, 1385.58874512, 538.76617432], [0.0, 0.0, 1.0]], "distortion": [0.0, 0.0, 0.0, 0.0, 0.0, 0.0, 0.0, 0.0]}