{"objects": [21, 29], "object_poses": {"21": [[0.36137571805516705, -0.1653578285430541, 0.9176406589398968, -0.1364115700223706], [0.2700413942619381, -0.923411657776537, -0.2727426546535448, 0.060498742308706555], [0.892460215239415, 0.3463635356412697, -0.28904509231761616, 0.48546744946945003], [0.0, 0.0, 0.0, 1.0]], "29": [[0.9204434512659354, 0.38186901829032255, 0.08342605043784014, -0.1772701293581448], [-0.32055660784108997, 0.8595921190584295, -0.39792568404422074, -0.08067543198041716], [-0.223667865799011, 0.33952531823508203, 0.9136165738898855, 0.4923769135486091], [0.0, 0.0, 0.0, 1.0]]}, "intrinsic": [[1387.14196777, 0.0, 949.0501709], [0.0, 1385.58874512, 538.76617432], [0.0, 0.0, 1.0]], "distortion": [0.0, 0.0, 0.0, 0.0, 0.0, 0.0, 0.0, 0.0]}