{"objects": [21, 29], "object_poses": {"21": [[0.3658251022231406, -0.1931223739358994, 0.9104261327910144, -0.1283468288293746], [0.2648927548509558, -0.9161680437810723, -0.3007788955060539, 0.05823914335939784], [0.8921904634162497, 0.3511977565983785, -0.28400055061454943, 0.48665036380419774], [0.0, 0.0, 0.0, 1.0]], "29": [[0.9116175823595004, 0.4052618226129792, 0.06867487652296778, -0.17327962384384826], [-0.3482594280183745, 0.8502711852793521, -0.3946571705670242, -0.08165625615788302], [-0.21833175291137152, 0.3358597424760251, 0.9162584128151823, 0.4942418838864812], [0.0, 0.0, 0.0, 1.0]]}, "intrinsic": [[1387.14196777, 0.0, 949.0501709], [0.0, 1385.58874512, 538.76617432], [0.0, 0.0, 1.0]], "distortion": [0.0, 0.0, 0.0, 0.0, 0.0, 0.0, 0.0, 0.0]}