{"objects": [21, 29], "object_poses": {"21": [[0.3618993719249487, -0.20109837470310205, 0.9102682507327763, -0.09490073497985996], [0.26164891380072003, -0.9152928445254579, -0.30623333369737227, 0.05145722226850952], [0.8947450421808625, 0.3489963501990738, -0.2786267342530067, 0.4844269740525081], [0.0, 0.0, 0.0, 1.0]], "29": [[0.9107488073583055, 0.40851313791286575, 0.06044523180555163, -0.1407626999212913], [-0.35378856777091267, 0.8473433310333908, -0.39603399938370526, -0.088159138848531], [-0.21300295587162177, 0.3393026606229774, 0.9162442061394611, 0.4915867178481415], [0.0, 0.0, 0.0, 1.0]]}, "intrinsic": [[1387.14196777, 0.0, 949.0501709], [0.0, 1385.58874512, 538.76617432], [0.0, 0.0, 1.0]], "distortion": [0.0, 0.0, 0.0, 0.0, 0.0, 0.0, 0.0, 0.0]}