{"objects": [21, 29], "object_poses": {"21": [[0.37041109210679696, -0.1897124674885634, 0.9092880745526472, -0.11205132472201068], [0.26097643408043797, -0.918233182615848, -0.29789112641674453, 0.05226024296770809], [0.8914521432465746, 0.3476449367135669, -0.29061327271567056, 0.48429360066779537], [0.0, 0.0, 0.0, 1.0]], "29": [[0.9109224588455302, 0.40580756991825845, 0.07443446895000669, -0.15672154193788318], [-0.3457000331252768, 0.8492132282007128, -0.39915959232632237, -0.08774313803293032], [-0.2251927198379493, 0.3378714389319882, 0.9138550922799665, 0.4914304804726469], [0.0, 0.0, 0.0, 1.0]]}, "intrinsic": [[1387.14196777, 0.0, 949.0501709], [0.0, 1385.58874512, 538.76617432], [0.0, 0.0, 1.0]], "distortion": [0.0, 0.0, 0.0, 0.0, 0.0, 0.0, 0.0, 0.0]}