{"objects": [21, 29], "object_poses": {"21": [[0.3704590817798856, -0.1854310550917791, 0.9101513020011364, -0.12328322358567384], [0.26382170451833614, -0.9185084517166119, -0.29451711724481994, 0.053555263655476526], [0.8905942830222112, 0.34922420868649684, -0.2913490606050546, 0.48312324559965275], [0.0, 0.0, 0.0, 1.0]], "29": [[0.9120690783831062, 0.40269000543549965, 0.07727066571324036, -0.16735922884054055], [-0.34222320768847725, 0.8513921594906453, -0.3975105871260208, -0.08662278462725564], [-0.22586117943732237, 0.3361132997669431, 0.9143383276134551, 0.4905212582712437], [0.0, 0.0, 0.0, 1.0]]}, "intrinsic": [[1387.14196777, 0.0, 949.0501709], [0.0, 1385.58874512, 538.76617432], [0.0, 0.0, 1.0]], "distortion": [0.0, 0.0, 0.0, 0.0, 0.0, 0.0, 0.0, 0.0]}