{"objects": [21, 29], "object_poses": {"21": [[0.33437488470605625, -0.11277523283772987, 0.9356683083957784, -0.1410757168394995], [0.3121826697489363, -0.9235094400854882, -0.22287282198918157, 0.056669000548270676], [0.8892330499853459, 0.36662250467121027, -0.2735918892847002, 0.4784318311547126], [0.0, 0.0, 0.0, 1.0]], "29": [[0.9406457197665699, 0.3251407762634353, 0.09730932892411177, -0.1733546640033022], [-0.268899674331823, 0.8889205672675111, -0.3708277096348849, -0.0865369209599135], [-0.20707147323832173, 0.3226510509817481, 0.9235895756618822, 0.4883031869916926], [0.0, 0.0, 0.0, 1.0]]}, "intrinsic": [[1387.14196777, 0.0, 949.0501709], [0.0, 1385.58874512, 538.76617432], [0.0, 0.0, 1.0]], "distortion": [0.0, 0.0, 0.0, 0.0, 0.0, 0.0, 0.0, 0.0]}