{"objects": [21, 29], "object_poses": {"21": [[0.34152820072900436, -0.2581879889052675, 0.9037131461320411, -0.04941961052446586], [0.2620466273468341, -0.897241914687016, -0.3553709493261001, 0.04511492091394487], [0.9026018242851941, 0.3581841829475984, -0.2387761250276171, 0.48227409247625824], [0.0, 0.0, 0.0, 1.0]], "29": [[0.8994821234768124, 0.43689019828755965, 0.00767229991070017, -0.1022879819200519], [-0.4015489689423776, 0.83338966604638, -0.3797632026255641, -0.09195324304094987], [-0.1723088363577886, 0.3385094077974342, 0.9250519151624227, 0.4903092519074408], [0.0, 0.0, 0.0, 1.0]]}, "intrinsic": [[1387.14196777, 0.0, 949.0501709], [0.0, 1385.58874512, 538.76617432], [0.0, 0.0, 1.0]], "distortion": [0.0, 0.0, 0.0, 0.0, 0.0, 0.0, 0.0, 0.0]}