{"objects": [21, 29], "object_poses": {"21": [[0.32392702177683225, -0.4273653288166287, 0.8440557803180175, -0.043607585504168545], [0.18074130737642918, -0.8477731162711586, -0.49861139491166345, 0.05167686727424525], [0.9286570219250233, 0.31406944941103665, -0.197374052438506, 0.47345911942692914], [0.0, 0.0, 0.0, 1.0]], "29": [[0.8279811404983565, 0.5490516874231413, -0.11397138025338531, -0.11919691162362317], [-0.5448140387116448, 0.7395332434615876, -0.39530778519768595, -0.07454981912253766], [-0.13275878201371483, 0.3894005988092415, 0.9114506456442113, 0.4740815896406802], [0.0, 0.0, 0.0, 1.0]]}, "intrinsic": [[1387.14196777, 0.0, 949.0501709], [0.0, 1385.58874512, 538.76617432], [0.0, 0.0, 1.0]], "distortion": [0.0, 0.0, 0.0, 0.0, 0.0, 0.0, 0.0, 0.0]}