{"objects": [21, 29], "object_poses": {"21": [[0.29746422234661773, -0.5250464802388598, 0.7973965324808714, -0.036323924710085165], [0.11096550138551378, -0.8105300451978874, -0.5750893003123764, 0.053431517316647636], [0.9482624604643932, 0.25955199752709074, -0.18284164365295474, 0.4708967072176348], [0.0, 0.0, 0.0, 1.0]], "29": [[0.7737665278499002, 0.6026225288405184, -0.19527275312492387, -0.12425846701653448], [-0.6218112708174556, 0.6636668516882206, -0.4158089145925509, -0.06426385293918027], [-0.12097976633928542, 0.4431618188699402, 0.8882406759614129, 0.4629830392456451], [0.0, 0.0, 0.0, 1.0]]}, "intrinsic": [[1387.14196777, 0.0, 949.0501709], [0.0, 1385.58874512, 538.76617432], [0.0, 0.0, 1.0]], "distortion": [0.0, 0.0, 0.0, 0.0, 0.0, 0.0, 0.0, 0.0]}