{"objects": [21, 29], "object_poses": {"21": [[0.3484630149622082, -0.2451625096885278, 0.9046926942595921, -0.05691308022530961], [0.26101417736556, -0.9016304663426196, -0.3448682377038761, 0.047786474334669204], [0.9002472584893718, 0.35631144523579483, -0.2501939798963047, 0.4814584112891707], [0.0, 0.0, 0.0, 1.0]], "29": [[0.9016445770719402, 0.4319459642106911, 0.021441563349642916, -0.1082892222838201], [-0.39141980910602747, 0.8361264512762924, -0.38429557701790384, -0.08985606442036204], [-0.18392278183025618, 0.33810537037766825, 0.9229610873951352, 0.4893535745759893], [0.0, 0.0, 0.0, 1.0]]}, "intrinsic": [[1387.14196777, 0.0, 949.0501709], [0.0, 1385.58874512, 538.76617432], [0.0, 0.0, 1.0]], "distortion": [0.0, 0.0, 0.0, 0.0, 0.0, 0.0, 0.0, 0.0]}