{"objects": [21, 29], "object_poses": {"21": [[0.30452107480343416, -0.47180316705970626, 0.8274470898812825, -0.0432089232862124], [0.16620145555046628, -0.8290595698064184, -0.5338888516211121, 0.053663511628477045], [0.9378933794272513, 0.30010331765049797, -0.174051738174881, 0.4720553307336096], [0.0, 0.0, 0.0, 1.0]], "29": [[0.8075779477939471, 0.5685456913237009, -0.15675986448766585, -0.124074769618017], [-0.5794096613632157, 0.7152818514928764, -0.3907125762550978, -0.0692382977195089], [-0.1100104656653097, 0.4063590405075146, 0.9070667162022451, 0.47027482319238917], [0.0, 0.0, 0.0, 1.0]]}, "intrinsic": [[1387.14196777, 0.0, 949.0501709], [0.0, 1385.58874512, 538.76617432], [0.0, 0.0, 1.0]], "distortion": [0.0, 0.0, 0.0, 0.0, 0.0, 0.0, 0.0, 0.0]}