{"objects": [21, 29], "object_poses": {"21": [[0.29601108318794916, -0.5022914070698942, 0.8124535562194641, -0.03659612330453216], [0.14409359977626313, -0.8173565121758122, -0.5578219846037951, 0.05120471009355998], [0.9442533945575295, 0.2821908474553092, -0.16956960953850142, 0.47131633660236005], [0.0, 0.0, 0.0, 1.0]], "29": [[0.7902160151621472, 0.5850899803781895, -0.18228648946733958, -0.12130303379560198], [-0.6035147577859684, 0.6913213399988047, -0.39729679333819234, -0.06900786470789613], [-0.10643583285632201, 0.42396287540693584, 0.8994036322813437, 0.466735264049533], [0.0, 0.0, 0.0, 1.0]]}, "intrinsic": [[1387.14196777, 0.0, 949.0501709], [0.0, 1385.58874512, 538.76617432], [0.0, 0.0, 1.0]], "distortion": [0.0, 0.0, 0.0, 0.0, 0.0, 0.0, 0.0, 0.0]}