{"objects": [21, 29], "object_poses": {"21": [[0.3436945352757156, -0.34813883237985876, 0.8721659359381153, -0.03745599907157171], [0.2136344431068144, -0.8754055855370406, -0.433618940463858, 0.04465626028056985], [0.9144585234662387, 0.3353571442503458, -0.22649767031959198, 0.47636709517449055], [0.0, 0.0, 0.0, 1.0]], "29": [[0.8621724488874782, 0.5042868052544314, -0.04851274498177522, -0.1029436304970523], [-0.4803401549020244, 0.783262595603119, -0.39468093685630756, -0.08702640242679865], [-0.16103417018783686, 0.3635856492978702, 0.9175366323240569, 0.48065154655709186], [0.0, 0.0, 0.0, 1.0]]}, "intrinsic": [[1387.14196777, 0.0, 949.0501709], [0.0, 1385.58874512, 538.76617432], [0.0, 0.0, 1.0]], "distortion": [0.0, 0.0, 0.0, 0.0, 0.0, 0.0, 0.0, 0.0]}