{"objects": [21, 29], "object_poses": {"21": [[0.34010690002068783, -0.28095248935952705, 0.8974369032310919, -0.04503299592461607], [0.25426211124156023, -0.8913084707906767, -0.3753931121954379, 0.04530439383560253], [0.9053607432097464, 0.35585798939953306, -0.23170458785967227, 0.4809617783479275], [0.0, 0.0, 0.0, 1.0]], "29": [[0.8916504435646624, 0.45265141346559273, -0.008135378206358223, -0.10100467690389653], [-0.4214733678269278, 0.8234059553240285, -0.37995109283901257, -0.090552531306959], [-0.16528668035744803, 0.3422124057139585, 0.9249708009834097, 0.48853653050454154], [0.0, 0.0, 0.0, 1.0]]}, "intrinsic": [[1387.14196777, 0.0, 949.0501709], [0.0, 1385.58874512, 538.76617432], [0.0, 0.0, 1.0]], "distortion": [0.0, 0.0, 0.0, 0.0, 0.0, 0.0, 0.0, 0.0]}