{"objects": [21, 29], "object_poses": {"21": [[0.33790848120361994, -0.38492669444635824, 0.8588651222591787, -0.04442095248450817], [0.19660465340389036, -0.8635412946173175, -0.4643738178995345, 0.05014341434626485], [0.9204153782888471, 0.3257727311996129, -0.21611954797321473, 0.47462570621305544], [0.0, 0.0, 0.0, 1.0]], "29": [[0.8462063262904014, 0.5273521931868048, -0.07638401460508135, -0.11475745363665618], [-0.5109980329650592, 0.7624794633645854, -0.3968703544649094, -0.07905804703654468], [-0.15104920937218042, 0.374866285878486, 0.914690878963882, 0.4772844715829794], [0.0, 0.0, 0.0, 1.0]]}, "intrinsic": [[1387.14196777, 0.0, 949.0501709], [0.0, 1385.58874512, 538.76617432], [0.0, 0.0, 1.0]], "distortion": [0.0, 0.0, 0.0, 0.0, 0.0, 0.0, 0.0, 0.0]}