{"objects": [21, 29], "object_poses": {"21": [[0.34447378367731835, -0.3129791618955038, 0.8850886150992061, -0.04491302476594494], [0.2335079714240282, -0.8845969327231127, -0.40368588518587456, 0.04676654835675753], [0.9092919441194175, 0.3457344513294229, -0.23163732325227002, 0.4788135218450497], [0.0, 0.0, 0.0, 1.0]], "29": [[0.8774211217691215, 0.47904813778451405, -0.025397967608157962, -0.10554463799900698], [-0.45019201115824053, 0.8039691805951817, -0.388536625998656, -0.08715646346260825], [-0.1657085639390217, 0.3523442043489739, 0.9210831848964385, 0.48479218666743634], [0.0, 0.0, 0.0, 1.0]]}, "intrinsic": [[1387.14196777, 0.0, 949.0501709], [0.0, 1385.58874512, 538.76617432], [0.0, 0.0, 1.0]], "distortion": [0.0, 0.0, 0.0, 0.0, 0.0, 0.0, 0.0, 0.0]}