{"objects": [21, 29], "object_poses": {"21": [[0.30025995505417413, -0.615916355582746, 0.7283481326375074, -0.01555854628333675], [-0.0312915823671431, -0.7695311152859341, -0.6378422214621368, 0.05339269493861837], [0.9533440073047231, 0.16872731116349374, -0.25033237546053144, 0.47528065833664446], [0.0, 0.0, 0.0, 1.0]], "29": [[0.6990470936295945, 0.6704534921520872, -0.2486468896831544, -0.11623297928807197], [-0.6882460441801798, 0.536478706209804, -0.4883727884043077, -0.0518744611792015], [-0.1940374797774099, 0.5125258165639425, 0.8364608441505827, 0.45452507033934425], [0.0, 0.0, 0.0, 1.0]]}, "intrinsic": [[1387.14196777, 0.0, 949.0501709], [0.0, 1385.58874512, 538.76617432], [0.0, 0.0, 1.0]], "distortion": [0.0, 0.0, 0.0, 0.0, 0.0, 0.0, 0.0, 0.0]}