{"objects": [21, 29], "object_poses": {"21": [[0.28790419365428044, -0.6284509774059657, 0.7226067701549547, -0.00545740455278898], [-0.032000029619154664, -0.760447036560144, -0.6486110565595338, 0.04697757174147954], [0.9571244294137802, 0.16361440518606263, -0.2390463407688134, 0.4767951027442019], [0.0, 0.0, 0.0, 1.0]], "29": [[0.6919192334560593, 0.671300879148697, -0.26571206978190554, -0.1072976135650427], [-0.6984098467761376, 0.5290938954557419, -0.4819578152884441, -0.056978530014657386], [-0.18295207104520161, 0.519051808055482, 0.8349333867169384, 0.4551384458673837], [0.0, 0.0, 0.0, 1.0]]}, "intrinsic": [[1387.14196777, 0.0, 949.0501709], [0.0, 1385.58874512, 538.76617432], [0.0, 0.0, 1.0]], "distortion": [0.0, 0.0, 0.0, 0.0, 0.0, 0.0, 0.0, 0.0]}