{"objects": [21, 29], "object_poses": {"21": [[0.3090714737009568, -0.53462431734647, 0.7865441268270653, -0.036502988824310745], [0.0729042758342687, -0.8112844909646705, -0.580088304730653, 0.056092235090320075], [0.948240365471436, 0.23663117719781626, -0.21176849451364713, 0.47058922434797074], [0.0, 0.0, 0.0, 1.0]], "29": [[0.7628535680212641, 0.6173231884005461, -0.19226678033459038, -0.1263053542289368], [-0.6286117584009716, 0.6385150692313281, -0.44401099486900086, -0.05992517118346716], [-0.1513330464812051, 0.45957653054470304, 0.8751501137606174, 0.459507407695947], [0.0, 0.0, 0.0, 1.0]]}, "intrinsic": [[1387.14196777, 0.0, 949.0501709], [0.0, 1385.58874512, 538.76617432], [0.0, 0.0, 1.0]], "distortion": [0.0, 0.0, 0.0, 0.0, 0.0, 0.0, 0.0, 0.0]}