{"objects": [21, 29], "object_poses": {"21": [[0.3244207316680698, -0.5444968217145544, 0.7734819972091875, -0.029978937770912262], [0.030418223643641953, -0.8112813262241149, -0.5838641463477728, 0.0600534605357495], [0.945423672505783, 0.2129455819283368, -0.24663385534610438, 0.4695898461204221], [0.0, 0.0, 0.0, 1.0]], "29": [[0.7498924026518045, 0.6347211716393669, -0.18652189876224287, -0.12186288908313758], [-0.634348368731977, 0.6098464832685778, -0.4750677993003076, -0.0539747574236851], [-0.18778586616729573, 0.4745695956524264, 0.8599535844161016, 0.455369612250322], [0.0, 0.0, 0.0, 1.0]]}, "intrinsic": [[1387.14196777, 0.0, 949.0501709], [0.0, 1385.58874512, 538.76617432], [0.0, 0.0, 1.0]], "distortion": [0.0, 0.0, 0.0, 0.0, 0.0, 0.0, 0.0, 0.0]}