{"objects": [21, 29], "object_poses": {"21": [[0.3367514362747601, -0.5567965986248956, 0.7593260287430188, -0.0359525276099768], [-0.012012986121095914, -0.8089014438833331, -0.587821522443607, 0.06100213218153777], [0.9415169453235256, 0.18882796891142356, -0.2790875128439944, 0.46975303385253464], [0.0, 0.0, 0.0, 1.0]], "29": [[0.7355397781425642, 0.6518622405037184, -0.18454499227960294, -0.13011458586064473], [-0.6401057157607185, 0.5794544614555467, -0.5044771548343197, -0.05070770165624941], [-0.2219141893175457, 0.48919131891801254, 0.8434725520577431, 0.45238266077065026], [0.0, 0.0, 0.0, 1.0]]}, "intrinsic": [[1387.14196777, 0.0, 949.0501709], [0.0, 1385.58874512, 538.76617432], [0.0, 0.0, 1.0]], "distortion": [0.0, 0.0, 0.0, 0.0, 0.0, 0.0, 0.0, 0.0]}