{"objects": [21, 29], "object_poses": {"21": [[0.2713819033832231, -0.6534868061498623, 0.7066164848799961, 0.018816005707603445], [-0.026696718452579975, -0.7389969936682129, -0.6731795663663696, 0.030839024420850014], [0.9621014227928181, 0.16382441068840456, -0.2179963640124183, 0.4739130995387585], [0.0, 0.0, 0.0, 1.0]], "29": [[0.6735533435261867, 0.6784030373780279, -0.2934198566917024, -0.08572926248619644], [-0.7212285033621547, 0.5163675321850871, -0.46172937706310047, -0.07034809842709716], [-0.16172612455227595, 0.5226221298236029, 0.8370846851161193, 0.4520324432617423], [0.0, 0.0, 0.0, 1.0]]}, "intrinsic": [[1387.14196777, 0.0, 949.0501709], [0.0, 1385.58874512, 538.76617432], [0.0, 0.0, 1.0]], "distortion": [0.0, 0.0, 0.0, 0.0, 0.0, 0.0, 0.0, 0.0]}