{"objects": [21, 29], "object_poses": {"21": [[0.2771720432706418, -0.6436336543153148, 0.7133802474570644, 0.007303484989399256], [-0.029434332988541225, -0.7478094973205839, -0.663260564000802, 0.03884373449779771], [0.9603693448203661, 0.16283941399384075, -0.22621681365328675, 0.4766524321975396], [0.0, 0.0, 0.0, 1.0]], "29": [[0.6812174188101852, 0.6751367428504124, -0.283078093046678, -0.0961443539233196], [-0.7120537898296749, 0.5212167416519794, -0.4704386342668941, -0.06345471062608937], [-0.17006536595910202, 0.5220378211155202, 0.8357955997887082, 0.4547233920772953], [0.0, 0.0, 0.0, 1.0]]}, "intrinsic": [[1387.14196777, 0.0, 949.0501709], [0.0, 1385.58874512, 538.76617432], [0.0, 0.0, 1.0]], "distortion": [0.0, 0.0, 0.0, 0.0, 0.0, 0.0, 0.0, 0.0]}