{"objects": [21, 29], "object_poses": {"21": [[0.26193917794449884, -0.6632302253499619, 0.7010802630512498, 0.028424702497321763], [-0.022280602372216806, -0.7304067619773165, -0.682648911824922, 0.020469690972667598], [0.9648271564460104, 0.16319200421607197, -0.2060993157297, 0.47287550379071375], [0.0, 0.0, 0.0, 1.0]], "29": [[0.6669504023335211, 0.6791514083233899, -0.3064808728118756, -0.07703324172619641], [-0.7298918181104848, 0.5128205284436111, -0.45196575031986325, -0.07971598511627315], [-0.14978349269042748, 0.5251366204895463, 0.8377329139638033, 0.45076753333155056], [0.0, 0.0, 0.0, 1.0]]}, "intrinsic": [[1387.14196777, 0.0, 949.0501709], [0.0, 1385.58874512, 538.76617432], [0.0, 0.0, 1.0]], "distortion": [0.0, 0.0, 0.0, 0.0, 0.0, 0.0, 0.0, 0.0]}