{"objects": [21, 29], "object_poses": {"21": [[0.3285352001013174, -0.5751850767858843, 0.7491506856015111, -0.031718324438365864], [-0.020245958795175153, -0.7972851699244051, -0.6032631755470269, 0.06452243968498855], [0.9442747076178909, 0.1830259141800329, -0.2735814162031343, 0.47014647615124716], [0.0, 0.0, 0.0, 1.0]], "29": [[0.7237964677517876, 0.65974479676566, -0.2021273766976953, -0.1280518702125485], [-0.6551085195813934, 0.5650492277715095, -0.5015497958993756, -0.045166901618467814], [-0.21668295004897822, 0.4954353371888893, 0.8411850722775656, 0.4518323719127275], [0.0, 0.0, 0.0, 1.0]]}, "intrinsic": [[1387.14196777, 0.0, 949.0501709], [0.0, 1385.58874512, 538.76617432], [0.0, 0.0, 1.0]], "distortion": [0.0, 0.0, 0.0, 0.0, 0.0, 0.0, 0.0, 0.0]}