{"objects": [21, 29], "object_poses": {"21": [[0.31418793937195744, -0.5953340546436938, 0.7395020636446619, -0.02450692818916378], [-0.024286253483793926, -0.7837326114500366, -0.6206233734250054, 0.05954061786962156], [0.9490501128206701, 0.17703264425301182, -0.26069776796870187, 0.47258732774480766], [0.0, 0.0, 0.0, 1.0]], "29": [[0.7121765979722672, 0.6648112728270312, -0.22545612615932464, -0.12297163859399296], [-0.6717003881277452, 0.5520005238560707, -0.49407895143556735, -0.048052093991576866], [-0.20401735683441702, 0.5033104342100772, 0.8396758451483359, 0.45320127063361787], [0.0, 0.0, 0.0, 1.0]]}, "intrinsic": [[1387.14196777, 0.0, 949.0501709], [0.0, 1385.58874512, 538.76617432], [0.0, 0.0, 1.0]], "distortion": [0.0, 0.0, 0.0, 0.0, 0.0, 0.0, 0.0, 0.0]}