{"objects": [21, 29], "object_poses": {"21": [[0.11483258972085918, -0.7184863751349145, 0.6859962136072636, 0.03884680390622708], [-0.16598334804729753, -0.6947339146731257, -0.6998530674177046, 0.009641914589402278], [0.9794197284663059, -0.03349800812664095, -0.19903486866008507, 0.4805776041904868], [0.0, 0.0, 0.0, 1.0]], "29": [[0.6414178352390263, 0.6207106531210295, -0.45088961591432186, -0.06743204546563392], [-0.7513478544284377, 0.38940911519295174, -0.532763495981506, -0.07883598191732269], [-0.15511145116683678, 0.6804989537881136, 0.716143569132761, 0.4303403863434503], [0.0, 0.0, 0.0, 1.0]]}, "intrinsic": [[1387.14196777, 0.0, 949.0501709], [0.0, 1385.58874512, 538.76617432], [0.0, 0.0, 1.0]], "distortion": [0.0, 0.0, 0.0, 0.0, 0.0, 0.0, 0.0, 0.0]}