{"objects": [21, 29], "object_poses": {"21": [[0.2575072857494873, -0.6757766758566177, 0.6906633638424167, 0.032006100384704306], [-0.04101296583003304, -0.7217676504423067, -0.6909192394258703, 0.018432224754900528], [0.9654055802717105, 0.1495905850753308, -0.21357603432282427, 0.4735353870728092], [0.0, 0.0, 0.0, 1.0]], "29": [[0.6555296211670762, 0.6852580070313808, -0.3173363823641215, -0.07498487507775575], [-0.7384320037253201, 0.493676683613012, -0.459349004495576, -0.07966483074803282], [-0.15811101051721704, 0.5354482195845345, 0.8296361325888513, 0.4495102143925194], [0.0, 0.0, 0.0, 1.0]]}, "intrinsic": [[1387.14196777, 0.0, 949.0501709], [0.0, 1385.58874512, 538.76617432], [0.0, 0.0, 1.0]], "distortion": [0.0, 0.0, 0.0, 0.0, 0.0, 0.0, 0.0, 0.0]}