{"objects": [21, 29], "object_poses": {"21": [[0.23735033797068208, -0.7138459975633183, 0.6588540876613314, 0.034957958572070624], [-0.09566087772959894, -0.6921142836359262, -0.7154207257685079, 0.017998114805436977], [0.9667025465660097, 0.1067787907309683, -0.23256069382599187, 0.4734045553575834], [0.0, 0.0, 0.0, 1.0]], "29": [[0.6203633222392928, 0.6992671484199771, -0.3552109282677546, -0.07637097481307947], [-0.7634243033476174, 0.43453141625634706, -0.47787632431882343, -0.073384545655753], [-0.1798129068739244, 0.567633599628191, 0.8034048886425212, 0.44336478156629533], [0.0, 0.0, 0.0, 1.0]]}, "intrinsic": [[1387.14196777, 0.0, 949.0501709], [0.0, 1385.58874512, 538.76617432], [0.0, 0.0, 1.0]], "distortion": [0.0, 0.0, 0.0, 0.0, 0.0, 0.0, 0.0, 0.0]}