{"objects": [21, 29], "object_poses": {"21": [[0.19016287368954982, -0.7319200269615513, 0.6543173202680369, 0.035251403460004216], [-0.14436215693683194, -0.6800808277086474, -0.7187834412586822, 0.014954123792117052], [0.9710806604575545, 0.04222726507519278, -0.23498767833567785, 0.47758452390457123], [0.0, 0.0, 0.0, 1.0]], "29": [[0.612450804729774, 0.6807848288226362, -0.40179102607052347, -0.07638990658776185], [-0.7682398245036374, 0.3927924684223917, -0.5054914923094906, -0.0724710075083588], [-0.18631045014300857, 0.6182605386045499, 0.7635720807965225, 0.4383369206785757], [0.0, 0.0, 0.0, 1.0]]}, "intrinsic": [[1387.14196777, 0.0, 949.0501709], [0.0, 1385.58874512, 538.76617432], [0.0, 0.0, 1.0]], "distortion": [0.0, 0.0, 0.0, 0.0, 0.0, 0.0, 0.0, 0.0]}