{"objects": [21, 29], "object_poses": {"21": [[0.2488940942708787, -0.6965023928743643, 0.6730053094570463, 0.03246252470218569], [-0.07231007472321428, -0.7062962832741905, -0.7042136134203844, 0.018752035329207162], [0.9658276155353009, 0.12660954526952972, -0.2261571137860607, 0.47377069331370164], [0.0, 0.0, 0.0, 1.0]], "29": [[0.6361547003276391, 0.694467847424825, -0.3361868619446632, -0.07700008221485638], [-0.7521101370647182, 0.4609343479051006, -0.47103064512386117, -0.07571121989177088], [-0.17215556620556902, 0.5524979057104561, 0.8155418598760031, 0.4465320965977625], [0.0, 0.0, 0.0, 1.0]]}, "intrinsic": [[1387.14196777, 0.0, 949.0501709], [0.0, 1385.58874512, 538.76617432], [0.0, 0.0, 1.0]], "distortion": [0.0, 0.0, 0.0, 0.0, 0.0, 0.0, 0.0, 0.0]}