{"objects": [21, 29], "object_poses": {"21": [[0.09348127063661857, -0.7109705555331777, 0.696980717957835, 0.040037251033783305], [-0.16844479092810138, -0.7012484130727771, -0.6927315609758996, 0.008141261652011983], [0.9812683651526497, -0.052645344787210446, -0.18531287926877762, 0.48102163492014577], [0.0, 0.0, 0.0, 1.0]], "29": [[0.651873091154232, 0.6009777179793802, -0.4624794649725993, -0.06420632058126302], [-0.7447961889229424, 0.3926954155082613, -0.5395080607411396, -0.08113750308374335], [-0.14261875751423667, 0.6961437302246574, 0.7035934883681088, 0.4280132394033185], [0.0, 0.0, 0.0, 1.0]]}, "intrinsic": [[1387.14196777, 0.0, 949.0501709], [0.0, 1385.58874512, 538.76617432], [0.0, 0.0, 1.0]], "distortion": [0.0, 0.0, 0.0, 0.0, 0.0, 0.0, 0.0, 0.0]}