{"objects": [21, 29], "object_poses": {"21": [[0.1638678490755971, -0.7384787735825193, 0.6540614871764016, 0.036585467766218516], [-0.16866328136445363, -0.674234959338564, -0.7189992469572603, 0.012996039545267346], [0.9719568023110465, 0.0075047034445735435, -0.23503968572880815, 0.479320708928537], [0.0, 0.0, 0.0, 1.0]], "29": [[0.6105394087852999, 0.6679290286859236, -0.4255730759326688, -0.07474206019458057], [-0.7691958797903576, 0.3721087771772771, -0.5194927876892811, -0.07247792308698639], [-0.1886248362057656, 0.6445198760211512, 0.7409553296792171, 0.43518803077334633], [0.0, 0.0, 0.0, 1.0]]}, "intrinsic": [[1387.14196777, 0.0, 949.0501709], [0.0, 1385.58874512, 538.76617432], [0.0, 0.0, 1.0]], "distortion": [0.0, 0.0, 0.0, 0.0, 0.0, 0.0, 0.0, 0.0]}