{"objects": [21, 29], "object_poses": {"21": [[0.03890291030534186, -0.6801888803226058, 0.7320038597270272, 0.041313446286771915], [-0.16196970366186003, -0.7271631816182195, -0.6670828452258116, 0.005813748620993153], [0.9860285891724772, -0.09261098414527247, -0.1384587554117853, 0.4830467625313925], [0.0, 0.0, 0.0, 1.0]], "29": [[0.6862880088188273, 0.5421066074323506, -0.4849012220336171, -0.05612028329873864], [-0.7206499522157219, 0.41667029784448245, -0.5541204826260065, -0.08740824770530145], [-0.09834843833525939, 0.7297302851549929, 0.6766249297835819, 0.42419408382370777], [0.0, 0.0, 0.0, 1.0]]}, "intrinsic": [[1387.14196777, 0.0, 949.0501709], [0.0, 1385.58874512, 538.76617432], [0.0, 0.0, 1.0]], "distortion": [0.0, 0.0, 0.0, 0.0, 0.0, 0.0, 0.0, 0.0]}