{"objects": [21, 29], "object_poses": {"21": [[0.2157260955959879, -0.7221106812651596, 0.6572810781406143, 0.03403542727812292], [-0.12084062216906101, -0.6876993435759059, -0.7158681141656393, 0.016856248414378494], [0.9689477775983115, 0.075005178808153, -0.23561499833256064, 0.475570810634], [0.0, 0.0, 0.0, 1.0]], "29": [[0.6172428630909421, 0.6907931378289436, -0.376584769596112, -0.07743464940873435], [-0.7647469081197245, 0.4143100539330779, -0.4934666612156308, -0.0727335950252708], [-0.18486052711337672, 0.5925808130022621, 0.7840118402020162, 0.44099636910622797], [0.0, 0.0, 0.0, 1.0]]}, "intrinsic": [[1387.14196777, 0.0, 949.0501709], [0.0, 1385.58874512, 538.76617432], [0.0, 0.0, 1.0]], "distortion": [0.0, 0.0, 0.0, 0.0, 0.0, 0.0, 0.0, 0.0]}