{"objects": [21, 29], "object_poses": {"21": [[0.06333860816793516, -0.6949328148169285, 0.7162796964915178, 0.040786421214509705], [-0.16660990741078946, -0.7150115080191941, -0.6789695738048154, 0.0072457013583098195], [0.9839864630511534, -0.07633430611950724, -0.16107052567535968, 0.4817513822608448], [0.0, 0.0, 0.0, 1.0]], "29": [[0.6707724608289657, 0.5691749969001347, -0.47550407852846505, -0.05983042250623083], [-0.7319071158999627, 0.40435106019733064, -0.5484634844839753, -0.08405247511305103], [-0.11990112379986312, 0.7159190198765754, 0.687810786110906, 0.42528720083799604], [0.0, 0.0, 0.0, 1.0]]}, "intrinsic": [[1387.14196777, 0.0, 949.0501709], [0.0, 1385.58874512, 538.76617432], [0.0, 0.0, 1.0]], "distortion": [0.0, 0.0, 0.0, 0.0, 0.0, 0.0, 0.0, 0.0]}