{"objects": [21, 29], "object_poses": {"21": [[-0.11428921952649924, -0.5485719495964358, 0.8282552688730693, 0.0414862069807263], [-0.05059751906546243, -0.8294219202938917, -0.5563264951450901, -0.0035777771965081473], [0.9921581856561215, -0.10548978268992062, 0.06703760425007577, 0.47940741565975664], [0.0, 0.0, 0.0, 1.0]], "29": [[0.7838384155114582, 0.343399023294881, -0.5173726405296556, -0.030523007031533655], [-0.6118674641755948, 0.569214309037804, -0.549193296271861, -0.11637878060730647], [0.10590346855429958, 0.7470422887539551, 0.65628673166645, 0.4182689107882302], [0.0, 0.0, 0.0, 1.0]]}, "intrinsic": [[1387.14196777, 0.0, 949.0501709], [0.0, 1385.58874512, 538.76617432], [0.0, 0.0, 1.0]], "distortion": [0.0, 0.0, 0.0, 0.0, 0.0, 0.0, 0.0, 0.0]}