{"objects": [21, 29], "object_poses": {"21": [[-0.1678114105467981, -0.5655483616243958, 0.8074616902084373, 0.04597334037636347], [-0.051348988498481636, -0.8129505303584932, -0.5800644072601197, -0.006364686591392166], [0.9844808844616939, -0.1388037674337912, 0.10738203888784038, 0.4819363444717898], [0.0, 0.0, 0.0, 1.0]], "29": [[0.7595010504234649, 0.3195511886582183, -0.5666084999651809, -0.025883114996563594], [-0.634469729320016, 0.5561077982627043, -0.5368354303583199, -0.11680921909344877], [0.14354900550772393, 0.7672230148649982, 0.6251100131010668, 0.4164690617061765], [0.0, 0.0, 0.0, 1.0]]}, "intrinsic": [[1387.14196777, 0.0, 949.0501709], [0.0, 1385.58874512, 538.76617432], [0.0, 0.0, 1.0]], "distortion": [0.0, 0.0, 0.0, 0.0, 0.0, 0.0, 0.0, 0.0]}