{"objects": [21, 29], "object_poses": {"21": [[0.016495994754180125, -0.6621387506375764, 0.7491996776969346, 0.040241506907740754], [-0.14247499674134886, -0.7432120941924074, -0.6537099191152722, 0.004346936273006197], [0.9896609305517851, -0.09595862624200956, -0.10659823914645047, 0.48183826775218885], [0.0, 0.0, 0.0, 1.0]], "29": [[0.7035839198576899, 0.5139858285673676, -0.49070177883274874, -0.05364409668158632], [-0.7074800292155828, 0.4418963881899332, -0.5515429179726818, -0.09203808319742507], [-0.06664589994008441, 0.7352184370216913, 0.6745459019848589, 0.42231741836792364], [0.0, 0.0, 0.0, 1.0]]}, "intrinsic": [[1387.14196777, 0.0, 949.0501709], [0.0, 1385.58874512, 538.76617432], [0.0, 0.0, 1.0]], "distortion": [0.0, 0.0, 0.0, 0.0, 0.0, 0.0, 0.0, 0.0]}