{"objects": [21, 29], "object_poses": {"21": [[-0.14321975215979116, -0.5565692093701484, 0.8183634997801323, 0.04354081156531486], [-0.047928773893695764, -0.822017260927806, -0.5674420282018253, -0.004733546751899964], [0.9885296835322332, -0.1204920657879306, 0.09105342858905609, 0.4806009502145883], [0.0, 0.0, 0.0, 1.0]], "29": [[0.7721048951596201, 0.3296608265738906, -0.5433026507327112, -0.028222668831438258], [-0.6223313639216564, 0.5653382272104646, -0.5413837477556467, -0.11661524018210134], [0.12867674362518083, 0.7561193214547278, 0.6416586844833246, 0.41751529726871395], [0.0, 0.0, 0.0, 1.0]]}, "intrinsic": [[1387.14196777, 0.0, 949.0501709], [0.0, 1385.58874512, 538.76617432], [0.0, 0.0, 1.0]], "distortion": [0.0, 0.0, 0.0, 0.0, 0.0, 0.0, 0.0, 0.0]}