{"objects": [21, 29], "object_poses": {"21": [[0.1414709048510444, -0.732701927598407, 0.6656830089270841, 0.03824046698521788], [-0.16966516496747502, -0.6804422946007571, -0.7128899042033225, 0.010797783193002036], [0.975294681046292, -0.012090037718840672, -0.22057678053406077, 0.47983616684592945], [0.0, 0.0, 0.0, 1.0]], "29": [[0.6214656722337761, 0.6487892338338301, -0.4391502570833251, -0.07124616470080308], [-0.7635648857794611, 0.3761324235052418, -0.5248743327623121, -0.07550138967338121], [-0.17535416573220153, 0.6615110959382278, 0.7291460666498709, 0.43279958219419556], [0.0, 0.0, 0.0, 1.0]]}, "intrinsic": [[1387.14196777, 0.0, 949.0501709], [0.0, 1385.58874512, 538.76617432], [0.0, 0.0, 1.0]], "distortion": [0.0, 0.0, 0.0, 0.0, 0.0, 0.0, 0.0, 0.0]}