{"objects": [21, 29], "object_poses": {"21": [[-0.022878846610107164, -0.6224532719475939, 0.7823224927224943, 0.04032233434839205], [-0.10990836362859469, -0.7762180405317688, -0.6208105227503092, 0.0019162131549549932], [0.9936783735104019, -0.10018721372891762, -0.05065384706970024, 0.48045268874446245], [0.0, 0.0, 0.0, 1.0]], "29": [[0.7374015340464106, 0.4587322622055521, -0.4957859308187318, -0.04621970596786723], [-0.675365409485649, 0.4888062737658575, -0.5522227724364767, -0.10062753219560924], [-0.010979128212164294, 0.7420465877146286, 0.6702583982351775, 0.42009901778362013], [0.0, 0.0, 0.0, 1.0]]}, "intrinsic": [[1387.14196777, 0.0, 949.0501709], [0.0, 1385.58874512, 538.76617432], [0.0, 0.0, 1.0]], "distortion": [0.0, 0.0, 0.0, 0.0, 0.0, 0.0, 0.0, 0.0]}