{"objects": [21, 29], "object_poses": {"21": [[-0.06740133287741634, -0.5858493774463547, 0.8076122629530076, 0.04056907578180119], [-0.07917015829726098, -0.8037601506379527, -0.5896623663433582, -0.0008990781700106143], [0.99457988435396, -0.10368282013999289, 0.007792717515971422, 0.4796470494432301], [0.0, 0.0, 0.0, 1.0]], "29": [[0.7629683217195433, 0.40215216690041466, -0.5061155744588229, -0.038811083757058384], [-0.6447187732233068, 0.5304147163259039, -0.5504524794733463, -0.10875212748984633], [0.04708549145878709, 0.7462800167244342, 0.6639646776236457, 0.418705929704007], [0.0, 0.0, 0.0, 1.0]]}, "intrinsic": [[1387.14196777, 0.0, 949.0501709], [0.0, 1385.58874512, 538.76617432], [0.0, 0.0, 1.0]], "distortion": [0.0, 0.0, 0.0, 0.0, 0.0, 0.0, 0.0, 0.0]}