{"objects": [21, 29], "object_poses": {"21": [[-0.044230580378054274, -0.6036029657524861, 0.7960572312932249, 0.040071946871564124], [-0.09412425606568876, -0.7907746870612579, -0.6048272635416304, 0.0005927001048833258], [0.9945774380004322, -0.10168015557610392, -0.02183725675350227, 0.479809592756648], [0.0, 0.0, 0.0, 1.0]], "29": [[0.7513498209280538, 0.4306684702812394, -0.4999981152934663, -0.042856219655813654], [-0.6596670885957757, 0.5104779372099266, -0.5515900722869119, -0.10473508952403893], [0.017685553849738054, 0.7442694030574718, 0.6676453226508157, 0.41917720884041854], [0.0, 0.0, 0.0, 1.0]]}, "intrinsic": [[1387.14196777, 0.0, 949.0501709], [0.0, 1385.58874512, 538.76617432], [0.0, 0.0, 1.0]], "distortion": [0.0, 0.0, 0.0, 0.0, 0.0, 0.0, 0.0, 0.0]}