{"objects": [21, 29], "object_poses": {"21": [[-0.09031390234424216, -0.5672333715118041, 0.8185900691351671, 0.04057948107912385], [-0.06346333079941084, -0.8170006362397002, -0.5731338116249785, -0.0021337200006069645], [0.9938892315983715, -0.10371240343991979, 0.03778799657981754, 0.4791337264557921], [0.0, 0.0, 0.0, 1.0]], "29": [[0.7740806912714215, 0.3731617741566617, -0.5114189805912862, -0.035143847809566586], [-0.6283932324917763, 0.5510710419600888, -0.5490379331809121, -0.11258412143637297], [0.07694822128751164, 0.746371889222313, 0.6610657866047924, 0.4181911605780297], [0.0, 0.0, 0.0, 1.0]]}, "intrinsic": [[1387.14196777, 0.0, 949.0501709], [0.0, 1385.58874512, 538.76617432], [0.0, 0.0, 1.0]], "distortion": [0.0, 0.0, 0.0, 0.0, 0.0, 0.0, 0.0, 0.0]}