{"objects": [21, 29], "object_poses": {"21": [[-0.0024562521953727197, -0.6430389660377247, 0.7658295208349561, 0.040050934578198416], [-0.12642358597325465, -0.7594873435080114, -0.63811915185239, 0.003167518972916117], [0.9919733079749768, -0.09838629583578158, -0.07942979955217352, 0.4812199222394563], [0.0, 0.0, 0.0, 1.0]], "29": [[0.7205458026900229, 0.4874044068979924, -0.49320451170100493, -0.05030095409342078], [-0.6922744953804192, 0.46501155245827996, -0.5518335610726628, -0.09625341108188498], [-0.039620313875515095, 0.7390542606715469, 0.6724797621576788, 0.4212255480733586], [0.0, 0.0, 0.0, 1.0]]}, "intrinsic": [[1387.14196777, 0.0, 949.0501709], [0.0, 1385.58874512, 538.76617432], [0.0, 0.0, 1.0]], "distortion": [0.0, 0.0, 0.0, 0.0, 0.0, 0.0, 0.0, 0.0]}