{"objects": [21, 29], "object_poses": {"21": [[-0.19901946919016034, -0.5837648617929888, 0.7871529946707251, 0.04966248060105494], [-0.05103809930135833, -0.7959567771848652, -0.6031980779753818, -0.008370910937918696], [0.9786656034126131, -0.16022295400255201, 0.12861664630880867, 0.4839421346866843], [0.0, 0.0, 0.0, 1.0]], "29": [[0.7366011574164646, 0.3116492586952278, -0.6002445122176955, -0.023257255887485673], [-0.6563857435463564, 0.5433409904344991, -0.5233911766382433, -0.1164363282015376], [0.16302297556430492, 0.7795224869549197, 0.6047877328201914, 0.41573738651506653], [0.0, 0.0, 0.0, 1.0]]}, "intrinsic": [[1387.14196777, 0.0, 949.0501709], [0.0, 1385.58874512, 538.76617432], [0.0, 0.0, 1.0]], "distortion": [0.0, 0.0, 0.0, 0.0, 0.0, 0.0, 0.0, 0.0]}