{"objects": [21, 29], "object_poses": {"21": [[-0.23345904410588988, -0.5844173490476033, 0.7771442831658396, 0.07579169156454224], [-0.049888578611227474, -0.7909780282172528, -0.6098072552878533, -0.022008745040678457], [0.9710859923041409, -0.18113564257132414, 0.15550522351663534, 0.49666290199596175], [0.0, 0.0, 0.0, 1.0]], "29": [[0.7249823956456585, 0.288770625178082, -0.625309564966154, 0.004399875196832326], [-0.6625895687559415, 0.5403161082900259, -0.5186844575444172, -0.1294267586228542], [0.1880839955437868, 0.7903606956046025, 0.5830560706001646, 0.4258682061151915], [0.0, 0.0, 0.0, 1.0]]}, "intrinsic": [[1387.14196777, 0.0, 949.0501709], [0.0, 1385.58874512, 538.76617432], [0.0, 0.0, 1.0]], "distortion": [0.0, 0.0, 0.0, 0.0, 0.0, 0.0, 0.0, 0.0]}