{"objects": [21, 29], "object_poses": {"21": [[-0.14753104286749857, -0.46783266907967574, 0.8714167689069485, 0.06265379982395508], [-0.14739287162470877, -0.8608202244964948, -0.4870974055484519, -0.015846518052763547], [0.9780132579799995, -0.20030260816973666, 0.058042504905896936, 0.50861987987299], [0.0, 0.0, 0.0, 1.0]], "29": [[0.8306698241424592, 0.2621016266132399, -0.4912131722438331, 0.003419172828864281], [-0.549444387557424, 0.5285052539289656, -0.6471422266790634, -0.12857378164253835], [0.08999171206728442, 0.8074558402143015, 0.5830236340518498, 0.434923658400068], [0.0, 0.0, 0.0, 1.0]]}, "intrinsic": [[1387.14196777, 0.0, 949.0501709], [0.0, 1385.58874512, 538.76617432], [0.0, 0.0, 1.0]], "distortion": [0.0, 0.0, 0.0, 0.0, 0.0, 0.0, 0.0, 0.0]}