{"objects": [21, 29], "object_poses": {"21": [[-0.21153412945311742, -0.522697328194565, 0.8258576240338198, 0.07370117741994286], [-0.13321579723231056, -0.8216738698717189, -0.5541710953647798, -0.02048818284483922], [0.9682493808127501, -0.2272433820121168, 0.10418052547105097, 0.5004231996066456], [0.0, 0.0, 0.0, 1.0]], "29": [[0.7786481792505054, 0.2587679783747128, -0.5716171326314113, 0.009847583171077534], [-0.6130426212100605, 0.5079112103098516, -0.6051486982729861, -0.12835030165964606], [0.13373764440047883, 0.8216235974030055, 0.5541199388767426, 0.4233791091301281], [0.0, 0.0, 0.0, 1.0]]}, "intrinsic": [[1387.14196777, 0.0, 949.0501709], [0.0, 1385.58874512, 538.76617432], [0.0, 0.0, 1.0]], "distortion": [0.0, 0.0, 0.0, 0.0, 0.0, 0.0, 0.0, 0.0]}