{"objects": [21, 29], "object_poses": {"21": [[-0.23867149180235606, -0.5686633370053842, 0.787183541587824, 0.07536121609013358], [-0.07004343651526226, -0.7984177490616512, -0.5980158986051004, -0.021658617443368722], [0.9685710278559713, -0.1978663870626724, 0.15072842090593008, 0.49805118708226326], [0.0, 0.0, 0.0, 1.0]], "29": [[0.7357915854369499, 0.27379397438070513, -0.619392930531998, 0.00640089504251562], [-0.6522665800968899, 0.5324596226900905, -0.5394766525934593, -0.1291845174970746], [0.18209626928881603, 0.8009516900522493, 0.5703659692807335, 0.4250445778628099], [0.0, 0.0, 0.0, 1.0]]}, "intrinsic": [[1387.14196777, 0.0, 949.0501709], [0.0, 1385.58874512, 538.76617432], [0.0, 0.0, 1.0]], "distortion": [0.0, 0.0, 0.0, 0.0, 0.0, 0.0, 0.0, 0.0]}