{"objects": [21, 29], "object_poses": {"21": [[-0.21275979527076416, -0.6014494688792044, 0.7700596119140883, 0.07228217275926102], [-0.04379791370774592, -0.7814411847425422, -0.6224398907067478, -0.01983750827019387], [0.9761224371313231, -0.16615718814755848, 0.139917034544426, 0.49413414885272383], [0.0, 0.0, 0.0, 1.0]], "29": [[0.7177526355079128, 0.3151696051242991, -0.6208858785857975, -0.0024459341823092617], [-0.6742652145679472, 0.5371400604416634, -0.5068007260180045, -0.12619712956467388], [0.17377449365514894, 0.7823993069235999, 0.5980415954433077, 0.425209182098317], [0.0, 0.0, 0.0, 1.0]]}, "intrinsic": [[1387.14196777, 0.0, 949.0501709], [0.0, 1385.58874512, 538.76617432], [0.0, 0.0, 1.0]], "distortion": [0.0, 0.0, 0.0, 0.0, 0.0, 0.0, 0.0, 0.0]}