{"objects": [21, 29], "object_poses": {"21": [[-0.12573820049187648, -0.4459002936260019, 0.8862069922322441, 0.059660664939169605], [-0.16069920330281, -0.8723445259727476, -0.4617258862823594, -0.014501760384749485], [0.9789615268205942, -0.20046933967476213, 0.03803120896656506, 0.5132584162754527], [0.0, 0.0, 0.0, 1.0]], "29": [[0.8478785375123261, 0.2608202616486614, -0.46160023476976514, 0.0024530645536702256], [-0.5255386784053817, 0.5285206795155123, -0.6666895745580509, -0.12824012636924442], [0.07007912047037192, 0.8078605587835036, 0.585192476400811, 0.43951436829609264], [0.0, 0.0, 0.0, 1.0]]}, "intrinsic": [[1387.14196777, 0.0, 949.0501709], [0.0, 1385.58874512, 538.76617432], [0.0, 0.0, 1.0]], "distortion": [0.0, 0.0, 0.0, 0.0, 0.0, 0.0, 0.0, 0.0]}