{"objects": [21, 29], "object_poses": {"21": [[-0.2255859355923453, -0.5446528861184641, 0.8077525730728218, 0.0747405381669271], [-0.10261823790489395, -0.8112279226566828, -0.5756550657741355, -0.021444878173545456], [0.9688036348570453, -0.21274983230300898, 0.12711029046785136, 0.4988610248154789], [0.0, 0.0, 0.0, 1.0]], "29": [[0.7584935399687422, 0.265218142890409, -0.595270431406993, 0.00849827816198756], [-0.6323419413191033, 0.5204016982423809, -0.5738690980661386, -0.12925804818646758], [0.15757924696637995, 0.8116904638766052, 0.5624298816539711, 0.4237904352861913], [0.0, 0.0, 0.0, 1.0]]}, "intrinsic": [[1387.14196777, 0.0, 949.0501709], [0.0, 1385.58874512, 538.76617432], [0.0, 0.0, 1.0]], "distortion": [0.0, 0.0, 0.0, 0.0, 0.0, 0.0, 0.0, 0.0]}