{"objects": [21, 29], "object_poses": {"21": [[-0.19242140630263282, -0.5035483046662832, 0.8422666485527254, 0.07269824094483524], [-0.1483563777516966, -0.8335135074626169, -0.532208246890039, -0.019224314363519346], [0.9700331889048517, -0.22736388839278407, 0.08568123877489972, 0.5004579967313523], [0.0, 0.0, 0.0, 1.0]], "29": [[0.7971612646715699, 0.25776913647570615, -0.5459752653626461, 0.010606987172347815], [-0.5926405021550227, 0.5068642783499405, -0.625991883763876, -0.1280524669184493], [0.11537397155634135, 0.8225835371640824, 0.5568169996273044, 0.4233319993795285], [0.0, 0.0, 0.0, 1.0]]}, "intrinsic": [[1387.14196777, 0.0, 949.0501709], [0.0, 1385.58874512, 538.76617432], [0.0, 0.0, 1.0]], "distortion": [0.0, 0.0, 0.0, 0.0, 0.0, 0.0, 0.0, 0.0]}