{"objects": [21, 29], "object_poses": {"21": [[-0.20340724681779151, -0.5903422238439492, 0.7811027785695028, 0.05992232682962356], [-0.05118996989711893, -0.7902777083246667, -0.6106068544546907, -0.013060739636948981], [0.9777551221670694, -0.16418648687422996, 0.13052861220422443, 0.4884468554498629], [0.0, 0.0, 0.0, 1.0]], "29": [[0.7299307139920495, 0.31345045712540526, -0.6074125152636805, -0.013704053743193334], [-0.663400534401986, 0.5389080863491913, -0.5191125171122553, -0.1203194586546969], [0.1646234604369438, 0.7818739574863313, 0.6013087650104886, 0.41972980276648175], [0.0, 0.0, 0.0, 1.0]]}, "intrinsic": [[1387.14196777, 0.0, 949.0501709], [0.0, 1385.58874512, 538.76617432], [0.0, 0.0, 1.0]], "distortion": [0.0, 0.0, 0.0, 0.0, 0.0, 0.0, 0.0, 0.0]}