{"objects": [21, 29], "object_poses": {"21": [[0.023724400444861956, -0.23358405831439769, 0.9720471390446656, 0.040956046431915916], [-0.15819168606543296, -0.9609479540597873, -0.22705598439171532, 0.019309256394297925], [0.9871233678134207, -0.1483830087634448, -0.059748970091545915, 0.5789874323518215], [0.0, 0.0, 0.0, 1.0]], "29": [[0.9544624957687788, 0.2059936987669248, -0.21579606168597185, 0.006301144309148854], [-0.297400301097184, 0.599898243334277, -0.7427483817227488, -0.10713892787252782], [-0.023545808080345853, 0.773103287868303, 0.6338429625775401, 0.512225133817721], [0.0, 0.0, 0.0, 1.0]]}, "intrinsic": [[1387.14196777, 0.0, 949.0501709], [0.0, 1385.58874512, 538.76617432], [0.0, 0.0, 1.0]], "distortion": [0.0, 0.0, 0.0, 0.0, 0.0, 0.0, 0.0, 0.0]}