{"objects": [21, 29], "object_poses": {"21": [[-0.10247956574648806, -0.42264686872064394, 0.9004818504362303, 0.05809584728902528], [-0.1755939183852148, -0.8833461258044526, -0.434587618153575, -0.01369156142303346], [0.9791142499374322, -0.20265548694004568, 0.01631070760438385, 0.5147989638126382], [0.0, 0.0, 0.0, 1.0]], "29": [[0.8647292898311877, 0.2595397283917924, -0.42997951659862194, 0.0030315988893316326], [-0.49991112706174806, 0.52711197765759, -0.6871985361231256, -0.12829563768092173], [0.04829203192992199, 0.8091922468710566, 0.5855559642389956, 0.4407642131591444], [0.0, 0.0, 0.0, 1.0]]}, "intrinsic": [[1387.14196777, 0.0, 949.0501709], [0.0, 1385.58874512, 538.76617432], [0.0, 0.0, 1.0]], "distortion": [0.0, 0.0, 0.0, 0.0, 0.0, 0.0, 0.0, 0.0]}