{"objects": [21, 29], "object_poses": {"21": [[-0.08011411089819859, -0.40201088682029495, 0.9121233338277025, 0.055040480429875804], [-0.1805996181459657, -0.8940658287146565, -0.4099147128980758, -0.01026752800267966], [0.9802884816014746, -0.19756907855922837, -0.0009757236983300979, 0.5217201479076228], [0.0, 0.0, 0.0, 1.0]], "29": [[0.8787402071923015, 0.2595460863113937, -0.40056394913183263, 0.0017987495034948453], [-0.47626282117115426, 0.5321075607438587, -0.7000251916676448, -0.12615758687892448], [0.031454307077747434, 0.8059139984388344, 0.5911964594672389, 0.4483571981802883], [0.0, 0.0, 0.0, 1.0]]}, "intrinsic": [[1387.14196777, 0.0, 949.0501709], [0.0, 1385.58874512, 538.76617432], [0.0, 0.0, 1.0]], "distortion": [0.0, 0.0, 0.0, 0.0, 0.0, 0.0, 0.0, 0.0]}