{"objects": [21, 29], "object_poses": {"21": [[0.008412098800897109, -0.29520996985455306, 0.9553953685737907, 0.04385081778216704], [-0.18623665718617508, -0.9391751864121342, -0.28855827270736617, 0.018894851883063113], [0.9824689023647953, -0.17550225903450603, -0.06287935241319294, 0.5795484535157436], [0.0, 0.0, 0.0, 1.0]], "29": [[0.9330663720929474, 0.24094971447594662, -0.26707748007513776, 0.0013302444430355331], [-0.3585589851416718, 0.5638267040201935, -0.7439992621017234, -0.10314480833895645], [-0.028680994464940084, 0.7899637225390131, 0.6124824223019111, 0.5092232643807146], [0.0, 0.0, 0.0, 1.0]]}, "intrinsic": [[1387.14196777, 0.0, 949.0501709], [0.0, 1385.58874512, 538.76617432], [0.0, 0.0, 1.0]], "distortion": [0.0, 0.0, 0.0, 0.0, 0.0, 0.0, 0.0, 0.0]}