{"objects": [21, 29], "object_poses": {"21": [[-0.04473935730382888, -0.36434800398700073, 0.9301875735026459, 0.046780172131875075], [-0.1914614236397683, -0.9107322329128374, -0.36593622831230743, 0.002664902750557474], [0.9804799402159515, -0.1944667887437183, -0.029013012767257273, 0.5489163981452041], [0.0, 0.0, 0.0, 1.0]], "29": [[0.9008864814437967, 0.2558359719071531, -0.3506444110921468, -0.002877747933296093], [-0.43403880134806916, 0.5379018767507022, -0.7226838104679069, -0.1150862066820807], [0.0037237717659901444, 0.8032493550986549, 0.5956312676962477, 0.47600496383441854], [0.0, 0.0, 0.0, 1.0]]}, "intrinsic": [[1387.14196777, 0.0, 949.0501709], [0.0, 1385.58874512, 538.76617432], [0.0, 0.0, 1.0]], "distortion": [0.0, 0.0, 0.0, 0.0, 0.0, 0.0, 0.0, 0.0]}