{"objects": [21, 29], "object_poses": {"21": [[-0.0010563066022702629, -0.31829624103035536, 0.9479907104831351, 0.04205643984604601], [-0.20290661790941622, -0.9282029700576792, -0.3118784230828934, 0.017357525953699937], [0.9791975227832875, -0.19268302811108579, -0.06360394683523057, 0.5769012070865686], [0.0, 0.0, 0.0, 1.0]], "29": [[0.9237148694682483, 0.2515118930299309, -0.28895087400417685, -0.003235245936092923], [-0.3818490131409954, 0.5440778826948363, -0.7471081506218238, -0.10234953294101251], [-0.030694805529969293, 0.8004505139150172, 0.5986123985407185, 0.5043326649979892], [0.0, 0.0, 0.0, 1.0]]}, "intrinsic": [[1387.14196777, 0.0, 949.0501709], [0.0, 1385.58874512, 538.76617432], [0.0, 0.0, 1.0]], "distortion": [0.0, 0.0, 0.0, 0.0, 0.0, 0.0, 0.0, 0.0]}