{"objects": [21, 29], "object_poses": {"21": [[-0.1717983875702274, -0.48702009588569584, 0.8563274725429336, 0.06915362818015242], [-0.15038440574416348, -0.8460982743572504, -0.5113728978335321, -0.01890243805977465], [0.9735860745395073, -0.21663133737568618, 0.07211809155529202, 0.5022280846810926], [0.0, 0.0, 0.0, 1.0]], "29": [[0.8132301650986523, 0.259682631031425, -0.5207894293418746, 0.008390834121339674], [-0.5728025584424299, 0.5151746537189084, -0.6375674907077828, -0.12941210745277504], [0.10273231047456878, 0.8167986332666145, 0.5677024441363248, 0.4264467817107153], [0.0, 0.0, 0.0, 1.0]]}, "intrinsic": [[1387.14196777, 0.0, 949.0501709], [0.0, 1385.58874512, 538.76617432], [0.0, 0.0, 1.0]], "distortion": [0.0, 0.0, 0.0, 0.0, 0.0, 0.0, 0.0, 0.0]}