{"objects": [21, 29], "object_poses": {"21": [[0.017230325072003574, -0.2628835253226382, 0.9646737106461782, 0.04122296699369815], [-0.18243183474606897, -0.9494476021562667, -0.2554757844315299, 0.019547946145386408], [0.9830675162821209, -0.1715852641507005, -0.06431761467311002, 0.580494522075734], [0.0, 0.0, 0.0, 1.0]], "29": [[0.9448681324422308, 0.22315200001746788, -0.23964014101013037, 0.002791144425612957], [-0.3260898159994418, 0.5745722580714047, -0.7506877860710052, -0.10413523322710966], [-0.02982690390568821, 0.7874451759601688, 0.6156626110626408, 0.5106892485967323], [0.0, 0.0, 0.0, 1.0]]}, "intrinsic": [[1387.14196777, 0.0, 949.0501709], [0.0, 1385.58874512, 538.76617432], [0.0, 0.0, 1.0]], "distortion": [0.0, 0.0, 0.0, 0.0, 0.0, 0.0, 0.0, 0.0]}