{"objects": [21, 29], "object_poses": {"21": [[-0.026878776676259587, -0.34534168705444734, 0.9380920266939631, 0.04441768018520009], [-0.1962143459791746, -0.9183529771835114, -0.3436971628194682, 0.009258939938646404], [0.9801925636304097, -0.19330527276972306, -0.04307678868103907, 0.5622694260517611], [0.0, 0.0, 0.0, 1.0]], "29": [[0.9108553001974914, 0.2539481088392181, -0.3253505495909641, -0.0034309173812134275], [-0.4125990387475611, 0.5407331408215503, -0.7330550481661383, -0.10935522167144923], [-0.01023011860849176, 0.8019463999758688, 0.5973083929085621, 0.48954733568347214], [0.0, 0.0, 0.0, 1.0]]}, "intrinsic": [[1387.14196777, 0.0, 949.0501709], [0.0, 1385.58874512, 538.76617432], [0.0, 0.0, 1.0]], "distortion": [0.0, 0.0, 0.0, 0.0, 0.0, 0.0, 0.0, 0.0]}