{"objects": [21, 29], "object_poses": {"21": [[-0.06364163141424753, -0.38474413077119907, 0.9208266376403644, 0.05076113528578241], [-0.18477677383394467, -0.9022007678817549, -0.38973236751019036, -0.0036851151416719685], [0.980717740536213, -0.1949505790468311, -0.01367425050426533, 0.5351087917721928], [0.0, 0.0, 0.0, 1.0]], "29": [[0.8893253890495063, 0.2580241505756046, -0.3775233636633662, -0.0008498951120107234], [-0.4568803891391344, 0.5356698628629094, -0.710153580601066, -0.12053483428339618], [0.018991114028286737, 0.8040406306525684, 0.5942709835149232, 0.4621036225795233], [0.0, 0.0, 0.0, 1.0]]}, "intrinsic": [[1387.14196777, 0.0, 949.0501709], [0.0, 1385.58874512, 538.76617432], [0.0, 0.0, 1.0]], "distortion": [0.0, 0.0, 0.0, 0.0, 0.0, 0.0, 0.0, 0.0]}