{"objects": [21, 29], "object_poses": {"21": [[0.01430442866175422, -0.20495126915583856, 0.9786676456244392, 0.0396006863278503], [-0.11947647966598005, -0.9721058060336417, -0.20183080211483034, 0.019129895071172798], [0.9927339795369593, -0.114040690751605, -0.038392274295899434, 0.5773565534508769], [0.0, 0.0, 0.0, 1.0]], "29": [[0.9625230166531226, 0.17860252202328986, -0.20408474107564417, 0.00937397018761349], [-0.27119986055395773, 0.6346577372112197, -0.7236436914901273, -0.11070866017024661], [0.00027937162402672845, 0.7518714622359763, 0.6593096588300826, 0.515102194123433], [0.0, 0.0, 0.0, 1.0]]}, "intrinsic": [[1387.14196777, 0.0, 949.0501709], [0.0, 1385.58874512, 538.76617432], [0.0, 0.0, 1.0]], "distortion": [0.0, 0.0, 0.0, 0.0, 0.0, 0.0, 0.0, 0.0]}