{"objects": [21, 29], "object_poses": {"21": [[-0.1381634392610076, -0.03037424135653978, 0.9899435688530913, 0.045523297064028134], [0.026883060976258002, -0.9992763520500695, -0.026908609515558436, 0.008949881788540948], [0.9900445268189301, 0.02289492728812995, 0.13888001015392634, 0.5737533935346628], [0.0, 0.0, 0.0, 1.0]], "29": [[0.978260309104219, -0.05289343898390397, -0.20052194828445125, 0.04676449881450734], [-0.09185636663133345, 0.7563843389927621, -0.6476458442974706, -0.13168998914502683], [0.1859278772552027, 0.6519854414317461, 0.7350821781409446, 0.5305539007937049], [0.0, 0.0, 0.0, 1.0]]}, "intrinsic": [[1387.14196777, 0.0, 949.0501709], [0.0, 1385.58874512, 538.76617432], [0.0, 0.0, 1.0]], "distortion": [0.0, 0.0, 0.0, 0.0, 0.0, 0.0, 0.0, 0.0]}