{"objects": [21, 29], "object_poses": {"21": [[-0.10243085798068173, -0.042906280895937864, 0.9938143540888463, 0.04470385889600764], [0.025325784664683423, -0.998857968536577, -0.04051374238587149, 0.010223585097601351], [0.994417680838621, 0.021019270935731527, 0.10340051394877525, 0.5733963108791603], [0.0, 0.0, 0.0, 1.0]], "29": [[0.982946792974173, -0.019506530002077287, -0.18285266601579742, 0.042523392389069437], [-0.10546139814713483, 0.7547841472285418, -0.6474401783897457, -0.13027173778597395], [0.150643604851509, 0.6556831448037773, 0.7398554709790154, 0.5297658185060035], [0.0, 0.0, 0.0, 1.0]]}, "intrinsic": [[1387.14196777, 0.0, 949.0501709], [0.0, 1385.58874512, 538.76617432], [0.0, 0.0, 1.0]], "distortion": [0.0, 0.0, 0.0, 0.0, 0.0, 0.0, 0.0, 0.0]}