{"objects": [21, 29], "object_poses": {"21": [[0.00246093664569422, -0.1798932094547866, 0.9836830673458261, 0.03975495585258082], [-0.09135219319251375, -0.9796133244308429, -0.17892040519872895, 0.017956581948139316], [0.9958156057171157, -0.08942129382656493, -0.01884440555283704, 0.5763323057274987], [0.0, 0.0, 0.0, 1.0]], "29": [[0.968634035273327, 0.15219417097410956, -0.19643075123725956, 0.013572524715056378], [-0.24755639032362622, 0.6595481135955777, -0.709726792126704, -0.11426597179108255], [0.02153925068485967, 0.7360932143241294, 0.6765373903236357, 0.5173493706235262], [0.0, 0.0, 0.0, 1.0]]}, "intrinsic": [[1387.14196777, 0.0, 949.0501709], [0.0, 1385.58874512, 538.76617432], [0.0, 0.0, 1.0]], "distortion": [0.0, 0.0, 0.0, 0.0, 0.0, 0.0, 0.0, 0.0]}