{"objects": [21, 29], "object_poses": {"21": [[-0.05857846449555741, -0.10087852769078318, 0.9931727373162704, 0.04511961600277309], [0.016537615532547248, -0.9948426780657464, -0.100072739402292, 0.01217746289519539], [0.998145816386485, 0.010562601475092812, 0.059944646802179286, 0.573588013883159], [0.0, 0.0, 0.0, 1.0]], "29": [[0.980498665027595, 0.05285974306508564, -0.18928342622167446, 0.03280313598894691], [-0.1649666418566284, 0.7448378787104795, -0.6465311605117192, -0.12728833367978287], [0.10680999463378288, 0.6651483909633822, 0.7390326400404549, 0.5283673774784394], [0.0, 0.0, 0.0, 1.0]]}, "intrinsic": [[1387.14196777, 0.0, 949.0501709], [0.0, 1385.58874512, 538.76617432], [0.0, 0.0, 1.0]], "distortion": [0.0, 0.0, 0.0, 0.0, 0.0, 0.0, 0.0, 0.0]}