{"objects": [21, 29], "object_poses": {"21": [[-0.1826836637019159, -0.04246761154111329, 0.9822541325881242, 0.048517117879331384], [0.02903458268292177, -0.9988639692312249, -0.03778576425161758, 0.007179885033747113], [0.9827429328287617, 0.021616496979008085, 0.1837091588176347, 0.5742334309213848], [0.0, 0.0, 0.0, 1.0]], "29": [[0.967726077329834, -0.0740580842449804, -0.24087681377374906, 0.05015880450700827], [-0.10257051193057917, 0.7573337587813977, -0.6449223735399083, -0.13349224739820265], [0.2301858582496515, 0.6488150568289955, 0.7252954520013677, 0.5311525062198822], [0.0, 0.0, 0.0, 1.0]]}, "intrinsic": [[1387.14196777, 0.0, 949.0501709], [0.0, 1385.58874512, 538.76617432], [0.0, 0.0, 1.0]], "distortion": [0.0, 0.0, 0.0, 0.0, 0.0, 0.0, 0.0, 0.0]}