{"objects": [21, 29], "object_poses": {"21": [[-0.04016480063268008, -0.12134298018367862, 0.9917976960803504, 0.0441533745788093], [-0.0011065524896456155, -0.9925926444607416, -0.12148505136035131, 0.013174781396331103], [0.9991924561022899, -0.005976899077562623, 0.03973301329740716, 0.5742968664473351], [0.0, 0.0, 0.0, 1.0]], "29": [[0.9786259475528151, 0.08035956667260086, -0.18929763553876117, 0.028122909148591113], [-0.18697891333542793, 0.7309156431842451, -0.6563544838854033, -0.12513162255575305], [0.0856162411244212, 0.677720194912888, 0.7303185583448986, 0.5267398180212021], [0.0, 0.0, 0.0, 1.0]]}, "intrinsic": [[1387.14196777, 0.0, 949.0501709], [0.0, 1385.58874512, 538.76617432], [0.0, 0.0, 1.0]], "distortion": [0.0, 0.0, 0.0, 0.0, 0.0, 0.0, 0.0, 0.0]}