{"objects": [21, 29], "object_poses": {"21": [[-0.010846060111370794, -0.15695791522257854, 0.9875457335379731, 0.04073439494492259], [-0.05491979996585101, -0.986019621634857, -0.15731853458118497, 0.01675227627562481], [0.9984318597439555, -0.05594210042573609, 0.002074330780161928, 0.574962734640407], [0.0, 0.0, 0.0, 1.0]], "29": [[0.9733872987771246, 0.12634949178871258, -0.1911883168609583, 0.018369613509233718], [-0.2247582096323211, 0.689193508449264, -0.6888367405374642, -0.11808752158073338], [0.04473157477961229, 0.7134760779704801, 0.6992502930865362, 0.5205076566727612], [0.0, 0.0, 0.0, 1.0]]}, "intrinsic": [[1387.14196777, 0.0, 949.0501709], [0.0, 1385.58874512, 538.76617432], [0.0, 0.0, 1.0]], "distortion": [0.0, 0.0, 0.0, 0.0, 0.0, 0.0, 0.0, 0.0]}