{"objects": [21, 29], "object_poses": {"21": [[-0.08090322767575969, -0.07165965062619722, 0.9941426267009105, 0.044396923959156565], [0.0229415262129285, -0.9972818222228799, -0.07001895056940857, 0.01139839592075187], [0.9964579038407331, 0.017142390030313037, 0.08232730007344428, 0.5734658328488124], [0.0, 0.0, 0.0, 1.0]], "29": [[0.9823666050580557, 0.01624781642893319, -0.18625751455450057, 0.03719890393867026], [-0.13487590122443424, 0.7514878002097232, -0.6458131133732562, -0.12873653593898104], [0.1294771969716058, 0.6595468858218138, 0.7404279579183464, 0.5292199355076493], [0.0, 0.0, 0.0, 1.0]]}, "intrinsic": [[1387.14196777, 0.0, 949.0501709], [0.0, 1385.58874512, 538.76617432], [0.0, 0.0, 1.0]], "distortion": [0.0, 0.0, 0.0, 0.0, 0.0, 0.0, 0.0, 0.0]}