{"objects": [21, 29], "object_poses": {"21": [[-0.024330034856672574, -0.13722870987551944, 0.9902405417825427, 0.04163446936592885], [-0.029580817226640018, -0.9900012139692379, -0.1379223389870055, 0.01531318359383782], [0.9992662431284665, -0.032647779791946684, 0.0200274266589445, 0.5745511690436549], [0.0, 0.0, 0.0, 1.0]], "29": [[0.976755650677785, 0.1027351277365942, -0.18813264575288688, 0.022649472550015814], [-0.2045128861373461, 0.7095395980991638, -0.6743352564808249, -0.12128510540841186], [0.06420964314498973, 0.6971363225784701, 0.7140574693040957, 0.5232892203035838], [0.0, 0.0, 0.0, 1.0]]}, "intrinsic": [[1387.14196777, 0.0, 949.0501709], [0.0, 1385.58874512, 538.76617432], [0.0, 0.0, 1.0]], "distortion": [0.0, 0.0, 0.0, 0.0, 0.0, 0.0, 0.0, 0.0]}