{"objects": [21, 29], "object_poses": {"21": [[-0.32535120552553165, -0.2525776175592681, 0.9112360507416162, 0.10803447867688065], [0.05852107688949076, -0.967197094547745, -0.24719438476248057, -0.013662427080591955], [0.9437806295017819, -0.027098476091690478, 0.3294598548696509, 0.5890581377782742], [0.0, 0.0, 0.0, 1.0]], "29": [[0.8763774669314968, -0.016024270097777044, -0.4813582431231284, 0.08709916354778735], [-0.3078212808934752, 0.7500363926894758, -0.5853985554051768, -0.15108777020541925], [0.37041678483007606, 0.6612024140981352, 0.6523823825847522, 0.5408575392494067], [0.0, 0.0, 0.0, 1.0]]}, "intrinsic": [[1387.14196777, 0.0, 949.0501709], [0.0, 1385.58874512, 538.76617432], [0.0, 0.0, 1.0]], "distortion": [0.0, 0.0, 0.0, 0.0, 0.0, 0.0, 0.0, 0.0]}