{"objects": [21, 29], "object_poses": {"21": [[-0.2807558420755027, -0.20025678518745244, 0.9386550895440094, 0.09114195188720364], [0.041843097284088325, -0.9796146360943164, -0.1964798207437134, -0.013025131527297118], [0.9588666812180682, -0.015886621295751694, 0.28341189621054425, 0.5888277463486925], [0.0, 0.0, 0.0, 1.0]], "29": [[0.9092483967938761, -0.02419750109146796, -0.4155500377436067, 0.0753953673690001], [-0.2588716125813396, 0.7488945561734617, -0.610034779281723, -0.15145366336743], [0.3259644783213666, 0.662247253429331, 0.6746671284403871, 0.5415319040402142], [0.0, 0.0, 0.0, 1.0]]}, "intrinsic": [[1387.14196777, 0.0, 949.0501709], [0.0, 1385.58874512, 538.76617432], [0.0, 0.0, 1.0]], "distortion": [0.0, 0.0, 0.0, 0.0, 0.0, 0.0, 0.0, 0.0]}