{"objects": [21, 29], "object_poses": {"21": [[-0.2377378913711234, -0.10710524142574751, 0.9654062161937607, 0.06313943458099272], [0.035492076409303665, -0.994196186135315, -0.1015591255681017, -0.009052522462270396], [0.970680692874114, 0.010119818829108783, 0.24015949231354228, 0.5826530651610945], [0.0, 0.0, 0.0, 1.0]], "29": [[0.9440887556409443, -0.06363073365065434, -0.3234927374879238, 0.05835228653298094], [-0.16552487207458924, 0.7570923575981089, -0.631991043284031, -0.14931224529949577], [0.28512793303540385, 0.6502017316199845, 0.7042299127425232, 0.5384761094685256], [0.0, 0.0, 0.0, 1.0]]}, "intrinsic": [[1387.14196777, 0.0, 949.0501709], [0.0, 1385.58874512, 538.76617432], [0.0, 0.0, 1.0]], "distortion": [0.0, 0.0, 0.0, 0.0, 0.0, 0.0, 0.0, 0.0]}