{"objects": [21, 29], "object_poses": {"21": [[-0.356901606987738, -0.291833518926016, 0.8873862970323797, 0.12251167426031112], [0.07363329805323869, -0.9557810834231358, -0.28471153469486804, -0.013883784781036745], [0.9312354054412746, -0.03627282456279959, 0.3626084690832033, 0.589116594557889], [0.0, 0.0, 0.0, 1.0]], "29": [[0.8485366418442811, -0.008665293929108114, -0.5290656671234399, 0.09759733056896414], [-0.3437560369852227, 0.7511000438896736, -0.5636315384230678, -0.15038552705784425], [0.40226527874508666, 0.6601315298863267, 0.6343571618308461, 0.5401895071226296], [0.0, 0.0, 0.0, 1.0]]}, "intrinsic": [[1387.14196777, 0.0, 949.0501709], [0.0, 1385.58874512, 538.76617432], [0.0, 0.0, 1.0]], "distortion": [0.0, 0.0, 0.0, 0.0, 0.0, 0.0, 0.0, 0.0]}