{"objects": [21, 29], "object_poses": {"21": [[-0.25506953287804157, -0.13980000368439327, 0.9567630283237497, 0.07184365591678224], [0.03496714422298738, -0.9901791816317983, -0.13536058173589233, -0.011991244205326379], [0.9662902422265627, -0.0010710895548563778, 0.2574529482155907, 0.585787213723648], [0.0, 0.0, 0.0, 1.0]], "29": [[0.9325002035837046, -0.051280084415577715, -0.35751045195728165, 0.06331350765296809], [-0.1989732434742269, 0.7531664417111352, -0.6270167138613961, -0.15163268173116584], [0.3014183449919961, 0.6558282275280082, 0.6921244955062404, 0.5402370705033848], [0.0, 0.0, 0.0, 1.0]]}, "intrinsic": [[1387.14196777, 0.0, 949.0501709], [0.0, 1385.58874512, 538.76617432], [0.0, 0.0, 1.0]], "distortion": [0.0, 0.0, 0.0, 0.0, 0.0, 0.0, 0.0, 0.0]}