{"objects": [21, 29], "object_poses": {"21": [[-0.3039037015175673, -0.22732812537662495, 0.9251834756504687, 0.09936418565286637], [0.049915540222083395, -0.9735800586198902, -0.22282349136039564, -0.013608081715338893], [0.9513942290387626, -0.021535850817855324, 0.30722178972412245, 0.5891597877678387], [0.0, 0.0, 0.0, 1.0]], "29": [[0.8929501431475447, -0.020005479616805457, -0.44971082112630956, 0.08093563870596482], [-0.28435353115257456, 0.7493972434374454, -0.5979522061581758, -0.15154589462964835], [0.34897437036816775, 0.6618183680691175, 0.6634857470303954, 0.5414014536583363], [0.0, 0.0, 0.0, 1.0]]}, "intrinsic": [[1387.14196777, 0.0, 949.0501709], [0.0, 1385.58874512, 538.76617432], [0.0, 0.0, 1.0]], "distortion": [0.0, 0.0, 0.0, 0.0, 0.0, 0.0, 0.0, 0.0]}