{"objects": [21, 29], "object_poses": {"21": [[-0.20798456487697012, -0.06587920853620062, 0.9759110362402872, 0.039046255550282044], [0.029124916991497503, -0.9977039825483575, -0.06114329413265578, 0.00438830216407049], [0.9776983992945768, 0.015706466496258484, 0.20942575516642262, 0.5755902021891179], [0.0, 0.0, 0.0, 1.0]], "29": [[0.9586756875728074, -0.07389389099088851, -0.2747373635511731, 0.03861011771936354], [-0.12577019224573827, 0.7561204499773257, -0.642233387382318, -0.13610317960299312], [0.2551916628718352, 0.6502473052618694, 0.7155806433941562, 0.5318950836315568], [0.0, 0.0, 0.0, 1.0]]}, "intrinsic": [[1387.14196777, 0.0, 949.0501709], [0.0, 1385.58874512, 538.76617432], [0.0, 0.0, 1.0]], "distortion": [0.0, 0.0, 0.0, 0.0, 0.0, 0.0, 0.0, 0.0]}