{"objects": [21, 29], "object_poses": {"21": [[-0.34398256632333224, -0.27500355833190776, 0.897802337360743, 0.1157944435782059], [0.06671032601393441, -0.9608917437377676, -0.26876902578183065, -0.013636161245780931], [0.9366032919378038, -0.032559172615249904, 0.3488755850011328, 0.5891618972300776], [0.0, 0.0, 0.0, 1.0]], "29": [[0.860634912531964, -0.012225711501762531, -0.5090757107831729, 0.09261419589029796], [-0.32852644533803194, 0.7505025688401934, -0.573425033354699, -0.1505431710649871], [0.3890731577026018, 0.660754437096382, 0.641892243147384, 0.5405156555400653], [0.0, 0.0, 0.0, 1.0]]}, "intrinsic": [[1387.14196777, 0.0, 949.0501709], [0.0, 1385.58874512, 538.76617432], [0.0, 0.0, 1.0]], "distortion": [0.0, 0.0, 0.0, 0.0, 0.0, 0.0, 0.0, 0.0]}