{"objects": [21, 29], "object_poses": {"21": [[-0.26812187920009, -0.16843559173337025, 0.948546313751549, 0.052706484486986616], [0.03776005546625926, -0.9856781349527427, -0.16435568894101438, 0.00018299594554260779], [0.9626447091764437, -0.008250194756517303, 0.2706420111163135, 0.5874249143526846], [0.0, 0.0, 0.0, 1.0]], "29": [[0.9218047439411009, -0.039042240766875055, -0.38568344206564187, 0.04079928007786887], [-0.22744483644674074, 0.751201744838576, -0.6196489207004273, -0.1389323833085201], [0.3139185569879783, 0.658917022080467, 0.683581375983288, 0.5410305204108531], [0.0, 0.0, 0.0, 1.0]]}, "intrinsic": [[1387.14196777, 0.0, 949.0501709], [0.0, 1385.58874512, 538.76617432], [0.0, 0.0, 1.0]], "distortion": [0.0, 0.0, 0.0, 0.0, 0.0, 0.0, 0.0, 0.0]}