{"objects": [21, 29], "object_poses": {"21": [[-0.22599858330386274, -0.08688748167967371, 0.9702449205597632, 0.06301759777062135], [0.03075561657607153, -0.9961540568639012, -0.08204381172656804, -0.0010142391292654596], [0.9736419939555172, 0.011298695542562609, 0.22780168367543777, 0.5792309152104401], [0.0, 0.0, 0.0, 1.0]], "29": [[0.9507979332299252, -0.07058934360431464, -0.30166278314573786, 0.06049780281090719], [-0.14642351721584773, 0.7556995499135204, -0.6383403041220671, -0.14134506146641757], [0.2730264525130494, 0.6511031675779383, 0.7081816302320508, 0.5350922588351982], [0.0, 0.0, 0.0, 1.0]]}, "intrinsic": [[1387.14196777, 0.0, 949.0501709], [0.0, 1385.58874512, 538.76617432], [0.0, 0.0, 1.0]], "distortion": [0.0, 0.0, 0.0, 0.0, 0.0, 0.0, 0.0, 0.0]}