{"objects": [21, 29], "object_poses": {"21": [[-0.3053365796992576, -0.238196636900288, 0.9219717648968225, 0.11312101248222767], [0.05615392468222348, -0.9710281487015529, -0.23227369883830112, 0.03780924406804603], [0.9505873499265306, -0.01914932371223062, 0.309866089724292, 0.597300413802506], [0.0, 0.0, 0.0, 1.0]], "29": [[0.8889614874696371, -0.012992150924736703, -0.4577976384934045, 0.09324629945188095], [-0.2933136693206005, 0.7515413670764599, -0.5908914155431106, -0.10005469492133306], [0.35173081352857566, 0.6595580168470434, 0.6642805561111451, 0.5499101177560981], [0.0, 0.0, 0.0, 1.0]]}, "intrinsic": [[1387.14196777, 0.0, 949.0501709], [0.0, 1385.58874512, 538.76617432], [0.0, 0.0, 1.0]], "distortion": [0.0, 0.0, 0.0, 0.0, 0.0, 0.0, 0.0, 0.0]}