{"objects": [21, 29], "object_poses": {"21": [[-0.3163584158785765, -0.2548246402945074, 0.9137733610702284, 0.12299722337663344], [0.06347868710858084, -0.9667734641484762, -0.24762779589806422, 0.03004251355264792], [0.9465135017450995, -0.020334003962282826, 0.32202285524026736, 0.5920684285015851], [0.0, 0.0, 0.0, 1.0]], "29": [[0.8791750874768259, -0.008264416351226612, -0.4764271874930173, 0.10132576148556438], [-0.3079948985432127, 0.7530526206692002, -0.5814214417912495, -0.107554928983432], [0.3635798509701665, 0.6579083902228584, 0.659519705575875, 0.5446912019248196], [0.0, 0.0, 0.0, 1.0]]}, "intrinsic": [[1387.14196777, 0.0, 949.0501709], [0.0, 1385.58874512, 538.76617432], [0.0, 0.0, 1.0]], "distortion": [0.0, 0.0, 0.0, 0.0, 0.0, 0.0, 0.0, 0.0]}