{"objects": [21, 29], "object_poses": {"21": [[-0.24719602770422713, -0.1530107622637407, 0.9568081471845491, 0.0970174496702651], [-0.011675379750234699, -0.9869112427802832, -0.16084117750617216, 0.03917023299778777], [0.968895148813813, -0.05093039863729561, 0.24217408015662634, 0.6012433706051685], [0.0, 0.0, 0.0, 1.0]], "29": [[0.9320345739678959, -0.03621257979461501, -0.3605554076603476, 0.08627634230804598], [-0.2263198241948855, 0.7188992645974555, -0.6572390619383816, -0.09781093595040513], [0.2830033393882416, 0.6941703655629983, 0.6618433451121553, 0.548630653346962], [0.0, 0.0, 0.0, 1.0]]}, "intrinsic": [[1387.14196777, 0.0, 949.0501709], [0.0, 1385.58874512, 538.76617432], [0.0, 0.0, 1.0]], "distortion": [0.0, 0.0, 0.0, 0.0, 0.0, 0.0, 0.0, 0.0]}