{"objects": [21, 29], "object_poses": {"21": [[-0.35222138467391717, -0.2935331023689511, 0.8886947811211997, 0.12998653315358538], [0.07694186979089822, -0.9554121067455422, -0.28507482343611545, 0.0051221508014350214], [0.9327486504152505, -0.03203161091346431, 0.3591015609139295, 0.583529179188885], [0.0, 0.0, 0.0, 1.0]], "29": [[0.8499454761356284, -0.004235023853718527, -0.5268536344845278, 0.10461511946221191], [-0.34393998188871966, 0.7530479000682511, -0.5609136734482356, -0.131482338922272], [0.3991215058788297, 0.6579520687525543, 0.6385930619488912, 0.5351265469701837], [0.0, 0.0, 0.0, 1.0]]}, "intrinsic": [[1387.14196777, 0.0, 949.0501709], [0.0, 1385.58874512, 538.76617432], [0.0, 0.0, 1.0]], "distortion": [0.0, 0.0, 0.0, 0.0, 0.0, 0.0, 0.0, 0.0]}