{"objects": [21, 29], "object_poses": {"21": [[-0.3661701907097804, -0.30434822617504176, 0.8793699725710895, 0.12665674309199115], [0.07908930687419183, -0.951761733994975, -0.2964700376784228, -0.010724162332629017], [0.9271808199988423, -0.03900972861982051, 0.3725774659037851, 0.5875076892438242], [0.0, 0.0, 0.0, 1.0]], "29": [[0.8392860041629775, -0.005795107253255819, -0.5436592866383174, 0.10043740741770962], [-0.35495589016188234, 0.751591475404915, -0.5559825268280094, -0.14690847536043716], [0.411831663735981, 0.6596034193593878, 0.6287431987018777, 0.5383783764762374], [0.0, 0.0, 0.0, 1.0]]}, "intrinsic": [[1387.14196777, 0.0, 949.0501709], [0.0, 1385.58874512, 538.76617432], [0.0, 0.0, 1.0]], "distortion": [0.0, 0.0, 0.0, 0.0, 0.0, 0.0, 0.0, 0.0]}