{"objects": [21, 29], "object_poses": {"21": [[-0.3656414185695329, -0.3056710629359874, 0.8791311360144478, 0.12617046497920537], [0.07911923305925894, -0.9513234598778015, -0.2978654421819539, 0.00018612438215248606], [0.9273869203232148, -0.03935576158227406, 0.3720277194560993, 0.5838889454730273], [0.0, 0.0, 0.0, 1.0]], "29": [[0.8389847647672697, -0.004465453115892056, -0.5441365859937167, 0.09974210900052677], [-0.35631625006435624, 0.7512627181309116, -0.5555565302348978, -0.1359370662054047], [0.41127034226710585, 0.6599881726781431, 0.6287068613403822, 0.5347022700862938], [0.0, 0.0, 0.0, 1.0]]}, "intrinsic": [[1387.14196777, 0.0, 949.0501709], [0.0, 1385.58874512, 538.76617432], [0.0, 0.0, 1.0]], "distortion": [0.0, 0.0, 0.0, 0.0, 0.0, 0.0, 0.0, 0.0]}