{"objects": [21, 29], "object_poses": {"21": [[-0.22954879000554737, -0.12138466186837742, 0.9656982535295895, 0.09471595130997507], [-0.051162341688978305, -0.9893159969673578, -0.13651473523905874, 0.03899147662187041], [0.9719515254372986, -0.08074417630758493, 0.22088596649067782, 0.602851529609541], [0.0, 0.0, 0.0, 1.0]], "29": [[0.94381300498918, -0.04755632126548324, -0.3270403765913423, 0.08755376494271444], [-0.20406686467475343, 0.6945308052332068, -0.6899157016070436, -0.09650427891692959], [0.25994946884948233, 0.7178895157960016, 0.6458025369685882, 0.545957651481201], [0.0, 0.0, 0.0, 1.0]]}, "intrinsic": [[1387.14196777, 0.0, 949.0501709], [0.0, 1385.58874512, 538.76617432], [0.0, 0.0, 1.0]], "distortion": [0.0, 0.0, 0.0, 0.0, 0.0, 0.0, 0.0, 0.0]}