{"objects": [21, 29], "object_poses": {"21": [[-0.3366277430203899, -0.2770910540237492, 0.8999457263685493, 0.12945684161162674], [0.06988351039049431, -0.960439799559499, -0.26957686547183224, 0.01721524465132318], [0.9390410308418384, -0.027855685274737963, 0.3426747775856515, 0.5893706592020838], [0.0, 0.0, 0.0, 1.0]], "29": [[0.8629744075589509, -0.005693396306780476, -0.5052155551215635, 0.10563962019776452], [-0.3291542662024604, 0.7522900250401449, -0.5707163807582777, -0.11977617366749432], [0.38331793714749995, 0.6588074858891649, 0.6473330329879622, 0.5412728284589631], [0.0, 0.0, 0.0, 1.0]]}, "intrinsic": [[1387.14196777, 0.0, 949.0501709], [0.0, 1385.58874512, 538.76617432], [0.0, 0.0, 1.0]], "distortion": [0.0, 0.0, 0.0, 0.0, 0.0, 0.0, 0.0, 0.0]}