{"objects": [21, 29], "object_poses": {"21": [[-0.2840704124481783, -0.2125374146066096, 0.9349501848568567, 0.10273372396280062], [0.04751416030545402, -0.977044306165576, -0.20766999869962743, 0.03837981644419275], [0.9576253992778136, -0.014569529222814556, 0.2876479158211245, 0.5992322635214437], [0.0, 0.0, 0.0, 1.0]], "29": [[0.90458709691801, -0.017415619863583226, -0.42593295279214144, 0.08543236931267473], [-0.26959113589898664, 0.7506121482324449, -0.6032429215254649, -0.09994404911364435], [0.3302162981049827, 0.6605135116790962, 0.6742989673395624, 0.5521739869329407], [0.0, 0.0, 0.0, 1.0]]}, "intrinsic": [[1387.14196777, 0.0, 949.0501709], [0.0, 1385.58874512, 538.76617432], [0.0, 0.0, 1.0]], "distortion": [0.0, 0.0, 0.0, 0.0, 0.0, 0.0, 0.0, 0.0]}