{"objects": [21, 29], "object_poses": {"21": [[-0.2661794083195778, -0.18596121517060601, 0.9458154941842098, 0.09965384650213921], [0.02730871484307333, -0.982275241714521, -0.18544428707378935, 0.03909130158243512], [0.963536588137815, -0.02353244498471121, 0.266539804443507, 0.5993447600451733], [0.0, 0.0, 0.0, 1.0]], "29": [[0.9180105925363513, -0.024826641444754136, -0.39577795525477294, 0.08521355682219572], [-0.248723894615997, 0.7412747237896019, -0.6234165606700781, -0.09904022877384017], [0.3088575338859733, 0.6707424406918296, 0.6743230694679313, 0.5507806950746135], [0.0, 0.0, 0.0, 1.0]]}, "intrinsic": [[1387.14196777, 0.0, 949.0501709], [0.0, 1385.58874512, 538.76617432], [0.0, 0.0, 1.0]], "distortion": [0.0, 0.0, 0.0, 0.0, 0.0, 0.0, 0.0, 0.0]}