{"objects": [21, 29], "object_poses": {"21": [[-0.00268724323057556, -0.04398861572361965, 0.9990284182196971, 0.08224669966188644], [-0.27945682293697466, -0.9591955233973615, -0.042986416557343886, 0.036543925235397956], [0.9601544994623493, -0.27930082273632817, -0.009715327118469551, 0.6121294771261624], [0.0, 0.0, 0.0, 1.0]], "29": [[0.9927047995965529, 0.048527691993172396, -0.11037320312377413, 0.07524989673392704], [-0.11945147884444844, 0.5202571857196955, -0.8456144540562843, -0.08417562359998793], [0.016386734264626914, 0.8526297694878172, 0.5222585098620237, 0.5283133371002686], [0.0, 0.0, 0.0, 1.0]]}, "intrinsic": [[1387.14196777, 0.0, 949.0501709], [0.0, 1385.58874512, 538.76617432], [0.0, 0.0, 1.0]], "distortion": [0.0, 0.0, 0.0, 0.0, 0.0, 0.0, 0.0, 0.0]}