{"objects": [21, 29], "object_poses": {"21": [[0.23329703548233954, -0.0508551495701449, 0.9710747896003482, 0.07022334193511215], [-0.32962999397309173, -0.9436405989216387, 0.02977393390396273, 0.029923763347667665], [0.9148314381941921, -0.32704154755782505, -0.23691193693550458, 0.6169971375963266], [0.0, 0.0, 0.0, 1.0]], "29": [[0.975348421520779, 0.21195527383763774, 0.061403733838876595, 0.05127055697987487], [-0.04822870740299062, 0.47628152140604835, -0.8779691931664733, -0.0863532901726824], [-0.21533566453139968, 0.8533644439860159, 0.4747627589873361, 0.5288623044249963], [0.0, 0.0, 0.0, 1.0]]}, "intrinsic": [[1387.14196777, 0.0, 949.0501709], [0.0, 1385.58874512, 538.76617432], [0.0, 0.0, 1.0]], "distortion": [0.0, 0.0, 0.0, 0.0, 0.0, 0.0, 0.0, 0.0]}