{"objects": [21, 29], "object_poses": {"21": [[0.0438596680024182, -0.04522403716050817, 0.9980135850706808, 0.08023393577676463], [-0.3150327322154004, -0.9486333010606814, -0.029141684090342058, 0.035719794878595224], [0.9480668263132191, -0.31312880190366965, -0.05585379362904445, 0.6147119663412104], [0.0, 0.0, 0.0, 1.0]], "29": [[0.9937733467393811, 0.08075536970330592, -0.07676656547293802, 0.07089102587658386], [-0.10660401105490028, 0.4887479509594488, -0.8658874206615765, -0.08187769217856466], [-0.03240555719987274, 0.8686794637247002, 0.4943135332615749, 0.5267867076068155], [0.0, 0.0, 0.0, 1.0]]}, "intrinsic": [[1387.14196777, 0.0, 949.0501709], [0.0, 1385.58874512, 538.76617432], [0.0, 0.0, 1.0]], "distortion": [0.0, 0.0, 0.0, 0.0, 0.0, 0.0, 0.0, 0.0]}