{"objects": [21, 29], "object_poses": {"21": [[-0.17782572357624363, -0.07210585911942921, 0.9814167092093168, 0.0884714758445854], [-0.12825495164176973, -0.9871069602573137, -0.09576281319458307, 0.038606682463874], [0.9756683244904258, -0.14290064412808973, 0.1662850759804529, 0.604689462656171], [0.0, 0.0, 0.0, 1.0]], "29": [[0.9651510567082087, -0.048891309223119614, -0.2570857398174692, 0.08575214523888633], [-0.16688301820009718, 0.6417305368645294, -0.7485532554815316, -0.09301918430286577], [0.20157751851700062, 0.765370209727307, 0.6112077765298117, 0.539004255112665], [0.0, 0.0, 0.0, 1.0]]}, "intrinsic": [[1387.14196777, 0.0, 949.0501709], [0.0, 1385.58874512, 538.76617432], [0.0, 0.0, 1.0]], "distortion": [0.0, 0.0, 0.0, 0.0, 0.0, 0.0, 0.0, 0.0]}