{"objects": [21, 29], "object_poses": {"21": [[-0.13533970951398552, -0.06264908311204952, 0.9888165934155331, 0.09049901370450086], [-0.16627908901814334, -0.9824082487768054, -0.08500174875020947, 0.03832138989216638], [0.9767468595209141, -0.1759236343431933, 0.1225416145459029, 0.6059060528395565], [0.0, 0.0, 0.0, 1.0]], "29": [[0.9751273103382343, -0.027151886177664973, -0.21997614350091346, 0.08710669087945105], [-0.15761174888412313, 0.612853231968897, -0.7743187022660475, -0.0908830141797165], [0.15583730376975471, 0.7897301381752391, 0.5933304674559536, 0.5356065210818534], [0.0, 0.0, 0.0, 1.0]]}, "intrinsic": [[1387.14196777, 0.0, 949.0501709], [0.0, 1385.58874512, 538.76617432], [0.0, 0.0, 1.0]], "distortion": [0.0, 0.0, 0.0, 0.0, 0.0, 0.0, 0.0, 0.0]}