{"objects": [21, 29], "object_poses": {"21": [[0.08802797292716558, -0.04904738582663854, 0.9949097596897508, 0.07821648695637803], [-0.3425675998055528, -0.9393569473090395, -0.015998909516330432, 0.035040093242009074], [0.9353600993979801, -0.33941549682626915, -0.09949173316603281, 0.6166787672293994], [0.0, 0.0, 0.0, 1.0]], "29": [[0.9924776169359932, 0.11325793073110833, -0.04648463195055252, 0.06627961808353997], [-0.09416800330257066, 0.4635895635215117, -0.8810318403712504, -0.07998972434377033], [-0.07823405291225109, 0.8787817463514201, 0.4707675384353517, 0.5257229412545503], [0.0, 0.0, 0.0, 1.0]]}, "intrinsic": [[1387.14196777, 0.0, 949.0501709], [0.0, 1385.58874512, 538.76617432], [0.0, 0.0, 1.0]], "distortion": [0.0, 0.0, 0.0, 0.0, 0.0, 0.0, 0.0, 0.0]}