{"objects": [21, 29], "object_poses": {"21": [[-0.2081139396130261, -0.0893494530533795, 0.9740150221520291, 0.09214029653854905], [-0.0909251649323984, -0.989739495940536, -0.11021952892930015, 0.038551203758545705], [0.973869191688886, -0.11150069692357642, 0.19785447193529773, 0.6043621820923573], [0.0, 0.0, 0.0, 1.0]], "29": [[0.9552230443438634, -0.056663161937422976, -0.2904104365096281, 0.0884377081185454], [-0.17973299768412468, 0.6685470141081515, -0.7216238213020434, -0.09517178406087351], [0.23504251763869716, 0.741508041767814, 0.6284272741501076, 0.5431105419615693], [0.0, 0.0, 0.0, 1.0]]}, "intrinsic": [[1387.14196777, 0.0, 949.0501709], [0.0, 1385.58874512, 538.76617432], [0.0, 0.0, 1.0]], "distortion": [0.0, 0.0, 0.0, 0.0, 0.0, 0.0, 0.0, 0.0]}