{"objects": [21, 29], "object_poses": {"21": [[-0.09967905157676687, -0.050913799043343935, 0.993716192755125, 0.08769400214536596], [-0.20330284934060364, -0.976579597868183, -0.07042897470229753, 0.03764189809836149], [0.9740287665807159, -0.209045626824863, 0.08699360768845459, 0.607222051488394], [0.0, 0.0, 0.0, 1.0]], "29": [[0.9824456080750903, -0.011735955228398697, -0.18617973715971722, 0.08426792363510058], [-0.14441987079096114, 0.5838819236204299, -0.7988897296811613, -0.08903390314501614], [0.11808271717192863, 0.811753759846047, 0.5719373263576268, 0.5324636846224583], [0.0, 0.0, 0.0, 1.0]]}, "intrinsic": [[1387.14196777, 0.0, 949.0501709], [0.0, 1385.58874512, 538.76617432], [0.0, 0.0, 1.0]], "distortion": [0.0, 0.0, 0.0, 0.0, 0.0, 0.0, 0.0, 0.0]}