{"objects": [21, 29], "object_poses": {"21": [[0.13426933455745818, -0.05705527910026304, 0.9893009860119915, 0.07670712659579551], [-0.34743193182110543, -0.9376796404879316, -0.006924201433026824, 0.03384917084090655], [0.9280424551433809, -0.34278504480391586, -0.14572444719478714, 0.617830191712558], [0.0, 0.0, 0.0, 1.0]], "29": [[0.9885038815426199, 0.15020491850801712, -0.017278849243869195, 0.06149812136533092], [-0.0852377740633585, 0.45923699486485303, -0.884214851956375, -0.08072832467189395], [-0.12487833298020615, 0.8755226239244241, 0.4667606848788623, 0.5267917727182349], [0.0, 0.0, 0.0, 1.0]]}, "intrinsic": [[1387.14196777, 0.0, 949.0501709], [0.0, 1385.58874512, 538.76617432], [0.0, 0.0, 1.0]], "distortion": [0.0, 0.0, 0.0, 0.0, 0.0, 0.0, 0.0, 0.0]}