{"objects": [21, 29], "object_poses": {"21": [[-0.04994176804919265, -0.04579411531791087, 0.9977017183539282, 0.08478684702723951], [-0.24316207809923326, -0.9683318694080871, -0.0566179694364657, 0.037086252405425846], [0.9686991398667522, -0.24543082465512964, 0.03722481337120116, 0.6097209135137779], [0.0, 0.0, 0.0, 1.0]], "29": [[0.9890678295034924, 0.01803009999186998, -0.14635485689088737, 0.079747278714381], [-0.13195849655212258, 0.55119994157954, -0.8238723078186484, -0.08659022781004083], [0.06581628847763762, 0.8341783621606383, 0.5475533547281333, 0.5301845001938063], [0.0, 0.0, 0.0, 1.0]]}, "intrinsic": [[1387.14196777, 0.0, 949.0501709], [0.0, 1385.58874512, 538.76617432], [0.0, 0.0, 1.0]], "distortion": [0.0, 0.0, 0.0, 0.0, 0.0, 0.0, 0.0, 0.0]}