{"objects": [21, 29], "object_poses": {"21": [[0.33507450918750575, -0.08734099443885529, 0.9381346513071531, 0.06231501733660852], [-0.22329405006041778, -0.9746891736796298, -0.010990082772352512, 0.027825324790990202], [0.9153495728410921, -0.20579738920151536, -0.3460962208656336, 0.610639695167824], [0.0, 0.0, 0.0, 1.0]], "29": [[0.944823582765589, 0.3068520867656054, 0.11467429658649785, 0.033549314560037125], [-0.08597933042290337, 0.5700874925875379, -0.8170727051709009, -0.09771134783605351], [-0.3160948468261436, 0.7621299414423088, 0.5650150441953813, 0.539503289435088], [0.0, 0.0, 0.0, 1.0]]}, "intrinsic": [[1387.14196777, 0.0, 949.0501709], [0.0, 1385.58874512, 538.76617432], [0.0, 0.0, 1.0]], "distortion": [0.0, 0.0, 0.0, 0.0, 0.0, 0.0, 0.0, 0.0]}