{"objects": [21, 29], "object_poses": {"21": [[0.419667481786133, -0.11625991723646556, 0.9002015531954299, 0.06156129920899128], [-0.10032269726183989, -0.9916279660731281, -0.08129780634056225, 0.010469171252483145], [0.9021167114877083, -0.05619260223418241, -0.4278175198712151, 0.6045771809294417], [0.0, 0.0, 0.0, 1.0]], "29": [[0.9090259362697127, 0.3844980958273434, 0.1607266670286442, 0.024846164972396223], [-0.15146801822621875, 0.6641331046331644, -0.7321097313824932, -0.12310673898677726], [-0.38823869802430977, 0.6411617842911967, 0.6619533818335908, 0.5550112130400329], [0.0, 0.0, 0.0, 1.0]]}, "intrinsic": [[1387.14196777, 0.0, 949.0501709], [0.0, 1385.58874512, 538.76617432], [0.0, 0.0, 1.0]], "distortion": [0.0, 0.0, 0.0, 0.0, 0.0, 0.0, 0.0, 0.0]}