{"objects": [21, 29], "object_poses": {"21": [[0.2745390966400307, -0.039127312018704764, 0.9607795469670847, 0.06681453677582067], [-0.3010012696578738, -0.9524538547038575, 0.04722171454022029, 0.02734182007704644], [0.9132505242705451, -0.30216007035007436, -0.2732631914576414, 0.6149929161226485], [0.0, 0.0, 0.0, 1.0]], "29": [[0.9677805280807859, 0.2308627869344705, 0.10051479033725692, 0.04758117262670966], [-0.030093096869186434, 0.5023793744711107, -0.8641234689712163, -0.09151957699612573], [-0.24999050979690118, 0.8332570658055499, 0.4931403525332511, 0.5304390513949292], [0.0, 0.0, 0.0, 1.0]]}, "intrinsic": [[1387.14196777, 0.0, 949.0501709], [0.0, 1385.58874512, 538.76617432], [0.0, 0.0, 1.0]], "distortion": [0.0, 0.0, 0.0, 0.0, 0.0, 0.0, 0.0, 0.0]}