{"objects": [21, 29], "object_poses": {"21": [[0.41106477442444367, -0.1291758117835072, 0.9024075359157095, 0.06269660296329715], [-0.11538169417326435, -0.9893208107289411, -0.08905839718041765, 0.013023761422485625], [0.904274745791947, -0.06751254038110421, -0.42157945990548756, 0.6075457372514768], [0.0, 0.0, 0.0, 1.0]], "29": [[0.9099683511786975, 0.38829540137813884, 0.14554820892656542, 0.024579312347144333], [-0.1597495380170618, 0.6521522626016963, -0.7410651195993733, -0.1195190368540151], [-0.38267177183125994, 0.651094545862648, 0.6554679301014245, 0.5562935291801105], [0.0, 0.0, 0.0, 1.0]]}, "intrinsic": [[1387.14196777, 0.0, 949.0501709], [0.0, 1385.58874512, 538.76617432], [0.0, 0.0, 1.0]], "distortion": [0.0, 0.0, 0.0, 0.0, 0.0, 0.0, 0.0, 0.0]}