{"objects": [21, 29], "object_poses": {"21": [[0.38328052350466807, -0.14528644596862406, 0.9121337012301451, 0.0590978278233211], [-0.14397510807316014, -0.9848772099329663, -0.09637452780680773, 0.01922373593715143], [0.9123416073803233, -0.0943860687414728, -0.39840188437082197, 0.6082569146336002], [0.0, 0.0, 0.0, 1.0]], "29": [[0.9173033972743715, 0.38167689868946936, 0.11347784962583644, 0.020021455562303725], [-0.16807498325065448, 0.6294893557444929, -0.7586131761376718, -0.11135597889452786], [-0.36097822282543157, 0.6768056560129961, 0.6415830629268677, 0.5528557841715981], [0.0, 0.0, 0.0, 1.0]]}, "intrinsic": [[1387.14196777, 0.0, 949.0501709], [0.0, 1385.58874512, 538.76617432], [0.0, 0.0, 1.0]], "distortion": [0.0, 0.0, 0.0, 0.0, 0.0, 0.0, 0.0, 0.0]}