{"objects": [21, 29], "object_poses": {"21": [[0.31418767738320263, -0.07246504672051161, 0.9465912108108508, 0.0637696525591144], [-0.248755561408693, -0.968529687187633, 0.008421146268695808, 0.027065173511988783], [0.9161914505433876, -0.23811564845685268, -0.32232617627362975, 0.6115187623668], [0.0, 0.0, 0.0, 1.0]], "29": [[0.953268988031734, 0.28194536772527207, 0.10855895207321016, 0.03804684084788998], [-0.06740590235399009, 0.5487408520849891, -0.8332706172552201, -0.09644172202834345], [-0.2945075224587924, 0.7870135239443543, 0.5421024186847738, 0.535810811907615], [0.0, 0.0, 0.0, 1.0]]}, "intrinsic": [[1387.14196777, 0.0, 949.0501709], [0.0, 1385.58874512, 538.76617432], [0.0, 0.0, 1.0]], "distortion": [0.0, 0.0, 0.0, 0.0, 0.0, 0.0, 0.0, 0.0]}