{"objects": [21, 29], "object_poses": {"21": [[0.34854006373302276, -0.10840094477574493, 0.9310043282094432, 0.06155541474522988], [-0.19774913990172133, -0.9794358486072219, -0.04000870069357818, 0.024687399196636428], [0.9161959952112388, -0.17016067005858143, -0.3628088266899055, 0.6096771691018064], [0.0, 0.0, 0.0, 1.0]], "29": [[0.93694515511405, 0.331358777151017, 0.11106366243425748, 0.029229509150982713], [-0.11403100628254968, 0.5902744474077265, -0.7991076312635886, -0.10267636705319744], [-0.33034936947800647, 0.736055322338271, 0.5908399584853729, 0.5434894291098595], [0.0, 0.0, 0.0, 1.0]]}, "intrinsic": [[1387.14196777, 0.0, 949.0501709], [0.0, 1385.58874512, 538.76617432], [0.0, 0.0, 1.0]], "distortion": [0.0, 0.0, 0.0, 0.0, 0.0, 0.0, 0.0, 0.0]}