{"objects": [21, 29], "object_poses": {"21": [[0.180040797209481, -0.06198574887111751, 0.9817041704490571, 0.07258308620057946], [-0.3466750540194259, -0.937975184993235, 0.004354222954980146, 0.03309484730946788], [0.920544251114961, -0.34111628409356454, -0.19036271290722093, 0.6182601992586794], [0.0, 0.0, 0.0, 1.0]], "29": [[0.9827309415556169, 0.18452499831717986, 0.013799329884954475, 0.054555195620157315], [-0.07398083827995725, 0.46016610178343326, -0.8847451578487701, -0.0815703677344185], [-0.16960758260355807, 0.8684455560168948, 0.4658707805367192, 0.5278489517767888], [0.0, 0.0, 0.0, 1.0]]}, "intrinsic": [[1387.14196777, 0.0, 949.0501709], [0.0, 1385.58874512, 538.76617432], [0.0, 0.0, 1.0]], "distortion": [0.0, 0.0, 0.0, 0.0, 0.0, 0.0, 0.0, 0.0]}