{"objects": [21, 29], "object_poses": {"21": [[0.2912217429807113, -0.059195770568609904, 0.9548223694290341, 0.06548387630642652], [-0.27519054011914523, -0.9610812997545862, 0.024349576813069793, 0.027187942861166103], [0.9162205318831336, -0.2698492097613622, -0.2961778873362423, 0.613195232300771], [0.0, 0.0, 0.0, 1.0]], "29": [[0.9612865881432759, 0.25682292677642077, 0.09985028661887468, 0.04267716837322777], [-0.05226355382203866, 0.5257239379065308, -0.8490482094992913, -0.09406044175362982], [-0.27054873202025614, 0.8109601256498704, 0.518793849431725, 0.533032938467421], [0.0, 0.0, 0.0, 1.0]]}, "intrinsic": [[1387.14196777, 0.0, 949.0501709], [0.0, 1385.58874512, 538.76617432], [0.0, 0.0, 1.0]], "distortion": [0.0, 0.0, 0.0, 0.0, 0.0, 0.0, 0.0, 0.0]}