{"objects": [21, 29], "object_poses": {"21": [[0.3634308303735928, -0.13015847938932248, 0.9224840387654573, 0.06052273525516255], [-0.1696700195784624, -0.9828793405192363, -0.07183513372105681, 0.021914349333700067], [0.9160404554331688, -0.13041078261991199, -0.3792926466282443, 0.6087285294117329], [0.0, 0.0, 0.0, 1.0]], "29": [[0.9277012510114995, 0.3573157688664911, 0.10814726159762579, 0.024474088598424065], [-0.14467712412387482, 0.6111537524455635, -0.7781771139187802, -0.10721033479261699], [-0.34414955851629536, 0.7062694473011453, 0.6186635185478317, 0.5481098765516725], [0.0, 0.0, 0.0, 1.0]]}, "intrinsic": [[1387.14196777, 0.0, 949.0501709], [0.0, 1385.58874512, 538.76617432], [0.0, 0.0, 1.0]], "distortion": [0.0, 0.0, 0.0, 0.0, 0.0, 0.0, 0.0, 0.0]}