{"objects": [21, 29], "object_poses": {"21": [[0.44627377617065234, -0.08524988462166952, 0.8908266800418516, 0.061547544224349854], [-0.09766343327784745, -0.9941460531162328, -0.04621124185527896, 0.01072647709748753], [0.8895513310106234, -0.06637832662410258, -0.45198710960802374, 0.586410527744074], [0.0, 0.0, 0.0, 1.0]], "29": [[0.9029746338958814, 0.3793147642605955, 0.2018839274299602, 0.02792481644626668], [-0.11654019679263852, 0.668410479911197, -0.7346058894920643, -0.1233595897891856], [-0.41358819261694324, 0.6398028914898883, 0.6477631256632616, 0.5360344531183592], [0.0, 0.0, 0.0, 1.0]]}, "intrinsic": [[1387.14196777, 0.0, 949.0501709], [0.0, 1385.58874512, 538.76617432], [0.0, 0.0, 1.0]], "distortion": [0.0, 0.0, 0.0, 0.0, 0.0, 0.0, 0.0, 0.0]}