{"objects": [21, 29], "object_poses": {"21": [[0.4611516735481148, -0.06961125082320059, 0.8845865744756763, 0.06121020497697663], [-0.09690300313754995, -0.9949061961358174, -0.02777532850372338, 0.015380357024097568], [0.8820141393235704, -0.07291045637900982, -0.4655481966283505, 0.5766030794579533], [0.0, 0.0, 0.0, 1.0]], "29": [[0.8984834195746382, 0.37765664773134566, 0.2238369968834562, 0.029080278072446702], [-0.09817993111204348, 0.6698130965343994, -0.7360102695192808, -0.1188654722979085], [-0.4278881230839632, 0.6393167228653817, 0.6388942651083682, 0.5256812260173289], [0.0, 0.0, 0.0, 1.0]]}, "intrinsic": [[1387.14196777, 0.0, 949.0501709], [0.0, 1385.58874512, 538.76617432], [0.0, 0.0, 1.0]], "distortion": [0.0, 0.0, 0.0, 0.0, 0.0, 0.0, 0.0, 0.0]}