{"objects": [21, 29], "object_poses": {"21": [[0.46009454760278956, -0.06553347234312498, 0.8854481189029912, 0.056187217734335326], [-0.0897529898702835, -0.9955966950663229, -0.02704850425380052, 0.025867154748796417], [0.883321803237943, -0.06702674671857682, -0.46395043609074915, 0.5682387095859678], [0.0, 0.0, 0.0, 1.0]], "29": [[0.8995635239477312, 0.373945706805433, 0.22572123237423147, 0.024674728133758345], [-0.0971691949606863, 0.6751494808475607, -0.7312532571291375, -0.10880978501379285], [-0.42584458894466304, 0.6358756064459969, 0.6436758494719967, 0.518075028038164], [0.0, 0.0, 0.0, 1.0]]}, "intrinsic": [[1387.14196777, 0.0, 949.0501709], [0.0, 1385.58874512, 538.76617432], [0.0, 0.0, 1.0]], "distortion": [0.0, 0.0, 0.0, 0.0, 0.0, 0.0, 0.0, 0.0]}