{"objects": [21, 29], "object_poses": {"21": [[0.4645028558179964, -0.0618199491379428, 0.8834112240771661, 0.01877008079399553], [-0.08275978470484026, -0.9962250921053857, -0.02619892927644391, 0.07977189275385665], [0.8816960445485374, -0.0609414452421832, -0.4678656060016183, 0.5545655557361863], [0.0, 0.0, 0.0, 1.0]], "29": [[0.8979844025632443, 0.37413135631914335, 0.23162413728268755, -0.012428284813198659], [-0.09603927519063832, 0.6803365887883456, -0.7265800599911241, -0.055320288265036766], [-0.4294187587588696, 0.6302125468242011, 0.646862949511994, 0.5053306630068382], [0.0, 0.0, 0.0, 1.0]]}, "intrinsic": [[1387.14196777, 0.0, 949.0501709], [0.0, 1385.58874512, 538.76617432], [0.0, 0.0, 1.0]], "distortion": [0.0, 0.0, 0.0, 0.0, 0.0, 0.0, 0.0, 0.0]}