{"objects": [21, 29], "object_poses": {"21": [[0.46304903945995685, -0.06377963279547717, 0.8840349232330666, 0.02949152046843387], [-0.08440965218715739, -0.99604749015243, -0.02764792901277761, 0.06708930817957948], [0.8823041412533756, -0.061818733418979116, -0.4666024501924744, 0.5562484062267475], [0.0, 0.0, 0.0, 1.0]], "29": [[0.8984085357407132, 0.3746126623482954, 0.22918869107477133, -0.0019129336346296322], [-0.09754836795667399, 0.6790688611213405, -0.7275642911553356, -0.0678995813739724], [-0.4281896995692851, 0.6312929867056164, 0.6466241150151132, 0.506861464524921], [0.0, 0.0, 0.0, 1.0]]}, "intrinsic": [[1387.14196777, 0.0, 949.0501709], [0.0, 1385.58874512, 538.76617432], [0.0, 0.0, 1.0]], "distortion": [0.0, 0.0, 0.0, 0.0, 0.0, 0.0, 0.0, 0.0]}