{"objects": [21, 29], "object_poses": {"21": [[0.4621141245129193, -0.06454328737730362, 0.8844685975093731, 0.03975634428773034], [-0.08636763704895871, -0.9958823772313223, -0.027548538812022304, 0.053262936097039026], [0.8826047627314502, -0.06365889391616267, -0.46578576409024675, 0.5586367876834406], [0.0, 0.0, 0.0, 1.0]], "29": [[0.8987467058113846, 0.37455564298616817, 0.22795269048734682, 0.008288604780789577], [-0.09752929563415286, 0.6776305739842211, -0.7289066069771438, -0.08161153590902404], [-0.42748379534937725, 0.6328703465237119, 0.6455483941616295, 0.5089782715710849], [0.0, 0.0, 0.0, 1.0]]}, "intrinsic": [[1387.14196777, 0.0, 949.0501709], [0.0, 1385.58874512, 538.76617432], [0.0, 0.0, 1.0]], "distortion": [0.0, 0.0, 0.0, 0.0, 0.0, 0.0, 0.0, 0.0]}