{"objects": [21, 29], "object_poses": {"21": [[0.46108983285285615, -0.06499798756222538, 0.8849697326194805, 0.04897661043994753], [-0.08759154996466144, -0.995776840958522, -0.027499152449892116, 0.039273085276997466], [0.883019754260637, -0.0648362909452359, -0.46483585163146895, 0.5625996253761815], [0.0, 0.0, 0.0, 1.0]], "29": [[0.8991684576313732, 0.37421125294281027, 0.22685242553652948, 0.017492797465327087], [-0.09752991887255637, 0.6767295709467186, -0.7297431073542209, -0.0955295285949323], [-0.4265958271309594, 0.6340370856481917, 0.6449906776824068, 0.5127565228950297], [0.0, 0.0, 0.0, 1.0]]}, "intrinsic": [[1387.14196777, 0.0, 949.0501709], [0.0, 1385.58874512, 538.76617432], [0.0, 0.0, 1.0]], "distortion": [0.0, 0.0, 0.0, 0.0, 0.0, 0.0, 0.0, 0.0]}