{"objects": [21, 29], "object_poses": {"21": [[0.47892198245761475, -0.043759980756676906, 0.8767661026767929, 0.008405637298823404], [-0.08200123715258174, -0.9966199355514616, -0.004949865337071189, 0.08589347512994439], [0.8740191827553425, -0.06952530579281557, -0.4808915678509066, 0.5550247718867458], [0.0, 0.0, 0.0, 1.0]], "29": [[0.8932288075498577, 0.3703671013642747, 0.25489312974284317, -0.020940289708665127], [-0.07485095370989027, 0.681518037861535, -0.7279632537416261, -0.04931019183078211], [-0.4433279058347187, 0.6311587552243879, 0.6364738750426561, 0.5049638583961175], [0.0, 0.0, 0.0, 1.0]]}, "intrinsic": [[1387.14196777, 0.0, 949.0501709], [0.0, 1385.58874512, 538.76617432], [0.0, 0.0, 1.0]], "distortion": [0.0, 0.0, 0.0, 0.0, 0.0, 0.0, 0.0, 0.0]}