{"objects": [21, 29], "object_poses": {"21": [[0.46596533442395965, -0.05723640624960362, 0.8829497725889092, 0.011210691680899304], [-0.08193185468205015, -0.9964091668928042, -0.0213528293290409, 0.08580498218746602], [0.8810014065275545, -0.06239203420009912, -0.4689816155936698, 0.5541391700700283], [0.0, 0.0, 0.0, 1.0]], "29": [[0.897896434447724, 0.37171894693054935, 0.2358114023937875, -0.01941609205069264], [-0.09118284510583306, 0.6811164061517402, -0.726475140682291, -0.049356341891721445], [-0.4306595891937011, 0.6307974839548678, 0.6454663836883621, 0.5047354592530136], [0.0, 0.0, 0.0, 1.0]]}, "intrinsic": [[1387.14196777, 0.0, 949.0501709], [0.0, 1385.58874512, 538.76617432], [0.0, 0.0, 1.0]], "distortion": [0.0, 0.0, 0.0, 0.0, 0.0, 0.0, 0.0, 0.0]}