{"objects": [21, 29], "object_poses": {"21": [[0.43148373901298676, -0.1017789576170543, 0.8963608797542246, 0.06087319941637226], [-0.09743582819649173, -0.9930605490097054, -0.06585594418284069, 0.008755963320381643], [0.8968433767113624, -0.05892189564954578, -0.4384063957813904, 0.5958592395294936], [0.0, 0.0, 0.0, 1.0]], "29": [[0.906707276224683, 0.3816777388789407, 0.17945478228649528, 0.02563003571785366], [-0.13603780759936895, 0.6674108490391366, -0.7321587761465584, -0.12516991993935978], [-0.399218774789953, 0.6394410545383583, 0.657068875861649, 0.5461693285143834], [0.0, 0.0, 0.0, 1.0]]}, "intrinsic": [[1387.14196777, 0.0, 949.0501709], [0.0, 1385.58874512, 538.76617432], [0.0, 0.0, 1.0]], "distortion": [0.0, 0.0, 0.0, 0.0, 0.0, 0.0, 0.0, 0.0]}