{"objects": [21, 29], "object_poses": {"21": [[0.45548195424746907, -0.05532018254729319, 0.8885245448257744, 0.01243575911179931], [-0.03435090559189556, -0.9984162727130382, -0.0445529086236628, 0.07105878566145751], [0.8895820392970654, -0.010228576868077028, -0.45666089341581706, 0.5618357963469844], [0.0, 0.0, 0.0, 1.0]], "29": [[0.9030930782254646, 0.3633449456672168, 0.22891776366057623, -0.017439386875044843], [-0.11222984472075757, 0.7142150123017765, -0.6908700153840364, -0.06658273257440189], [-0.4145206315917545, 0.5982285237773862, 0.6857807808067479, 0.5192964244538267], [0.0, 0.0, 0.0, 1.0]]}, "intrinsic": [[1387.14196777, 0.0, 949.0501709], [0.0, 1385.58874512, 538.76617432], [0.0, 0.0, 1.0]], "distortion": [0.0, 0.0, 0.0, 0.0, 0.0, 0.0, 0.0, 0.0]}