{"objects": [21, 29], "object_poses": {"21": [[0.4798699537770126, -0.04188946605113033, 0.8763390326215122, 0.010037251347057602], [-0.07145440653592641, -0.9974072279002199, -0.008549240843814983, 0.07824031088951855], [0.8744250083618659, -0.058515761691687505, -0.4816189472861269, 0.5586854304033959], [0.0, 0.0, 0.0, 1.0]], "29": [[0.8929712475646764, 0.36961472196006323, 0.2568799492626627, -0.019091587240201907], [-0.07800085588175709, 0.6891353545386335, -0.7204223272543936, -0.05756240813384034], [-0.4433037530909442, 0.6232795684404451, 0.6442083219426668, 0.5101422298548939], [0.0, 0.0, 0.0, 1.0]]}, "intrinsic": [[1387.14196777, 0.0, 949.0501709], [0.0, 1385.58874512, 538.76617432], [0.0, 0.0, 1.0]], "distortion": [0.0, 0.0, 0.0, 0.0, 0.0, 0.0, 0.0, 0.0]}