{"objects": [21, 29], "object_poses": {"21": [[0.4789509066307561, -0.04356936246197365, 0.8767597958918069, 0.008371928778094007], [-0.0849922279021782, -0.9963768397651628, -0.0030845381857125356, 0.08100786702476481], [0.8737175460260619, -0.07304042602731894, -0.4809186479353328, 0.5586830479561824], [0.0, 0.0, 0.0, 1.0]], "29": [[0.8932365091804406, 0.3702455340915967, 0.2550427084870028, -0.020948749980940706], [-0.07311455187514354, 0.6793582356977659, -0.7301552231503429, -0.054023980986466213], [-0.4436020750303761, 0.6335539693466194, 0.6338979152465308, 0.5081458550102603], [0.0, 0.0, 0.0, 1.0]]}, "intrinsic": [[1387.14196777, 0.0, 949.0501709], [0.0, 1385.58874512, 538.76617432], [0.0, 0.0, 1.0]], "distortion": [0.0, 0.0, 0.0, 0.0, 0.0, 0.0, 0.0, 0.0]}