{"objects": [21, 29], "object_poses": {"21": [[0.3272427731131655, -0.22724859346646128, 0.9172078522410994, 0.02815947093521154], [-0.16035898813739374, -0.9699279899529328, -0.18309748559011174, 0.06363736968271055], [0.9312342145608475, -0.08716519416249859, -0.35384327965620377, 0.5687513147363124], [0.0, 0.0, 0.0, 1.0]], "29": [[0.9143212827364556, 0.4046412116727185, 0.01679528955438553, -0.01973837489463892], [-0.2542825036195411, 0.6058622335137037, -0.753837755989161, -0.06400573215855848], [-0.3152094546300253, 0.6849791557542685, 0.6568459148796019, 0.5134309299918861], [0.0, 0.0, 0.0, 1.0]]}, "intrinsic": [[1387.14196777, 0.0, 949.0501709], [0.0, 1385.58874512, 538.76617432], [0.0, 0.0, 1.0]], "distortion": [0.0, 0.0, 0.0, 0.0, 0.0, 0.0, 0.0, 0.0]}