{"objects": [21, 29], "object_poses": {"21": [[0.38240042767444654, -0.1625234718241183, 0.9095911356321833, 0.02294814475434309], [-0.10582848857389547, -0.985635136564495, -0.13161956000405914, 0.06637662916466086], [0.9179162510384961, -0.0459292790682921, -0.3941069111341528, 0.5653368231433487], [0.0, 0.0, 0.0, 1.0]], "29": [[0.9135849233761469, 0.39378252138625336, 0.10147863632559781, -0.018489360605512983], [-0.20148272013273602, 0.655099050911173, -0.7281826329865364, -0.06605633567827646], [-0.3532241515917771, 0.6448104832785954, 0.6778289897800945, 0.516431271070672], [0.0, 0.0, 0.0, 1.0]]}, "intrinsic": [[1387.14196777, 0.0, 949.0501709], [0.0, 1385.58874512, 538.76617432], [0.0, 0.0, 1.0]], "distortion": [0.0, 0.0, 0.0, 0.0, 0.0, 0.0, 0.0, 0.0]}