{"objects": [21, 29], "object_poses": {"21": [[0.47964525085577264, -0.04287273620614566, 0.8764144920194497, 0.008147210651005599], [-0.08359156518562608, -0.996495588251522, -0.002998803941216195, 0.08360661648551992], [0.8734717417073791, -0.07182249707061887, -0.481548175526834, 0.5568726011596817], [0.0, 0.0, 0.0, 1.0]], "29": [[0.892970799166523, 0.37019174668859445, 0.256049257994563, -0.021108381202256665], [-0.07297191856377133, 0.6803903929090772, -0.7292077977765766, -0.051507324255211706], [-0.44416016360885135, 0.6324768643363083, 0.6345823548935786, 0.506517428496911], [0.0, 0.0, 0.0, 1.0]]}, "intrinsic": [[1387.14196777, 0.0, 949.0501709], [0.0, 1385.58874512, 538.76617432], [0.0, 0.0, 1.0]], "distortion": [0.0, 0.0, 0.0, 0.0, 0.0, 0.0, 0.0, 0.0]}