{"objects": [21, 29], "object_poses": {"21": [[0.47909186785936925, -0.037314920126672715, 0.8769712531702332, 0.010422164002900691], [-0.05215190638007418, -0.9985410677336433, -0.013996953607374279, 0.0757560023662871], [0.876214106718185, -0.03902989604525205, -0.4803389494958263, 0.5594780273056339], [0.0, 0.0, 0.0, 1.0]], "29": [[0.8938686939155417, 0.36572026175633665, 0.25932112944883096, -0.018032743614863955], [-0.08260933202701161, 0.702869674143704, -0.7065054277436125, -0.06110137293910345], [-0.4406523077209425, 0.6101007386571579, 0.658485104152105, 0.513568473745879], [0.0, 0.0, 0.0, 1.0]]}, "intrinsic": [[1387.14196777, 0.0, 949.0501709], [0.0, 1385.58874512, 538.76617432], [0.0, 0.0, 1.0]], "distortion": [0.0, 0.0, 0.0, 0.0, 0.0, 0.0, 0.0, 0.0]}