{"objects": [21, 29], "object_poses": {"21": [[0.411936130473474, -0.12321408802237355, 0.9028437920943831, 0.020029175916595754], [-0.07285111165037501, -0.9920972698375576, -0.10215538513547275, 0.06800764453242408], [0.9082958438426589, -0.02369167984098145, -0.41765699367359826, 0.5632422624074132], [0.0, 0.0, 0.0, 1.0]], "29": [[0.9108391048631548, 0.3844822010630075, 0.15015179691848704, -0.017297528180364147], [-0.17101223711084373, 0.6826002362941684, -0.710501043046033, -0.06689668521845749], [-0.37566865694445345, 0.6214743393551346, 0.6874901495386385, 0.5179118198020791], [0.0, 0.0, 0.0, 1.0]]}, "intrinsic": [[1387.14196777, 0.0, 949.0501709], [0.0, 1385.58874512, 538.76617432], [0.0, 0.0, 1.0]], "distortion": [0.0, 0.0, 0.0, 0.0, 0.0, 0.0, 0.0, 0.0]}