{"objects": [21, 29], "object_poses": {"21": [[0.43643289042692823, -0.08765416989781107, 0.8954569105507711, 0.017401809577404365], [-0.04884330216931379, -0.996083743261819, -0.07369876690099636, 0.06939275179549642], [0.8984100756262678, -0.011572506602128788, -0.43900502628574917, 0.5618332117734898], [0.0, 0.0, 0.0, 1.0]], "29": [[0.9069730889065445, 0.37455057167651884, 0.19264393386798373, -0.016101127244139396], [-0.14179840005837827, 0.7022154475462142, -0.6977009953901204, -0.06721749256491583], [-0.39660185292081435, 0.605479425318708, 0.6900011853435574, 0.5186764694127397], [0.0, 0.0, 0.0, 1.0]]}, "intrinsic": [[1387.14196777, 0.0, 949.0501709], [0.0, 1385.58874512, 538.76617432], [0.0, 0.0, 1.0]], "distortion": [0.0, 0.0, 0.0, 0.0, 0.0, 0.0, 0.0, 0.0]}