{"objects": [21, 29], "object_poses": {"21": [[0.4682421575818714, -0.04405922520366122, 0.882501029199137, 0.011952462532618807], [-0.03619912856998736, -0.9988740842096322, -0.030662468673439344, 0.07277855484932838], [0.8828583719679222, -0.01758830773068759, -0.46930986190077545, 0.5603553000386184], [0.0, 0.0, 0.0, 1.0]], "29": [[0.8984289970739122, 0.3635016247832176, 0.24635727307457866, -0.016941889415130112], [-0.09850123604063483, 0.7135570753580962, -0.6936380949060381, -0.06485418266198051], [-0.4279285497781718, 0.5989180820332368, 0.6768857269128893, 0.5171157805947716], [0.0, 0.0, 0.0, 1.0]]}, "intrinsic": [[1387.14196777, 0.0, 949.0501709], [0.0, 1385.58874512, 538.76617432], [0.0, 0.0, 1.0]], "distortion": [0.0, 0.0, 0.0, 0.0, 0.0, 0.0, 0.0, 0.0]}