{"objects": [21, 29], "object_poses": {"21": [[0.31487370519098207, -0.2426691390019914, 0.9175871831904285, 0.04779179295153185], [-0.15161594568074743, -0.9672086532639508, -0.20376463399391523, 0.06085994202388556], [0.9369456519962283, -0.07496072323140134, -0.3413410833433196, 0.5670333625457421], [0.0, 0.0, 0.0, 1.0]], "29": [[0.9131019655746354, 0.40772236444096377, -0.0026970351177436017, -0.0016798637574166886], [-0.27429530363559307, 0.6093685232599719, -0.7439301642381687, -0.06679188551508991], [-0.3016734772352598, 0.6800238792826623, 0.6682519261013438, 0.5131364594853282], [0.0, 0.0, 0.0, 1.0]]}, "intrinsic": [[1387.14196777, 0.0, 949.0501709], [0.0, 1385.58874512, 538.76617432], [0.0, 0.0, 1.0]], "distortion": [0.0, 0.0, 0.0, 0.0, 0.0, 0.0, 0.0, 0.0]}