{"objects": [21, 29], "object_poses": {"21": [[0.31877212845096026, -0.23862633893432506, 0.9173013684115249, 0.03504186117321967], [-0.17382325688730793, -0.9660938966383792, -0.19091374555848245, 0.0593635860358907], [0.9317563015552595, -0.09859033038225276, -0.3494426151275568, 0.571782140548324], [0.0, 0.0, 0.0, 1.0]], "29": [[0.9132663323790867, 0.40735258330750584, 0.0029118749239520863, -0.014047638241642568], [-0.2624441522304673, 0.5938249982761777, -0.7605885473646965, -0.06710783223180355], [-0.3115568537248072, 0.6938557085554671, 0.6492276816357258, 0.5148390860146212], [0.0, 0.0, 0.0, 1.0]]}, "intrinsic": [[1387.14196777, 0.0, 949.0501709], [0.0, 1385.58874512, 538.76617432], [0.0, 0.0, 1.0]], "distortion": [0.0, 0.0, 0.0, 0.0, 0.0, 0.0, 0.0, 0.0]}