{"objects": [21, 29], "object_poses": {"21": [[0.26362818440880037, -0.22355117058592539, 0.9383629652298692, 0.06294826204934412], [-0.018051668476959933, -0.9737484853013028, -0.22690972795061923, 0.04616074808034448], [0.9644554513561111, 0.042880782444929634, -0.2607430168698554, 0.5667456603918551], [0.0, 0.0, 0.0, 1.0]], "29": [[0.9326974298772442, 0.3594636530470297, -0.029349385657747452, 0.01851756549326189], [-0.2915944400351019, 0.7036976842106285, -0.6479060516596707, -0.0886209853192031], [-0.21224558144050076, 0.6128584268611255, 0.7611546240970359, 0.5279241766949807], [0.0, 0.0, 0.0, 1.0]]}, "intrinsic": [[1387.14196777, 0.0, 949.0501709], [0.0, 1385.58874512, 538.76617432], [0.0, 0.0, 1.0]], "distortion": [0.0, 0.0, 0.0, 0.0, 0.0, 0.0, 0.0, 0.0]}