{"objects": [21, 29], "object_poses": {"21": [[0.3248158927216967, -0.2363606042681032, 0.9157665098623309, 0.04161128269465614], [-0.1731214983179832, -0.9667678774343035, -0.1881191589958739, 0.058414806284792786], [0.9297976030596907, -0.09743477772949696, -0.35494067311772104, 0.5700979572980854], [0.0, 0.0, 0.0, 1.0]], "29": [[0.9121675258373302, 0.40971842549639725, 0.009012026219210118, -0.007442982219721617], [-0.2596708553460203, 0.5948454895382586, -0.7607429858104942, -0.06818618392183351], [-0.3170511815018003, 0.6915848866081103, 0.6489906724472777, 0.5134130525748365], [0.0, 0.0, 0.0, 1.0]]}, "intrinsic": [[1387.14196777, 0.0, 949.0501709], [0.0, 1385.58874512, 538.76617432], [0.0, 0.0, 1.0]], "distortion": [0.0, 0.0, 0.0, 0.0, 0.0, 0.0, 0.0, 0.0]}