{"objects": [21, 29], "object_poses": {"21": [[0.2620773096480262, -0.2256737699237306, 0.9382893121719302, 0.07859952926326763], [-0.019665068061480124, -0.9733202604991845, -0.22860655196197577, 0.0345389079951926], [0.9648465001573006, 0.04146106692088583, -0.2595230453427834, 0.5738509151595537], [0.0, 0.0, 0.0, 1.0]], "29": [[0.9324111862300036, 0.359987633748194, -0.03191055219755359, 0.03394523823300527], [-0.29333222483380483, 0.7022647986914111, -0.6486758500152222, -0.10010602859670253], [-0.2111056268014309, 0.6141930120632255, 0.7603955275154417, 0.5348118911730192], [0.0, 0.0, 0.0, 1.0]]}, "intrinsic": [[1387.14196777, 0.0, 949.0501709], [0.0, 1385.58874512, 538.76617432], [0.0, 0.0, 1.0]], "distortion": [0.0, 0.0, 0.0, 0.0, 0.0, 0.0, 0.0, 0.0]}