{"objects": [21, 29], "object_poses": {"21": [[0.35757589372747356, -0.19340531468119426, 0.9136377096410133, 0.02139609367700568], [-0.1322189729930534, -0.9789499233105178, -0.15548373172457666, 0.07342021344401983], [0.9244769458486584, -0.06520300532496175, -0.37562074582074584, 0.566677228347902], [0.0, 0.0, 0.0, 1.0]], "29": [[0.9144166871399875, 0.39997543038627964, 0.06214320049095823, -0.023193925314052455], [-0.22605084756365773, 0.6319666841483534, -0.741295571578771, -0.056823539242610466], [-0.33577244764229813, 0.6638055176132958, 0.6682956667452322, 0.51475801086966], [0.0, 0.0, 0.0, 1.0]]}, "intrinsic": [[1387.14196777, 0.0, 949.0501709], [0.0, 1385.58874512, 538.76617432], [0.0, 0.0, 1.0]], "distortion": [0.0, 0.0, 0.0, 0.0, 0.0, 0.0, 0.0, 0.0]}