{"objects": [21, 29], "object_poses": {"21": [[0.29883920787616003, -0.2504350500382519, 0.9208568909164433, 0.04917877813936722], [-0.11283680113193165, -0.9674555368386986, -0.22648982438614332, 0.059246305142726385], [0.9476090882564733, -0.03622250615974176, -0.31737193622191323, 0.5650723245638187], [0.0, 0.0, 0.0, 1.0]], "29": [[0.915101035393061, 0.4027286309947192, -0.019993618974234732, -0.000630376912074293], [-0.29516103696148943, 0.635249444349216, -0.7136792737034199, -0.0702293783818233], [-0.2747181415239701, 0.658989979613607, 0.7001872245953104, 0.5160579848254914], [0.0, 0.0, 0.0, 1.0]]}, "intrinsic": [[1387.14196777, 0.0, 949.0501709], [0.0, 1385.58874512, 538.76617432], [0.0, 0.0, 1.0]], "distortion": [0.0, 0.0, 0.0, 0.0, 0.0, 0.0, 0.0, 0.0]}