{"objects": [21, 29], "object_poses": {"21": [[0.26696674085184036, -0.23314471887165583, 0.93507876638346, 0.05312118784955122], [-0.03335540090238031, -0.9719489603402954, -0.2328145951697773, 0.05516045862547053], [0.9631283281627585, 0.030963826567192376, -0.26725468178262024, 0.5614616437483365], [0.0, 0.0, 0.0, 1.0]], "29": [[0.9289427181355636, 0.3687449313514599, -0.033054531089354765, 0.007199338822374335], [-0.2980713705340029, 0.6919604876269372, -0.6575288142972002, -0.07864937903213837], [-0.2195879880387576, 0.6206592133898509, 0.7527039632839672, 0.5210460381108903], [0.0, 0.0, 0.0, 1.0]]}, "intrinsic": [[1387.14196777, 0.0, 949.0501709], [0.0, 1385.58874512, 538.76617432], [0.0, 0.0, 1.0]], "distortion": [0.0, 0.0, 0.0, 0.0, 0.0, 0.0, 0.0, 0.0]}