{"objects": [21, 29], "object_poses": {"21": [[0.3266387460093714, -0.23471395886771038, 0.9155416359281986, 0.04874021521237171], [-0.17415628073638378, -0.9670341348174541, -0.18578097851484834, 0.05563941933587291], [0.928965402738712, -0.09876406031807512, -0.3567477272583435, 0.5690814570915477], [0.0, 0.0, 0.0, 1.0]], "29": [[0.9121372843100997, 0.40972407412150974, 0.011478573808927132, -0.0001692690451167711], [-0.2574060785419211, 0.5943874813941294, -0.7618698266053221, -0.07095267634970664], [-0.31897912988326427, 0.6919752199661667, 0.6476284503105931, 0.5122517666940838], [0.0, 0.0, 0.0, 1.0]]}, "intrinsic": [[1387.14196777, 0.0, 949.0501709], [0.0, 1385.58874512, 538.76617432], [0.0, 0.0, 1.0]], "distortion": [0.0, 0.0, 0.0, 0.0, 0.0, 0.0, 0.0, 0.0]}