{"objects": [21, 29], "object_poses": {"21": [[0.2861776505251138, -0.2380619553192777, 0.9281319183012179, 0.050834338206517504], [-0.07304344419806917, -0.9712455010124537, -0.22659839368971432, 0.057097715591867104], [0.955388406670089, -0.0029465560639947586, -0.29533762071187786, 0.5632586353237468], [0.0, 0.0, 0.0, 1.0]], "29": [[0.9225848125884917, 0.3851879413406016, -0.021622058802673087, 0.003335764156228216], [-0.2936723391588508, 0.6648358013317686, -0.6868405306041017, -0.0747658187354393], [-0.25018757122216173, 0.6400184427915687, 0.7264864569230598, 0.5185014702105214], [0.0, 0.0, 0.0, 1.0]]}, "intrinsic": [[1387.14196777, 0.0, 949.0501709], [0.0, 1385.58874512, 538.76617432], [0.0, 0.0, 1.0]], "distortion": [0.0, 0.0, 0.0, 0.0, 0.0, 0.0, 0.0, 0.0]}