{"objects": [21, 29], "object_poses": {"21": [[0.28903141246629954, -0.1932428372806981, 0.937612952367581, 0.07508713120912255], [-0.02114237217600635, -0.9804643819567133, -0.19555714206599104, 0.030174564437047136], [0.9570861208410187, 0.0366987949932064, -0.28747061717598243, 0.600392385286892], [0.0, 0.0, 0.0, 1.0]], "29": [[0.9351402375220358, 0.3541430691169786, 0.009768457588391509, 0.03369864786042412], [-0.2609338595317939, 0.7071414127048816, -0.6571640155909296, -0.1054306359808096], [-0.23963776229361228, 0.611991592290418, 0.7536843064896328, 0.5610791163208104], [0.0, 0.0, 0.0, 1.0]]}, "intrinsic": [[1387.14196777, 0.0, 949.0501709], [0.0, 1385.58874512, 538.76617432], [0.0, 0.0, 1.0]], "distortion": [0.0, 0.0, 0.0, 0.0, 0.0, 0.0, 0.0, 0.0]}