{"objects": [21, 29], "object_poses": {"21": [[0.2610021198074247, -0.22684322607531165, 0.9383070095868334, 0.09402451913410631], [-0.019326726910770194, -0.9730312857371273, -0.22986212085438637, 0.02346628001176082], [0.9651447410015501, 0.0418600974736789, -0.25834736529825, 0.5799653132008695], [0.0, 0.0, 0.0, 1.0]], "29": [[0.9323013121583013, 0.36012878254235686, -0.03348915245999235, 0.04925729298414411], [-0.2945487866400379, 0.7022565179625366, -0.6481333159682693, -0.11115291071225675], [-0.20989348640872224, 0.6141197301534149, 0.7607901691001914, 0.5409668644788912], [0.0, 0.0, 0.0, 1.0]]}, "intrinsic": [[1387.14196777, 0.0, 949.0501709], [0.0, 1385.58874512, 538.76617432], [0.0, 0.0, 1.0]], "distortion": [0.0, 0.0, 0.0, 0.0, 0.0, 0.0, 0.0, 0.0]}