{"objects": [21, 29], "object_poses": {"21": [[0.2559078638528186, -0.23274382698343266, 0.9382651417480049, 0.11281260925681], [-0.021762322221812003, -0.9717255103352743, -0.2351083450138927, 0.006456615534221721], [0.9664561896691456, 0.03974724600226246, -0.2537372457591413, 0.5860760528697603], [0.0, 0.0, 0.0, 1.0]], "29": [[0.9316315621118388, 0.3610612396591032, -0.04119968073791077, 0.06746023612602883], [-0.29980429369648753, 0.699558110152986, -0.6486415312022059, -0.12786143456168608], [-0.20537774455432758, 0.6166467641486688, 0.7599781248870016, 0.5467170167927466], [0.0, 0.0, 0.0, 1.0]]}, "intrinsic": [[1387.14196777, 0.0, 949.0501709], [0.0, 1385.58874512, 538.76617432], [0.0, 0.0, 1.0]], "distortion": [0.0, 0.0, 0.0, 0.0, 0.0, 0.0, 0.0, 0.0]}