{"objects": [21, 29], "object_poses": {"21": [[0.26426701400688896, -0.22455582978316582, 0.9379432949908472, 0.10538487487831197], [-0.018242465812922576, -0.9735065458700043, -0.22793029107454044, 0.015031395018912375], [0.9642770129734244, 0.04312405893065913, -0.2613621200411385, 0.5880166852708683], [0.0, 0.0, 0.0, 1.0]], "29": [[0.9322421681946433, 0.36062893637299637, -0.029517962162913833, 0.060784583697362254], [-0.29260446510056676, 0.7033721852850386, -0.6478041339560672, -0.1197066640145592], [-0.21285480225491624, 0.612547417934188, 0.7612348480851292, 0.549238089041256], [0.0, 0.0, 0.0, 1.0]]}, "intrinsic": [[1387.14196777, 0.0, 949.0501709], [0.0, 1385.58874512, 538.76617432], [0.0, 0.0, 1.0]], "distortion": [0.0, 0.0, 0.0, 0.0, 0.0, 0.0, 0.0, 0.0]}