{"objects": [21, 29], "object_poses": {"21": [[0.25668796167304214, -0.23374737470530757, 0.9378024606229857, 0.11841583807628445], [-0.01883461688388768, -0.9713389912327363, -0.23695109478078963, 0.007229460017307177], [0.966310792415659, 0.043159343476875174, -0.25373356800326907, 0.5858138029475688], [0.0, 0.0, 0.0, 1.0]], "29": [[0.9311400661051241, 0.362320027050022, -0.041259850850874726, 0.07288746751294148], [-0.30147936764501815, 0.7012102389009512, -0.6460761501130037, -0.12716963607245924], [-0.20515449831315755, 0.6140263828688084, 0.7621569608439814, 0.5469375827715703], [0.0, 0.0, 0.0, 1.0]]}, "intrinsic": [[1387.14196777, 0.0, 949.0501709], [0.0, 1385.58874512, 538.76617432], [0.0, 0.0, 1.0]], "distortion": [0.0, 0.0, 0.0, 0.0, 0.0, 0.0, 0.0, 0.0]}