{"objects": [21, 29], "object_poses": {"21": [[0.31919394150270747, -0.16527894695904471, 0.9331656323504877, 0.06975714748793563], [-0.04197704270163677, -0.9861738759937141, -0.1603091207435399, 0.029975507004265434], [0.9467592912636207, 0.01199816651208752, -0.3217186478996174, 0.6028684582607838], [0.0, 0.0, 0.0, 1.0]], "29": [[0.9339634254540047, 0.353693464589517, 0.05111998651119542, 0.030865085157515376], [-0.22714804536145136, 0.6979664602616192, -0.6791513718151113, -0.10548756930596237], [-0.2758914377118501, 0.6226907366072982, 0.7322159252165706, 0.5606254411416414], [0.0, 0.0, 0.0, 1.0]]}, "intrinsic": [[1387.14196777, 0.0, 949.0501709], [0.0, 1385.58874512, 538.76617432], [0.0, 0.0, 1.0]], "distortion": [0.0, 0.0, 0.0, 0.0, 0.0, 0.0, 0.0, 0.0]}