{"objects": [21, 29], "object_poses": {"21": [[0.2768011686340946, -0.20735814316290138, 0.9382876496612558, 0.08577897951563362], [-0.017893718907149275, -0.9773828342190612, -0.21071926869081986, 0.028590904596239808], [0.9607605986230252, 0.04153788437025229, -0.27425111904160526, 0.5962386719294885], [0.0, 0.0, 0.0, 1.0]], "29": [[0.9343083449301777, 0.35635796881941073, -0.008770099928449486, 0.042992003577212834], [-0.2756908920504033, 0.7067796157481349, -0.6515037273902438, -0.10672121171288729], [-0.22597001711355963, 0.6111232059264585, 0.7585947393331138, 0.5574157930941638], [0.0, 0.0, 0.0, 1.0]]}, "intrinsic": [[1387.14196777, 0.0, 949.0501709], [0.0, 1385.58874512, 538.76617432], [0.0, 0.0, 1.0]], "distortion": [0.0, 0.0, 0.0, 0.0, 0.0, 0.0, 0.0, 0.0]}