{"objects": [21, 29], "object_poses": {"21": [[0.2570776407160844, -0.23086073648016245, 0.9384105748528728, 0.09613604811363496], [-0.019545019180278442, -0.972090172087098, -0.23379197923993406, 0.010012294114399967], [0.9661930857075602, 0.041761437756870357, -0.25441482552592176, 0.5845810357057117], [0.0, 0.0, 0.0, 1.0]], "29": [[0.9319557616683078, 0.3604590777649675, -0.039085950801952485, 0.050991590009759724], [-0.29841345143646975, 0.7013437280516674, -0.6473533711384934, -0.12446152515772191], [-0.20593171269873814, 0.6149684775494006, 0.7611871657651267, 0.5455159632758773], [0.0, 0.0, 0.0, 1.0]]}, "intrinsic": [[1387.14196777, 0.0, 949.0501709], [0.0, 1385.58874512, 538.76617432], [0.0, 0.0, 1.0]], "distortion": [0.0, 0.0, 0.0, 0.0, 0.0, 0.0, 0.0, 0.0]}