{"objects": [21, 29], "object_poses": {"21": [[0.2649502398335476, -0.22218716293464527, 0.9383145714733464, 0.09614074467685418], [-0.016226095973509515, -0.9739803485435988, -0.22605086697545665, 0.02276097430463292], [0.9641255541793334, 0.04466704912965933, -0.26166155716964834, 0.5908457069503756], [0.0, 0.0, 0.0, 1.0]], "29": [[0.932801079895917, 0.35934429852575095, -0.027455791047910297, 0.051838621671583374], [-0.2906689861625703, 0.7051132769546773, -0.6467818852947798, -0.1121392477556018], [-0.21305794007324005, 0.6112993880082679, 0.7621806691280454, 0.5522897471465102], [0.0, 0.0, 0.0, 1.0]]}, "intrinsic": [[1387.14196777, 0.0, 949.0501709], [0.0, 1385.58874512, 538.76617432], [0.0, 0.0, 1.0]], "distortion": [0.0, 0.0, 0.0, 0.0, 0.0, 0.0, 0.0, 0.0]}