{"objects": [21, 29], "object_poses": {"21": [[0.3064722676178061, -0.1796574124002692, 0.9347716102614851, 0.07121210590800356], [-0.038791089241591546, -0.9835686233965087, -0.17631793574493557, 0.031211042469734274], [0.9510888499907111, 0.017775748635281544, -0.30840561308738434, 0.6014335301756157], [0.0, 0.0, 0.0, 1.0]], "29": [[0.9340194731590272, 0.3557887270083595, 0.03196882064642808, 0.03090687909256465], [-0.24278349188698714, 0.6978994853378139, -0.6737896440524935, -0.10402163368847572], [-0.2620377832048507, 0.621571146449862, 0.7382313391302905, 0.5597811347881141], [0.0, 0.0, 0.0, 1.0]]}, "intrinsic": [[1387.14196777, 0.0, 949.0501709], [0.0, 1385.58874512, 538.76617432], [0.0, 0.0, 1.0]], "distortion": [0.0, 0.0, 0.0, 0.0, 0.0, 0.0, 0.0, 0.0]}