{"objects": [21, 29], "object_poses": {"21": [[0.309646793656238, -0.16647421893070466, 0.9361651550927503, 0.06979595299421987], [-0.01892116304426212, -0.9854382143020362, -0.16897785470964544, 0.027414492829040515], [0.9506633751057555, 0.03461011737388429, -0.30828766924400836, 0.6032053702623361], [0.0, 0.0, 0.0, 1.0]], "29": [[0.9364303687811598, 0.3482040898953852, 0.0430357549547662, 0.031180237284613388], [-0.23466861949079637, 0.7127877476502646, -0.6609570831952376, -0.1090146102840186], [-0.26082331845654205, 0.6088411439610495, 0.7491886664716226, 0.5639213229266404], [0.0, 0.0, 0.0, 1.0]]}, "intrinsic": [[1387.14196777, 0.0, 949.0501709], [0.0, 1385.58874512, 538.76617432], [0.0, 0.0, 1.0]], "distortion": [0.0, 0.0, 0.0, 0.0, 0.0, 0.0, 0.0, 0.0]}