{"objects": [21, 29], "object_poses": {"21": [[0.2402570310939871, -0.17164890300829758, 0.9554125878938173, 0.10818028477571895], [0.16672985669307258, -0.9623174433509493, -0.21481688273878172, 0.0005909399529211434], [0.9562832811970586, 0.210907070337978, -0.20258453490935913, 0.6020377726892698], [0.0, 0.0, 0.0, 1.0]], "29": [[0.9520483457159693, 0.30566420872786154, -0.013165824025693, 0.07206566665849629], [-0.270200381494553, 0.8198455155084438, -0.5048218344534057, -0.14124127622742227], [-0.14351202479131045, 0.484172203047092, 0.8631231525899614, 0.5869823131249934], [0.0, 0.0, 0.0, 1.0]]}, "intrinsic": [[1387.14196777, 0.0, 949.0501709], [0.0, 1385.58874512, 538.76617432], [0.0, 0.0, 1.0]], "distortion": [0.0, 0.0, 0.0, 0.0, 0.0, 0.0, 0.0, 0.0]}