{"objects": [21, 29], "object_poses": {"21": [[0.24922056838227463, -0.1641568150575805, 0.9544326316536845, 0.09954335296367092], [0.144540550494081, -0.9681859343128271, -0.20426459767094599, 0.005500564980530642], [0.9575996749989458, 0.18886115712066717, -0.21756453243338908, 0.6012113299059906], [0.0, 0.0, 0.0, 1.0]], "29": [[0.9519849144031306, 0.3061414923755808, -0.001452375617963129, 0.06405614070163637], [-0.2611026665734762, 0.8094358568846856, -0.5259648192584601, -0.13612405808468175], [-0.1598440498019934, 0.5010897925875333, 0.8505050849392325, 0.5830334873888525], [0.0, 0.0, 0.0, 1.0]]}, "intrinsic": [[1387.14196777, 0.0, 949.0501709], [0.0, 1385.58874512, 538.76617432], [0.0, 0.0, 1.0]], "distortion": [0.0, 0.0, 0.0, 0.0, 0.0, 0.0, 0.0, 0.0]}