{"objects": [21, 29], "object_poses": {"21": [[0.26751249897329743, -0.1585228681843175, 0.9504249382016917, 0.08185313899534394], [0.0927577878843876, -0.9775560794059047, -0.1891562962297557, 0.012987574377517297], [0.9590792749715005, 0.13876098831869949, -0.24680423910654742, 0.6008029187804171], [0.0, 0.0, 0.0, 1.0]], "29": [[0.9492137159173273, 0.31421779402166544, 0.016139994875987527, 0.046301248622929475], [-0.24907071982567516, 0.7817757945914227, -0.5716558261021045, -0.1275398123419883], [-0.19224228993631273, 0.5386035507784165, 0.8203347591373503, 0.575595246856846], [0.0, 0.0, 0.0, 1.0]]}, "intrinsic": [[1387.14196777, 0.0, 949.0501709], [0.0, 1385.58874512, 538.76617432], [0.0, 0.0, 1.0]], "distortion": [0.0, 0.0, 0.0, 0.0, 0.0, 0.0, 0.0, 0.0]}