{"objects": [21, 29], "object_poses": {"21": [[0.2575272196510196, -0.16040857891030258, 0.9528634839003979, 0.09373021035395165], [0.12028770453352781, -0.9731316762381359, -0.19633035638947471, 0.007760764357903072], [0.958754712779485, 0.1651781720262736, -0.23131271519133806, 0.6005932423138571], [0.0, 0.0, 0.0, 1.0]], "29": [[0.9510553755889453, 0.3089339367556289, 0.007314047036986171, 0.058379366175876996], [-0.25464903564356994, 0.7969082755156777, -0.5478056854948099, -0.13342853701594287], [-0.1750643916083128, 0.5191310269433991, 0.8365736283528865, 0.5790709505089664], [0.0, 0.0, 0.0, 1.0]]}, "intrinsic": [[1387.14196777, 0.0, 949.0501709], [0.0, 1385.58874512, 538.76617432], [0.0, 0.0, 1.0]], "distortion": [0.0, 0.0, 0.0, 0.0, 0.0, 0.0, 0.0, 0.0]}