{"objects": [21, 29], "object_poses": {"21": [[0.3024269646127357, -0.1620652151798755, 0.9392937757186715, 0.06298691823409752], [0.00031217820752981764, -0.98542248413861, -0.1701247492249878, 0.025539239911078093], [0.9531725098951903, 0.051743538560863486, -0.29796773751080385, 0.6031087555988067], [0.0, 0.0, 0.0, 1.0]], "29": [[0.9395058318179857, 0.34014036147661014, 0.040414433988054554, 0.0253205454752089], [-0.23491735982104306, 0.7257023294476886, -0.6466606243532375, -0.1117851525402242], [-0.24928422740864117, 0.5980473756557834, 0.7617064463666546, 0.5660876041831467], [0.0, 0.0, 0.0, 1.0]]}, "intrinsic": [[1387.14196777, 0.0, 949.0501709], [0.0, 1385.58874512, 538.76617432], [0.0, 0.0, 1.0]], "distortion": [0.0, 0.0, 0.0, 0.0, 0.0, 0.0, 0.0, 0.0]}