{"objects": [21, 29], "object_poses": {"21": [[0.27851034311269296, -0.15882170393959, 0.9472104597907405, 0.0742556423237466], [0.06510183800558644, -0.9808423548275872, -0.18360290211370697, 0.017801300112117335], [0.9582242636604162, 0.11280044917466824, -0.26283515594084683, 0.6010984921093077], [0.0, 0.0, 0.0, 1.0]], "29": [[0.9465007960203621, 0.32178445068032013, 0.02431070614369403, 0.03815139332589518], [-0.24503810638131876, 0.765688153292582, -0.5947083136533933, -0.12189790309615162], [-0.20998230771638016, 0.5569348428746134, 0.8035738990524415, 0.5723247909509933], [0.0, 0.0, 0.0, 1.0]]}, "intrinsic": [[1387.14196777, 0.0, 949.0501709], [0.0, 1385.58874512, 538.76617432], [0.0, 0.0, 1.0]], "distortion": [0.0, 0.0, 0.0, 0.0, 0.0, 0.0, 0.0, 0.0]}