{"objects": [21, 29], "object_poses": {"21": [[0.28705602173484707, -0.1631892896485471, 0.9439110636759037, 0.06829567513133436], [0.036483556025688944, -0.9828045799670709, -0.18100858470105, 0.021921891434553475], [0.957218778819913, 0.08639683639902568, -0.2761662472764496, 0.6014913556392663], [0.0, 0.0, 0.0, 1.0]], "29": [[0.943319448361243, 0.330706990895424, 0.027951824919908313, 0.03118608392337316], [-0.2439117218775579, 0.7479210873642289, -0.6173500781620135, -0.11671652755119905], [-0.22506774596592613, 0.5755405574317186, 0.7861918191364075, 0.5690941787162533], [0.0, 0.0, 0.0, 1.0]]}, "intrinsic": [[1387.14196777, 0.0, 949.0501709], [0.0, 1385.58874512, 538.76617432], [0.0, 0.0, 1.0]], "distortion": [0.0, 0.0, 0.0, 0.0, 0.0, 0.0, 0.0, 0.0]}