{"objects": [21, 29], "object_poses": {"21": [[0.22292923158850256, -0.17237737537837514, 0.9594730836042423, 0.11428954396776439], [0.17340324368941282, -0.9615334387821383, -0.21303699486660424, -0.004334736749554313], [0.9592882115304829, 0.21386791849519385, -0.18446311462507525, 0.6033216729129404], [0.0, 0.0, 0.0, 1.0]], "29": [[0.955242348499768, 0.2946112073881425, -0.026763634169678488, 0.07887887535188762], [-0.2680643703573742, 0.8237897393526595, -0.49951172026509183, -0.14637112333678898], [-0.12511414379505784, 0.4843291255113493, 0.8658936130979669, 0.5885210146677733], [0.0, 0.0, 0.0, 1.0]]}, "intrinsic": [[1387.14196777, 0.0, 949.0501709], [0.0, 1385.58874512, 538.76617432], [0.0, 0.0, 1.0]], "distortion": [0.0, 0.0, 0.0, 0.0, 0.0, 0.0, 0.0, 0.0]}