{"objects": [21, 29], "object_poses": {"21": [[0.20638786387984254, -0.17321207423826623, 0.9630169401320018, 0.12300115572496381], [0.15672845805145438, -0.9656467334819308, -0.2072741579466616, -0.005549189034695701], [0.9658365493601551, 0.1937110308004223, -0.17215050527462628, 0.6043231847218095], [0.0, 0.0, 0.0, 1.0]], "29": [[0.9579508904385111, 0.28415690235611546, -0.03981138469659117, 0.08824338296195858], [-0.2633678107415331, 0.8157090733448981, -0.5150301971030717, -0.14738603638309444], [-0.11387487770923513, 0.5038586731477336, 0.8562470144301362, 0.5863923169822277], [0.0, 0.0, 0.0, 1.0]]}, "intrinsic": [[1387.14196777, 0.0, 949.0501709], [0.0, 1385.58874512, 538.76617432], [0.0, 0.0, 1.0]], "distortion": [0.0, 0.0, 0.0, 0.0, 0.0, 0.0, 0.0, 0.0]}