{"objects": [21, 29], "object_poses": {"21": [[0.2184185969861386, -0.15814880036086212, 0.9629549695780367, 0.12206566428165902], [0.14894864998094418, -0.9698154706243312, -0.19306023051516433, -0.019593370916753283], [0.9644208708647192, 0.1855987873940317, -0.18826968411936232, 0.5763342221667251], [0.0, 0.0, 0.0, 1.0]], "29": [[0.9594471120563269, 0.28111779564863787, -0.020833245941141065, 0.0888473534935196], [-0.24983844139657163, 0.8138076381139172, -0.5246883659354272, -0.16166233888832093], [-0.13054498216064708, 0.5086156831214588, 0.8510394200714666, 0.5573536473875379], [0.0, 0.0, 0.0, 1.0]]}, "intrinsic": [[1387.14196777, 0.0, 949.0501709], [0.0, 1385.58874512, 538.76617432], [0.0, 0.0, 1.0]], "distortion": [0.0, 0.0, 0.0, 0.0, 0.0, 0.0, 0.0, 0.0]}