{"objects": [21, 29], "object_poses": {"21": [[0.20910322093855946, -0.17079668590853825, 0.9628625733072146, 0.1230039383601769], [0.14734861810486324, -0.9678843047927406, -0.20368690993401556, -0.011260068260884881], [0.9667286215560754, 0.1844680585319348, -0.17722106998252724, 0.5925076322571246], [0.0, 0.0, 0.0, 1.0]], "29": [[0.9580833720644569, 0.2841962510553697, -0.036176554005216674, 0.08845642573810839], [-0.26037643984921927, 0.8111133758552597, -0.5237358122948436, -0.15297437822381393], [-0.11950046755165213, 0.5112020954522462, 0.8511122463342771, 0.5732505874570799], [0.0, 0.0, 0.0, 1.0]]}, "intrinsic": [[1387.14196777, 0.0, 949.0501709], [0.0, 1385.58874512, 538.76617432], [0.0, 0.0, 1.0]], "distortion": [0.0, 0.0, 0.0, 0.0, 0.0, 0.0, 0.0, 0.0]}