{"objects": [21, 29], "object_poses": {"21": [[0.12932699951509505, -0.1319853129681738, 0.9827789193695222, 0.13811638245652055], [0.16576381716580704, -0.9742782828903412, -0.15265708108985962, -0.04861185888969355], [0.9776486506486087, 0.18265186735686223, -0.10412209773149912, 0.5614209797033118], [0.0, 0.0, 0.0, 1.0]], "29": [[0.9768033561594488, 0.2021577603683388, -0.07062183315740968, 0.11269113512233989], [-0.20908298531370673, 0.8291464204469595, -0.5184597561164332, -0.19212892747251142], [-0.0462548229697451, 0.521199053513013, 0.8521807542823214, 0.5413282478217953], [0.0, 0.0, 0.0, 1.0]]}, "intrinsic": [[1387.14196777, 0.0, 949.0501709], [0.0, 1385.58874512, 538.76617432], [0.0, 0.0, 1.0]], "distortion": [0.0, 0.0, 0.0, 0.0, 0.0, 0.0, 0.0, 0.0]}