{"objects": [21, 29], "object_poses": {"21": [[0.1807139865807753, -0.13829669357414465, 0.9737640779986461, 0.13286674108303878], [0.1565101409896887, -0.9734054515887169, -0.16729137032364164, -0.04323965566853938], [0.971003105464382, 0.18263584359000765, -0.15426314470636018, 0.5596830221364879], [0.0, 0.0, 0.0, 1.0]], "29": [[0.9697862757758652, 0.2412534787520914, -0.036212405427025536, 0.10416898733932409], [-0.22404112852784294, 0.8220111735070096, -0.5235486637912561, -0.18618817121973058], [-0.0965409345550691, 0.515843377024125, 0.8512258562423902, 0.5399480054694565], [0.0, 0.0, 0.0, 1.0]]}, "intrinsic": [[1387.14196777, 0.0, 949.0501709], [0.0, 1385.58874512, 538.76617432], [0.0, 0.0, 1.0]], "distortion": [0.0, 0.0, 0.0, 0.0, 0.0, 0.0, 0.0, 0.0]}