{"objects": [21, 29], "object_poses": {"21": [[0.22580659232017583, -0.14357735473925345, 0.9635335625035791, 0.12831181651995613], [0.14966982289577058, -0.9722231056462981, -0.17994770618661227, -0.035781383883338846], [0.9626060081773337, 0.18484527598387224, -0.19804518920526207, 0.5589866031912665], [0.0, 0.0, 0.0, 1.0]], "29": [[0.9613335247010333, 0.27532852613078723, -0.005661888779821518, 0.09678063701872244], [-0.23689518830734457, 0.8163068935591935, -0.5268052062048904, -0.17823287294685125], [-0.14042266214088447, 0.5077767799204665, 0.84996718626714, 0.5399953411499738], [0.0, 0.0, 0.0, 1.0]]}, "intrinsic": [[1387.14196777, 0.0, 949.0501709], [0.0, 1385.58874512, 538.76617432], [0.0, 0.0, 1.0]], "distortion": [0.0, 0.0, 0.0, 0.0, 0.0, 0.0, 0.0, 0.0]}