{"objects": [21, 29], "object_poses": {"21": [[0.20767158759912538, -0.14164273406774203, 0.9678893777647753, 0.13060814670579332], [0.15306070250272938, -0.9725679843585815, -0.1751683109185686, -0.04093537114724022], [0.9661495396952958, 0.18452330933112174, -0.18029480097901254, 0.5579833979575491], [0.0, 0.0, 0.0, 1.0]], "29": [[0.9649610347382033, 0.2617685986607483, -0.018094258541952433, 0.1001898711326786], [-0.23199686732588012, 0.818929619110864, -0.5249111662880899, -0.18359811691039374], [-0.122587336164758, 0.5107166334653037, 0.8509646674885539, 0.5387641489205048], [0.0, 0.0, 0.0, 1.0]]}, "intrinsic": [[1387.14196777, 0.0, 949.0501709], [0.0, 1385.58874512, 538.76617432], [0.0, 0.0, 1.0]], "distortion": [0.0, 0.0, 0.0, 0.0, 0.0, 0.0, 0.0, 0.0]}