{"objects": [21, 29], "object_poses": {"21": [[0.11889031935261, -0.13737901378149034, 0.9833575639291487, 0.14664762538251844], [0.1715752294991309, -0.9726409028695421, -0.15662571528152744, -0.0557386245699526], [0.9779708751218295, 0.1873410810195009, -0.09206675173964769, 0.5650769502163663], [0.0, 0.0, 0.0, 1.0]], "29": [[0.9765375615247323, 0.19913034954624512, -0.08198472309485037, 0.1209569446637763], [-0.21266004744555558, 0.8317770012278473, -0.5127599091669254, -0.19929486468519747], [-0.03391305282338103, 0.518164186448668, 0.8546085540937429, 0.545611470534276], [0.0, 0.0, 0.0, 1.0]]}, "intrinsic": [[1387.14196777, 0.0, 949.0501709], [0.0, 1385.58874512, 538.76617432], [0.0, 0.0, 1.0]], "distortion": [0.0, 0.0, 0.0, 0.0, 0.0, 0.0, 0.0, 0.0]}