{"objects": [21, 29], "object_poses": {"21": [[0.10901619493611495, -0.143210344502135, 0.9836697954442037, 0.15041930515478147], [0.16927689501732493, -0.972439116691064, -0.16033557665847095, -0.05527485769577534], [0.9795207001666413, 0.18399174317531525, -0.08176940985701413, 0.5680228909849012], [0.0, 0.0, 0.0, 1.0]], "29": [[0.9760033289771669, 0.19680040578603605, -0.09320462492794754, 0.12437611592060788], [-0.21645109252940292, 0.8300145694019437, -0.5140279555854368, -0.19869190474451343], [-0.02379971361874092, 0.5218672387331551, 0.8526946456784562, 0.548007572815931], [0.0, 0.0, 0.0, 1.0]]}, "intrinsic": [[1387.14196777, 0.0, 949.0501709], [0.0, 1385.58874512, 538.76617432], [0.0, 0.0, 1.0]], "distortion": [0.0, 0.0, 0.0, 0.0, 0.0, 0.0, 0.0, 0.0]}