{"objects": [21, 29], "object_poses": {"21": [[0.1182393644721915, -0.13979720340776, 0.9830952113648975, 0.15198491117802546], [0.17238080790965413, -0.9721181691633747, -0.158968934848512, -0.06028480423503013], [0.9779081295058496, 0.18826313261450162, -0.09084427964680816, 0.5671025882407992], [0.0, 0.0, 0.0, 1.0]], "29": [[0.9760854299510956, 0.20047526493151704, -0.084064865359093, 0.12598753809651417], [-0.21492347999409622, 0.831891020157284, -0.5116299720783665, -0.20380344373323261], [-0.03263634759635489, 0.5174620746801848, 0.8550835456744904, 0.547767470953393], [0.0, 0.0, 0.0, 1.0]]}, "intrinsic": [[1387.14196777, 0.0, 949.0501709], [0.0, 1385.58874512, 538.76617432], [0.0, 0.0, 1.0]], "distortion": [0.0, 0.0, 0.0, 0.0, 0.0, 0.0, 0.0, 0.0]}