{"objects": [21, 29], "object_poses": {"21": [[0.22489759262603332, -0.14791548486475037, 0.9630898619382572, 0.12240587506368492], [0.1487034968649675, -0.9716220603655585, -0.1839506505319436, -0.027049882955219484], [0.9629685056382414, 0.18458488873204362, -0.1965199124786953, 0.5644120010330794], [0.0, 0.0, 0.0, 1.0]], "29": [[0.9605613001060858, 0.2779159263674755, -0.00920470585264739, 0.09031238489872631], [-0.24089000116259282, 0.8151406851349571, -0.5267994597354944, -0.16936842243191508], [-0.138902829627083, 0.5082404955422491, 0.8499397641083565, 0.5453659709657922], [0.0, 0.0, 0.0, 1.0]]}, "intrinsic": [[1387.14196777, 0.0, 949.0501709], [0.0, 1385.58874512, 538.76617432], [0.0, 0.0, 1.0]], "distortion": [0.0, 0.0, 0.0, 0.0, 0.0, 0.0, 0.0, 0.0]}