{"objects": [21, 29], "object_poses": {"21": [[0.11971081523153522, -0.14224078713883087, 0.9825664757107978, 0.10018343095878326], [0.16896282695728565, -0.9723269356943688, -0.16134402136369605, 0.0054052726636436565], [0.9783255510428042, 0.1853318337397349, -0.09236464463994734, 0.5666669096706441], [0.0, 0.0, 0.0, 1.0]], "29": [[0.9754646864914398, 0.20326287252676173, -0.08457452370747165, 0.07377692302472114], [-0.21746337185289408, 0.8297022393913234, -0.5141049268888628, -0.13798045532395237], [-0.034326772504047615, 0.5198830624296226, 0.8535474644612698, 0.5469048399595163], [0.0, 0.0, 0.0, 1.0]]}, "intrinsic": [[1387.14196777, 0.0, 949.0501709], [0.0, 1385.58874512, 538.76617432], [0.0, 0.0, 1.0]], "distortion": [0.0, 0.0, 0.0, 0.0, 0.0, 0.0, 0.0, 0.0]}