{"objects": [21, 29], "object_poses": {"21": [[0.11586207867611066, -0.1426660556969727, 0.9829661109502859, 0.14023696878026268], [0.1689088693852703, -0.9723867344424503, -0.16103984762581236, -0.03990081690917291], [0.9787981265653517, 0.18469010594025875, -0.0885651861621462, 0.5668545914188837], [0.0, 0.0, 0.0, 1.0]], "29": [[0.9756560351231901, 0.20099367663721748, -0.0877316538061924, 0.11395055652502936], [-0.21716666987573904, 0.8297155523107842, -0.5142088483765148, -0.18329266654688575], [-0.030560409401642116, 0.5207433573320679, 0.8531661134689653, 0.5469771660500007], [0.0, 0.0, 0.0, 1.0]]}, "intrinsic": [[1387.14196777, 0.0, 949.0501709], [0.0, 1385.58874512, 538.76617432], [0.0, 0.0, 1.0]], "distortion": [0.0, 0.0, 0.0, 0.0, 0.0, 0.0, 0.0, 0.0]}