{"objects": [21, 29], "object_poses": {"21": [[0.11343374214728728, -0.14199567515164868, 0.9833463349098833, 0.14414596570037422], [0.16796100022378338, -0.9727487446980474, -0.15984048952692317, -0.04204909264535717], [0.9792455711139526, 0.18329513885154772, -0.08649279465425382, 0.5664295537455911], [0.0, 0.0, 0.0, 1.0]], "29": [[0.975966687978149, 0.19887024074965717, -0.08910472098129556, 0.11806616019285102], [-0.21603929007552716, 0.8293665304681589, -0.5152457503782831, -0.18544834377515412], [-0.028566573134376893, 0.5221128091546804, 0.8523978914896354, 0.5463345650375762], [0.0, 0.0, 0.0, 1.0]]}, "intrinsic": [[1387.14196777, 0.0, 949.0501709], [0.0, 1385.58874512, 538.76617432], [0.0, 0.0, 1.0]], "distortion": [0.0, 0.0, 0.0, 0.0, 0.0, 0.0, 0.0, 0.0]}