{"objects": [21, 29], "object_poses": {"21": [[0.08623821185605741, -0.1652589069991222, 0.9824726278494157, 0.10117681604526385], [0.17968522173606347, -0.9673948490104348, -0.17849489403830948, 0.0050763730524892026], [0.9799368305689578, 0.1919288924720344, -0.053731818589424135, 0.5684644941656468], [0.0, 0.0, 0.0, 1.0]], "29": [[0.9722895657867987, 0.1977469386683092, -0.12469622492060585, 0.07312301004865934], [-0.23373272975103318, 0.8329677158448572, -0.5015314500640429, -0.13810532414941712], [0.004691620750550758, 0.516779384851528, 0.8561057505280638, 0.549509399690584], [0.0, 0.0, 0.0, 1.0]]}, "intrinsic": [[1387.14196777, 0.0, 949.0501709], [0.0, 1385.58874512, 538.76617432], [0.0, 0.0, 1.0]], "distortion": [0.0, 0.0, 0.0, 0.0, 0.0, 0.0, 0.0, 0.0]}