{"objects": [21, 29], "object_poses": {"21": [[0.06465526021090799, -0.1710022802797832, 0.9831469460188467, 0.10626163832214022], [0.18686735652560593, -0.9657058222144717, -0.18025774881044734, 0.0020914049574443094], [0.9802552159474563, 0.19537268253313533, -0.03048321714673215, 0.5692882658362094], [0.0, 0.0, 0.0, 1.0]], "29": [[0.9715782172689501, 0.1874767859830984, -0.1445275836854538, 0.07841429449247025], [-0.2350441637125886, 0.8365221328998148, -0.49495955619969967, -0.1411884767915752], [0.028107095779471257, 0.514862288273478, 0.8568120069657355, 0.5507758111450786], [0.0, 0.0, 0.0, 1.0]]}, "intrinsic": [[1387.14196777, 0.0, 949.0501709], [0.0, 1385.58874512, 538.76617432], [0.0, 0.0, 1.0]], "distortion": [0.0, 0.0, 0.0, 0.0, 0.0, 0.0, 0.0, 0.0]}