{"objects": [21, 29], "object_poses": {"21": [[0.10509820248150345, -0.1523764290989923, 0.9827185719676856, 0.09916871071587913], [0.17324587953158105, -0.9702748690999274, -0.16897497926750707, 0.0071879110370602906], [0.9792549377258651, 0.18801090991792446, -0.07557555617624236, 0.5678901111794887], [0.0, 0.0, 0.0, 1.0]], "29": [[0.9742652358044127, 0.20092261488780797, -0.1021633649095249, 0.07203074238496848], [-0.2247342117004619, 0.8309321362127219, -0.508965931178447, -0.13610411484578078], [-0.017371942734230757, 0.5188274162335851, 0.8547024790943515, 0.5484418196264055], [0.0, 0.0, 0.0, 1.0]]}, "intrinsic": [[1387.14196777, 0.0, 949.0501709], [0.0, 1385.58874512, 538.76617432], [0.0, 0.0, 1.0]], "distortion": [0.0, 0.0, 0.0, 0.0, 0.0, 0.0, 0.0, 0.0]}