{"objects": [21, 29], "object_poses": {"21": [[0.15959756116766757, -0.13782032153777854, 0.9775142850314602, 0.13563014061015918], [0.16074642435853867, -0.973362688445907, -0.1634798574666274, -0.0462661141892009], [0.9740067789934936, 0.18322291262991147, -0.13319218731642943, 0.5601728732890453], [0.0, 0.0, 0.0, 1.0]], "29": [[0.9725749566737041, 0.22675393636514737, -0.05177456898973709, 0.10798174309963585], [-0.22004253091490658, 0.8248991260783014, -0.5206944558796717, -0.18941035001547762], [-0.07536072080150959, 0.5178069950649336, 0.8521717418584773, 0.5403586381061417], [0.0, 0.0, 0.0, 1.0]]}, "intrinsic": [[1387.14196777, 0.0, 949.0501709], [0.0, 1385.58874512, 538.76617432], [0.0, 0.0, 1.0]], "distortion": [0.0, 0.0, 0.0, 0.0, 0.0, 0.0, 0.0, 0.0]}