{"objects": [21, 29], "object_poses": {"21": [[0.12001236340961785, -0.14417739686407838, 0.9822473776306795, 0.10279650455599149], [0.17028650044788518, -0.971745494040443, -0.1634417406212851, 0.0030881468536981815], [0.978059067947357, 0.18687849808258197, -0.09207000901677094, 0.5650936512907583], [0.0, 0.0, 0.0, 1.0]], "29": [[0.9750321818614931, 0.20489190695590093, -0.08562447546356196, 0.07610604349344896], [-0.21945415176060074, 0.8301259820466574, -0.5125726574897629, -0.14027623855795768], [-0.03394288746511256, 0.5185654832275837, 0.8543639271384784, 0.5455595187305661], [0.0, 0.0, 0.0, 1.0]]}, "intrinsic": [[1387.14196777, 0.0, 949.0501709], [0.0, 1385.58874512, 538.76617432], [0.0, 0.0, 1.0]], "distortion": [0.0, 0.0, 0.0, 0.0, 0.0, 0.0, 0.0, 0.0]}