{"objects": [21, 29], "object_poses": {"21": [[0.11664197074460689, -0.14417503044106694, 0.9826536578358329, 0.12764048952219217], [0.169755662291356, -0.9719535659551892, -0.16275527870708872, -0.024716412036751012], [0.9785589740944791, 0.18579511894642706, -0.08889605162686222, 0.5672034046439448], [0.0, 0.0, 0.0, 1.0]], "29": [[0.9752807378234487, 0.20262866836923335, -0.08814252767807469, 0.10110742845725759], [-0.21880840245476313, 0.8299347254119179, -0.5131580990013198, -0.16808570128714834], [-0.03082799775790978, 0.5197595350836437, 0.8537562065624369, 0.5474916411147116], [0.0, 0.0, 0.0, 1.0]]}, "intrinsic": [[1387.14196777, 0.0, 949.0501709], [0.0, 1385.58874512, 538.76617432], [0.0, 0.0, 1.0]], "distortion": [0.0, 0.0, 0.0, 0.0, 0.0, 0.0, 0.0, 0.0]}