{"objects": [21, 29], "object_poses": {"21": [[0.11773780284264906, -0.14464288135126155, 0.9824541957039019, 0.11601152027497891], [0.16985574487114724, -0.9718223184228036, -0.1634331892535972, -0.009050213015680986], [0.9784103616152352, 0.1861177538273546, -0.08985180017232304, 0.5666710053880186], [0.0, 0.0, 0.0, 1.0]], "29": [[0.9751017957597649, 0.20370863961832483, -0.08763149006466033, 0.08936218626655179], [-0.2194707320524811, 0.8298929737624458, -0.51294273547062, -0.15240519908534544], [-0.031766108959827406, 0.5194039297546621, 0.8539382132666132, 0.5470121392725567], [0.0, 0.0, 0.0, 1.0]]}, "intrinsic": [[1387.14196777, 0.0, 949.0501709], [0.0, 1385.58874512, 538.76617432], [0.0, 0.0, 1.0]], "distortion": [0.0, 0.0, 0.0, 0.0, 0.0, 0.0, 0.0, 0.0]}