{"objects": [21, 29], "object_poses": {"21": [[0.044115236910905, -0.1877173302349189, 0.9812319041907371, 0.1503970023266845], [0.19143781463298604, -0.9623981121488389, -0.19272113755606754, -0.01606750621328945], [0.9805128295952295, 0.19634683002746223, -0.006520225251142778, 0.5929780885795686], [0.0, 0.0, 0.0, 1.0]], "29": [[0.9676066722212773, 0.18597388638323553, -0.17073676070606625, 0.12117927399317655], [-0.24703492453646952, 0.8369310149883181, -0.48838532145212327, -0.15908717070779504], [0.052067974150567874, 0.5147428384486264, 0.8557620792800512, 0.5745658651945333], [0.0, 0.0, 0.0, 1.0]]}, "intrinsic": [[1387.14196777, 0.0, 949.0501709], [0.0, 1385.58874512, 538.76617432], [0.0, 0.0, 1.0]], "distortion": [0.0, 0.0, 0.0, 0.0, 0.0, 0.0, 0.0, 0.0]}