{"objects": [21, 29], "object_poses": {"21": [[0.054920637522566595, -0.17741408493831617, 0.9826026491108327, 0.1259962379417575], [0.19239985899824302, -0.9637653012647082, -0.1847667132781507, -0.013662002260619754], [0.979778555507097, 0.19920011682640842, -0.018796159841152474, 0.5791191128586523], [0.0, 0.0, 0.0, 1.0]], "29": [[0.9701582443078238, 0.18565461773110248, -0.15596584214724413, 0.09770973001410219], [-0.23915262815473345, 0.8387312205153801, -0.48921974630985093, -0.15692519980518282], [0.039987516155204156, 0.5119202112125577, 0.8581017981008066, 0.5611513709404737], [0.0, 0.0, 0.0, 1.0]]}, "intrinsic": [[1387.14196777, 0.0, 949.0501709], [0.0, 1385.58874512, 538.76617432], [0.0, 0.0, 1.0]], "distortion": [0.0, 0.0, 0.0, 0.0, 0.0, 0.0, 0.0, 0.0]}