{"objects": [21, 29], "object_poses": {"21": [[0.044317086374509436, -0.1883670010492625, 0.9810982972011479, 0.1516756797907937], [0.1901928824510125, -0.9625108725990587, -0.19338947125834263, -0.00786702573625575], [0.9807459728799561, 0.1951683710141421, -0.006829614589165182, 0.5975677416982109], [0.0, 0.0, 0.0, 1.0]], "29": [[0.9674397849773689, 0.18658767974005414, -0.17101257325759434, 0.12235801603874033], [-0.2477663672967018, 0.8361644515039559, -0.4893269226986125, -0.15084359694870902], [0.05169225937754104, 0.5157654969172729, 0.8551689087602127, 0.5789805222309572], [0.0, 0.0, 0.0, 1.0]]}, "intrinsic": [[1387.14196777, 0.0, 949.0501709], [0.0, 1385.58874512, 538.76617432], [0.0, 0.0, 1.0]], "distortion": [0.0, 0.0, 0.0, 0.0, 0.0, 0.0, 0.0, 0.0]}