{"objects": [21, 29], "object_poses": {"21": [[0.04282685644712291, -0.1868037682537711, 0.9814633016741175, 0.11887930244379719], [0.192362532264155, -0.9624420984094753, -0.19157730395350922, 0.06308654349190279], [0.9803889618655353, 0.1970014197293142, -0.005284323689469033, 0.6001139417478916], [0.0, 0.0, 0.0, 1.0]], "29": [[0.9678380665877355, 0.18443535767413446, -0.171093762900194, 0.08984899349944009], [-0.2458548141394538, 0.8376063933023291, -0.48782265247067846, -0.07998359028290203], [0.05333748426938017, 0.5141975580831636, 0.8560116728369627, 0.581797609273111], [0.0, 0.0, 0.0, 1.0]]}, "intrinsic": [[1387.14196777, 0.0, 949.0501709], [0.0, 1385.58874512, 538.76617432], [0.0, 0.0, 1.0]], "distortion": [0.0, 0.0, 0.0, 0.0, 0.0, 0.0, 0.0, 0.0]}