{"objects": [21, 29], "object_poses": {"21": [[0.05170225768542364, -0.18482339836063438, 0.9814108150864588, 0.15228145307344174], [0.19196457968553077, -0.9625595593197048, -0.1913862453480396, -0.020033729212724394], [0.9800390179459131, 0.1982912155913352, -0.014286956391165045, 0.5888637864999073], [0.0, 0.0, 0.0, 1.0]], "29": [[0.9683293576917948, 0.18894468421232058, -0.16321201346752112, 0.12311280578257536], [-0.24569065847728008, 0.8374287632759058, -0.48821016660368366, -0.16310184554112572], [0.0444337188316987, 0.5128479041061815, 0.8573288003354907, 0.5707526253958783], [0.0, 0.0, 0.0, 1.0]]}, "intrinsic": [[1387.14196777, 0.0, 949.0501709], [0.0, 1385.58874512, 538.76617432], [0.0, 0.0, 1.0]], "distortion": [0.0, 0.0, 0.0, 0.0, 0.0, 0.0, 0.0, 0.0]}