{"objects": [21, 29], "object_poses": {"21": [[0.05092673841899943, -0.182626849133548, 0.9818624655671312, 0.13014310177305896], [0.19227814656067915, -0.9629521885486952, -0.18908251353436978, -0.016036779477449192], [0.9800181537447125, 0.19842005076311733, -0.013924862152607522, 0.5856039928500038], [0.0, 0.0, 0.0, 1.0]], "29": [[0.9688892070560939, 0.1868067922427905, -0.16234816544141145, 0.10131668612482239], [-0.2434059720964952, 0.8379711910249766, -0.48842380752779824, -0.15917659483651797], [0.04480220081638081, 0.5127450686102704, 0.8573711316681167, 0.5675114233553505], [0.0, 0.0, 0.0, 1.0]]}, "intrinsic": [[1387.14196777, 0.0, 949.0501709], [0.0, 1385.58874512, 538.76617432], [0.0, 0.0, 1.0]], "distortion": [0.0, 0.0, 0.0, 0.0, 0.0, 0.0, 0.0, 0.0]}