{"objects": [21, 29], "object_poses": {"21": [[0.04315473355301403, -0.18948573303139335, 0.9809346695624204, 0.142942642506719], [0.1908612375684062, -0.9622024336210224, -0.19426390485019523, 0.012802282475589566], [0.9806679646882664, 0.1956058120592163, -0.0053581081390489055, 0.6000910582174654], [0.0, 0.0, 0.0, 1.0]], "29": [[0.9671484974991824, 0.18662942184467024, -0.17260719187512966, 0.1135233714979097], [-0.24858642598953712, 0.8363707220344594, -0.4885578820746986, -0.13016162216980648], [0.05318432662768456, 0.5154158265182505, 0.8552882281287858, 0.5815670599200028], [0.0, 0.0, 0.0, 1.0]]}, "intrinsic": [[1387.14196777, 0.0, 949.0501709], [0.0, 1385.58874512, 538.76617432], [0.0, 0.0, 1.0]], "distortion": [0.0, 0.0, 0.0, 0.0, 0.0, 0.0, 0.0, 0.0]}