{"objects": [21, 29], "object_poses": {"21": [[0.04671740655705782, -0.18657861779478133, 0.9813286418455248, 0.12597820290061212], [0.19264395986550908, -0.9622761665080447, -0.19212726016347928, 0.05271218984510029], [0.9801560022016499, 0.1980227228183135, -0.00901180313270381, 0.5998089600606245], [0.0, 0.0, 0.0, 1.0]], "29": [[0.967899490911613, 0.18688537304859737, -0.16806080100233473, 0.0967976645572241], [-0.24637888584838585, 0.8376633511434518, -0.48746031095796893, -0.09034740085544413], [0.04967917170370263, 0.5132192197215716, 0.8568185411201281, 0.5816496720334241], [0.0, 0.0, 0.0, 1.0]]}, "intrinsic": [[1387.14196777, 0.0, 949.0501709], [0.0, 1385.58874512, 538.76617432], [0.0, 0.0, 1.0]], "distortion": [0.0, 0.0, 0.0, 0.0, 0.0, 0.0, 0.0, 0.0]}