{"objects": [21, 29], "object_poses": {"21": [[0.053015341735421814, -0.1756714386176593, 0.9830203045688777, 0.11343083874744961], [0.19146981842428962, -0.964351655688249, -0.18266141575031558, -0.005345383330527587], [0.9800656519709524, 0.19790257660107083, -0.017489654124975773, 0.5737774589197422], [0.0, 0.0, 0.0, 1.0]], "29": [[0.9706016261411162, 0.18309119761765402, -0.15623730888354825, 0.08547605651433524], [-0.23713633740335407, 0.8385762137069095, -0.49046538235426534, -0.14864900752826365], [0.04121699667807925, 0.5130960408733698, 0.857341012681023, 0.5556139930289703], [0.0, 0.0, 0.0, 1.0]]}, "intrinsic": [[1387.14196777, 0.0, 949.0501709], [0.0, 1385.58874512, 538.76617432], [0.0, 0.0, 1.0]], "distortion": [0.0, 0.0, 0.0, 0.0, 0.0, 0.0, 0.0, 0.0]}