{"objects": [21, 29], "object_poses": {"21": [[0.053707794107648074, -0.1829250058526256, 0.9816587569445496, 0.1411627823762231], [0.1919984273182267, -0.9628425493459513, -0.1899232188973326, -0.0176924355457736], [0.9799245260526037, 0.1986772946333175, -0.016590835957474185, 0.5876846650928581], [0.0, 0.0, 0.0, 1.0]], "29": [[0.9687955634758653, 0.1888956177833263, -0.16047928767213449, 0.11216503565957792], [-0.24424963613256856, 0.8376868529044639, -0.48849038037624865, -0.16080305674791218], [0.04215769726403643, 0.5124443209298745, 0.8576849925865107, 0.5696349882102278], [0.0, 0.0, 0.0, 1.0]]}, "intrinsic": [[1387.14196777, 0.0, 949.0501709], [0.0, 1385.58874512, 538.76617432], [0.0, 0.0, 1.0]], "distortion": [0.0, 0.0, 0.0, 0.0, 0.0, 0.0, 0.0, 0.0]}