{"objects": [21, 29], "object_poses": {"21": [[0.022373543630130006, -0.14787857581919178, 0.9887524216704247, 0.11265699839191079], [0.19037204007530345, -0.9702738562762491, -0.1494226561950742, 0.06135462567909067], [0.9814570346698832, 0.19157392996050457, 0.0064434817055585, 0.6070375407096056], [0.0, 0.0, 0.0, 1.0]], "29": [[0.976735255686079, 0.14201995296853873, -0.16068158966939317, 0.09000561985077571], [-0.20445056277710938, 0.8428083069868679, -0.4978695863919209, -0.08275670939702168], [0.06471636330937298, 0.5191382191986579, 0.8522366465291583, 0.5879025412625523], [0.0, 0.0, 0.0, 1.0]]}, "intrinsic": [[1387.14196777, 0.0, 949.0501709], [0.0, 1385.58874512, 538.76617432], [0.0, 0.0, 1.0]], "distortion": [0.0, 0.0, 0.0, 0.0, 0.0, 0.0, 0.0, 0.0]}