{"objects": [21, 29], "object_poses": {"21": [[-0.04007828767775797, -0.1358156969438131, 0.9899231421279615, 0.11968975413074326], [0.19539346965800933, -0.9726572270866212, -0.12553609286248155, 0.055787564902160414], [0.9799056703947712, 0.1883932457914555, 0.06551993641889986, 0.6103255279030957], [0.0, 0.0, 0.0, 1.0]], "29": [[0.9758015525448408, 0.09108409901152414, -0.19878384481228994, 0.1016379875148791], [-0.1805673072739052, 0.8483764166332926, -0.497647368368723, -0.08891444915185953], [0.1233157637731172, 0.5214989382613577, 0.844293834987168, 0.5907609961727257], [0.0, 0.0, 0.0, 1.0]]}, "intrinsic": [[1387.14196777, 0.0, 949.0501709], [0.0, 1385.58874512, 538.76617432], [0.0, 0.0, 1.0]], "distortion": [0.0, 0.0, 0.0, 0.0, 0.0, 0.0, 0.0, 0.0]}