{"objects": [21, 29], "object_poses": {"21": [[-0.07790600544066181, -0.13792846234765557, 0.9873734823210019, 0.12289182916053054], [0.1996161096686387, -0.9724863573655315, -0.12009868233534143, 0.05347607622894107], [0.9767722677661563, 0.18773924473145998, 0.10329527051430444, 0.6115502304970261], [0.0, 0.0, 0.0, 1.0]], "29": [[0.9713631104377801, 0.06713738835445887, -0.22791726298287002, 0.10631519959303559], [-0.17494028764701564, 0.8511894703469752, -0.4948458157127582, -0.09140475212760885], [0.16077811865623431, 0.520546882283804, 0.8385590855187147, 0.5920035945211342], [0.0, 0.0, 0.0, 1.0]]}, "intrinsic": [[1387.14196777, 0.0, 949.0501709], [0.0, 1385.58874512, 538.76617432], [0.0, 0.0, 1.0]], "distortion": [0.0, 0.0, 0.0, 0.0, 0.0, 0.0, 0.0, 0.0]}