{"objects": [21, 29], "object_poses": {"21": [[-0.10591022994980615, -0.13331365387633487, 0.9853986466817025, 0.12501637657849446], [0.20234426792949162, -0.9731277122642835, -0.10990565435575791, 0.05142922435448721], [0.9735706550775137, 0.18774963465591715, 0.13003943347505126, 0.6124662044958715], [0.0, 0.0, 0.0, 1.0]], "29": [[0.9684001419807506, 0.04483976316070426, -0.24533764621715265, 0.11039391924657077], [-0.16469656086204582, 0.8536818209552964, -0.49406719321431714, -0.09367859902250475], [0.18728643264234063, 0.5188610066387249, 0.8340905514019232, 0.5930442224281264], [0.0, 0.0, 0.0, 1.0]]}, "intrinsic": [[1387.14196777, 0.0, 949.0501709], [0.0, 1385.58874512, 538.76617432], [0.0, 0.0, 1.0]], "distortion": [0.0, 0.0, 0.0, 0.0, 0.0, 0.0, 0.0, 0.0]}