{"objects": [21, 29], "object_poses": {"21": [[-0.009457820737745794, -0.14575491634726784, 0.9892755197554948, 0.1168349827059619], [0.19288063091072963, -0.9710067845168204, -0.141219285658124, 0.05841473241173345], [0.9811766466067025, 0.18947645970651167, 0.03729690832649614, 0.6088633656384919], [0.0, 0.0, 0.0, 1.0]], "29": [[0.9759190108241033, 0.11903240038639287, -0.18279324924727544, 0.09596657951232798], [-0.19620623190345501, 0.8451850777077767, -0.49715721757041437, -0.0859241520289647], [0.09531630959268825, 0.5210503546475738, 0.848187083754096, 0.5894184115980541], [0.0, 0.0, 0.0, 1.0]]}, "intrinsic": [[1387.14196777, 0.0, 949.0501709], [0.0, 1385.58874512, 538.76617432], [0.0, 0.0, 1.0]], "distortion": [0.0, 0.0, 0.0, 0.0, 0.0, 0.0, 0.0, 0.0]}