{"objects": [21, 29], "object_poses": {"21": [[0.061601918778159216, -0.16702629888255574, 0.9840261272366987, 0.11662588209551034], [0.1886314636897961, -0.9661833577632328, -0.17580639945012613, 0.06319524910220897], [0.9801139599603185, 0.1964483002292661, -0.028012333496834376, 0.6010233503839562], [0.0, 0.0, 0.0, 1.0]], "29": [[0.9725764284329865, 0.18249769301160346, -0.14418627848029822, 0.08947502298616744], [-0.23055717061798817, 0.8381420421626549, -0.49432914969284586, -0.0802380672554393], [0.030634652489977994, 0.5140160592869324, 0.8572333456311418, 0.5826651190055404], [0.0, 0.0, 0.0, 1.0]]}, "intrinsic": [[1387.14196777, 0.0, 949.0501709], [0.0, 1385.58874512, 538.76617432], [0.0, 0.0, 1.0]], "distortion": [0.0, 0.0, 0.0, 0.0, 0.0, 0.0, 0.0, 0.0]}