{"objects": [21, 29], "object_poses": {"21": [[0.060838848705853696, -0.16818889017534, 0.9838755671881196, 0.11633417409876926], [0.18777421168487168, -0.9661737848661488, -0.1767740446546183, 0.06522807867066405], [0.9803262109697329, 0.19550118838261835, -0.027199364454206006, 0.6005813480954929], [0.0, 0.0, 0.0, 1.0]], "29": [[0.9723138020799772, 0.18284086526581242, -0.14551662542007765, 0.0890569207863319], [-0.23156082035016215, 0.8375406612968864, -0.49487900253813905, -0.07816289536562121], [0.03139198565806727, 0.5148736336842594, 0.8566911255366314, 0.5820802652156569], [0.0, 0.0, 0.0, 1.0]]}, "intrinsic": [[1387.14196777, 0.0, 949.0501709], [0.0, 1385.58874512, 538.76617432], [0.0, 0.0, 1.0]], "distortion": [0.0, 0.0, 0.0, 0.0, 0.0, 0.0, 0.0, 0.0]}