{"objects": [21, 29], "object_poses": {"21": [[0.06019477634659841, -0.16449434925781378, 0.9845395867931581, 0.11797415897631547], [0.19127309861202976, -0.9661497606461055, -0.17311626656912857, 0.06135599452268459], [0.9796893337420483, 0.19873663242022044, -0.02669382487270077, 0.6014926577261409], [0.0, 0.0, 0.0, 1.0]], "29": [[0.9731907944923431, 0.17968777208950543, -0.14356873641880305, 0.09124177323581034], [-0.22775094599241671, 0.8399433576182346, -0.4925694495120213, -0.08219870999158962], [0.03208089953444711, 0.5120619694475728, 0.8583492036057025, 0.5834722133500355], [0.0, 0.0, 0.0, 1.0]]}, "intrinsic": [[1387.14196777, 0.0, 949.0501709], [0.0, 1385.58874512, 538.76617432], [0.0, 0.0, 1.0]], "distortion": [0.0, 0.0, 0.0, 0.0, 0.0, 0.0, 0.0, 0.0]}