{"objects": [21, 29], "object_poses": {"21": [[0.04716635707533702, -0.1587606204668894, 0.9861898398124072, 0.12177491430802478], [0.19032222888152053, -0.9677737108387572, -0.1648984348105199, 0.05758280873290372], [0.980587978691262, 0.19547150687084308, -0.015430685267673638, 0.6044261712423393], [0.0, 0.0, 0.0, 1.0]], "29": [[0.974610822152406, 0.1667083324835417, -0.14947266380173965, 0.09644953140362311], [-0.21971198930282024, 0.8406504325085146, -0.4950085777841174, -0.08616213506555676], [0.04313220490569202, 0.5152816532769382, 0.8559348285332062, 0.585897108551665], [0.0, 0.0, 0.0, 1.0]]}, "intrinsic": [[1387.14196777, 0.0, 949.0501709], [0.0, 1385.58874512, 538.76617432], [0.0, 0.0, 1.0]], "distortion": [0.0, 0.0, 0.0, 0.0, 0.0, 0.0, 0.0, 0.0]}