{"objects": [21, 29], "object_poses": {"21": [[0.04335492672808647, -0.18862661058754857, 0.9810914086397182, 0.13542205636993226], [0.1911812283830981, -0.9623004259296757, -0.19346221380285614, 0.03362101168710263], [0.9805968020763345, 0.19595380076392044, -0.0056585973387200915, 0.6012163105500948], [0.0, 0.0, 0.0, 1.0]], "29": [[0.9673710083236858, 0.18613182230452244, -0.1718961226451393, 0.10611313470940537], [-0.2477790050495932, 0.8366728620918464, -0.48845070016909753, -0.10937230531543984], [0.05290460198760514, 0.5151052965798798, 0.8554926279775276, 0.5827444818701953], [0.0, 0.0, 0.0, 1.0]]}, "intrinsic": [[1387.14196777, 0.0, 949.0501709], [0.0, 1385.58874512, 538.76617432], [0.0, 0.0, 1.0]], "distortion": [0.0, 0.0, 0.0, 0.0, 0.0, 0.0, 0.0, 0.0]}